{"type":"FeatureCollection","features":[{"type":"Feature","geometry":{"type":"LineString","coordinates":[[28.60259,44.15152],[28.60283,44.15169],[28.60309,44.15186],[28.60333,44.15203],[28.60358,44.15219],[28.60388,44.15241],[28.60418,44.15263],[28.60467,44.15302],[28.60516,44.1534],[28.60602,44.15406],[28.60645,44.15439],[28.60687,44.15472],[28.60735,44.15509],[28.60788,44.15549],[28.60839,44.15589],[28.60861,44.15605],[28.60887,44.15625],[28.60915,44.15647],[28.60945,44.1567],[28.60976,44.15694],[28.61007,44.15718],[28.61037,44.15741],[28.6109,44.15781],[28.61143,44.15822],[28.61153,44.15825],[28.61174,44.15835],[28.61188,44.15835],[28.61192,44.15839],[28.61197,44.15843],[28.61196,44.15849],[28.61188,44.15857],[28.61175,44.15859],[28.61163,44.15857],[28.61149,44.15863],[28.61143,44.15865],[28.61136,44.15865],[28.61107,44.15879],[28.61055,44.15906],[28.61006,44.15931],[28.60986,44.15941],[28.60963,44.15952],[28.60822,44.1602],[28.60752,44.16054],[28.607,44.16079],[28.60649,44.16104],[28.60614,44.16121],[28.60607,44.16129],[28.60568,44.16149],[28.60523,44.16172],[28.6049,44.16189],[28.60424,44.16221],[28.60409,44.16229],[28.6039,44.16237],[28.60376,44.16244],[28.6036,44.16247],[28.60337,44.16259],[28.60263,44.16296],[28.60194,44.1633],[28.6015,44.16351],[28.60107,44.16372],[28.601,44.16375],[28.60029,44.1641],[28.59999,44.16424],[28.59961,44.16443],[28.59926,44.1646],[28.5989,44.16478],[28.59864,44.16491],[28.59836,44.16506],[28.59818,44.16516],[28.59797,44.16528],[28.59776,44.1654],[28.59772,44.16542],[28.59766,44.16548],[28.59759,44.16552],[28.5975,44.16556],[28.59734,44.16564],[28.59703,44.1658],[28.59681,44.16592],[28.59671,44.16597],[28.59662,44.16602],[28.5965,44.16609],[28.5964,44.16616],[28.59631,44.16625],[28.5962,44.16635],[28.59604,44.16649],[28.59592,44.16663],[28.59578,44.16679],[28.59568,44.16695],[28.59562,44.16707],[28.59553,44.16732],[28.59548,44.16752],[28.59547,44.16762],[28.59546,44.16772],[28.59541,44.16815],[28.59539,44.16834],[28.59537,44.16853],[28.59524,44.16974],[28.59521,44.16991],[28.59518,44.17009],[28.59514,44.17044],[28.59511,44.1708],[28.59508,44.17098],[28.59506,44.17118],[28.59497,44.17132],[28.59494,44.17164],[28.59493,44.17176],[28.59491,44.17188],[28.59488,44.17204],[28.59485,44.1722],[28.59482,44.17246],[28.59484,44.1725],[28.59484,44.17258],[28.59484,44.1728],[28.5949,44.17282],[28.59493,44.17284],[28.59496,44.17286],[28.59498,44.1729],[28.59499,44.17294],[28.59499,44.17297],[28.59496,44.17302],[28.59492,44.17305],[28.59482,44.17309],[28.59472,44.17326],[28.59467,44.17334],[28.59465,44.17356],[28.59464,44.17364],[28.59464,44.17374],[28.59463,44.17384],[28.59462,44.17406],[28.59463,44.17428],[28.59463,44.17434],[28.59466,44.17465],[28.59466,44.17475],[28.59468,44.17485],[28.5947,44.17506],[28.59474,44.17525],[28.59475,44.17534],[28.59477,44.17545],[28.59482,44.17564],[28.59486,44.17584],[28.59491,44.17597],[28.59495,44.17611],[28.595,44.17626],[28.59506,44.17642],[28.59521,44.1768],[28.5953,44.177],[28.59538,44.17718],[28.59563,44.17775],[28.59583,44.17815],[28.59589,44.17824],[28.59594,44.1783],[28.596,44.17835],[28.59611,44.17843],[28.59611,44.17851],[28.59611,44.17859],[28.59612,44.17864],[28.59612,44.17873],[28.59613,44.17882],[28.59641,44.17943],[28.59696,44.18066],[28.59724,44.18127],[28.59738,44.18157],[28.59752,44.18188],[28.5978,44.18249],[28.59807,44.1831],[28.59823,44.18344],[28.59838,44.18379],[28.59848,44.18401],[28.59852,44.18409],[28.59888,44.1849],[28.59904,44.18523],[28.59919,44.18557],[28.59943,44.18611],[28.59956,44.18633],[28.59966,44.18651],[28.59991,44.18704],[28.59995,44.18712],[28.59998,44.18721],[28.60027,44.18781],[28.60033,44.18795],[28.60039,44.18804],[28.60044,44.18818],[28.60049,44.18831],[28.60067,44.18886],[28.60073,44.18894],[28.60074,44.18899],[28.6008,44.1891],[28.60085,44.1892],[28.60089,44.18926],[28.60093,44.18933],[28.60094,44.1894],[28.60117,44.1899],[28.60149,44.19055],[28.60161,44.19078],[28.60168,44.19093],[28.60174,44.19104],[28.60177,44.1911],[28.60181,44.19114],[28.60195,44.19146],[28.60203,44.19161],[28.60216,44.19188],[28.60231,44.19216],[28.60239,44.19231],[28.60241,44.19236],[28.6025,44.19243],[28.60255,44.19249],[28.60263,44.19261],[28.60272,44.19272],[28.60278,44.19276],[28.603,44.19284],[28.60305,44.1929],[28.60306,44.19297],[28.60303,44.19302],[28.60299,44.19306],[28.603,44.19311],[28.60303,44.1932],[28.60307,44.19335],[28.60312,44.1935],[28.60317,44.19368],[28.60321,44.19382],[28.60321,44.19391],[28.60332,44.19412],[28.60343,44.19434],[28.60387,44.1952],[28.60409,44.19563],[28.6042,44.19584],[28.60432,44.19607],[28.60438,44.19613],[28.60451,44.19633],[28.60456,44.19636],[28.6046,44.19642],[28.6046,44.1965],[28.60466,44.19659],[28.60476,44.19674],[28.60483,44.19687],[28.60497,44.19715],[28.60512,44.19744],[28.6052,44.19759],[28.60531,44.1978],[28.60536,44.19788],[28.60549,44.19811],[28.60559,44.19826],[28.60562,44.19831],[28.60568,44.19837],[28.60574,44.19841],[28.60582,44.19844],[28.60589,44.19847],[28.60599,44.19847],[28.60609,44.1985],[28.60613,44.19854],[28.60615,44.19858],[28.60615,44.19863],[28.60612,44.1987],[28.60609,44.19877],[28.6061,44.19883],[28.60611,44.1989],[28.60611,44.19894],[28.60619,44.19907],[28.60626,44.19916],[28.6068,44.19971],[28.60726,44.20015],[28.6074,44.20029],[28.60799,44.20087],[28.60813,44.201],[28.60822,44.20102],[28.60829,44.20104],[28.60837,44.20105],[28.60851,44.20106],[28.60861,44.20107],[28.60868,44.20111],[28.60872,44.20119],[28.60869,44.20129],[28.60864,44.20132],[28.60865,44.20139],[28.60865,44.20145],[28.60865,44.2015],[28.60876,44.2016],[28.60887,44.20171],[28.60899,44.20183],[28.60962,44.20244],[28.60994,44.20276],[28.61005,44.20287],[28.61019,44.20292],[28.61042,44.20305],[28.61056,44.20315],[28.61068,44.20337],[28.61073,44.20345],[28.61078,44.20357],[28.61107,44.20383],[28.61165,44.20441],[28.61181,44.20457],[28.61199,44.20474],[28.61264,44.20538],[28.61297,44.20569],[28.61332,44.20605],[28.61358,44.2063],[28.61369,44.20641],[28.61381,44.20653],[28.6139,44.20663],[28.61395,44.20668],[28.614,44.20674],[28.61418,44.20696],[28.61428,44.20708],[28.61437,44.20718],[28.61447,44.20728],[28.61459,44.20738],[28.61471,44.20747],[28.61488,44.20759],[28.61497,44.2076],[28.61506,44.20761],[28.61514,44.20762],[28.61523,44.20762],[28.61531,44.20761],[28.6154,44.2076],[28.61561,44.20758],[28.61578,44.20755],[28.61588,44.20751],[28.61599,44.20748],[28.61622,44.20729],[28.61649,44.20707],[28.61679,44.20687],[28.61764,44.20632],[28.61768,44.20629],[28.61789,44.20615],[28.618,44.20608],[28.61813,44.206],[28.61849,44.20576],[28.61906,44.20539],[28.61966,44.205],[28.62005,44.20475],[28.62037,44.20455],[28.62054,44.20444],[28.6212,44.20401],[28.62138,44.20389],[28.62152,44.20381],[28.62162,44.20374],[28.62168,44.2037],[28.62172,44.20367],[28.62182,44.2036],[28.62199,44.2035],[28.62222,44.20335],[28.62243,44.20322],[28.62262,44.2031],[28.62272,44.20303],[28.62277,44.203],[28.62283,44.20302],[28.62289,44.20307],[28.62296,44.20313],[28.62309,44.20324],[28.62325,44.20337],[28.62341,44.20353],[28.62344,44.20357],[28.62372,44.20377],[28.6248,44.20519],[28.62515,44.20567],[28.62539,44.2062],[28.62654,44.20857],[28.6271,44.20976],[28.6275,44.2101],[28.62779,44.21019],[28.62811,44.21023],[28.62872,44.21027],[28.62886,44.20924],[28.62894,44.20894],[28.62903,44.20834],[28.62909,44.20802],[28.62938,44.2065],[28.6294,44.20639],[28.62959,44.2055],[28.62969,44.20507],[28.62975,44.20483],[28.62977,44.20472],[28.62981,44.20449],[28.62983,44.20441],[28.6299,44.20388],[28.63012,44.20341],[28.63031,44.20269],[28.63025,44.20255],[28.63019,44.20247],[28.63012,44.2024],[28.63002,44.20234],[28.62983,44.20224],[28.62967,44.20221],[28.62954,44.20217],[28.62928,44.20208],[28.62909,44.202],[28.62895,44.20194],[28.62887,44.20198],[28.62879,44.20196],[28.62875,44.20191],[28.62876,44.20186],[28.62854,44.20169],[28.62799,44.20134],[28.6275,44.20101]]},"properties":{"line":"1","dir":"0","mode":"bus"}},{"type":"Feature","geometry":{"type":"LineString","coordinates":[[28.62751,44.20101],[28.6269,44.20055],[28.62672,44.20042],[28.62645,44.2006],[28.62573,44.20107],[28.62563,44.20114],[28.6249,44.20163],[28.62413,44.20214],[28.62406,44.20218],[28.62395,44.20229],[28.62375,44.20243],[28.62335,44.20271],[28.62311,44.20287],[28.62287,44.20303],[28.62264,44.20318],[28.62251,44.20328],[28.6222,44.20347],[28.62206,44.20355],[28.62194,44.20362],[28.62176,44.20369],[28.6214,44.20392],[28.62124,44.20403],[28.6209,44.20425],[28.62056,44.20446],[28.62039,44.20457],[28.62008,44.20477],[28.61967,44.20504],[28.61886,44.20556],[28.61846,44.20583],[28.61807,44.20608],[28.618,44.20612],[28.61792,44.20618],[28.6176,44.20639],[28.61732,44.20657],[28.61682,44.20689],[28.61651,44.2071],[28.61626,44.2073],[28.61612,44.20741],[28.61601,44.2075],[28.61592,44.20762],[28.61586,44.20767],[28.61565,44.20784],[28.61545,44.20802],[28.61493,44.20766],[28.61481,44.20757],[28.61468,44.20749],[28.61445,44.2073],[28.61428,44.20714],[28.61412,44.20695],[28.61397,44.20676],[28.61383,44.20661],[28.6137,44.20647],[28.61356,44.20633],[28.6135,44.20627],[28.61345,44.20622],[28.61327,44.20604],[28.61261,44.20539],[28.61195,44.20475],[28.61128,44.2041],[28.61115,44.20398],[28.61102,44.20385],[28.61074,44.20359],[28.61061,44.2035],[28.61041,44.20331],[28.61036,44.20326],[28.61026,44.20319],[28.61026,44.20314],[28.61012,44.20302],[28.61001,44.20288],[28.60985,44.20272],[28.60927,44.20215],[28.6087,44.2016],[28.60856,44.20147],[28.60841,44.20134],[28.60837,44.20132],[28.60833,44.20129],[28.60831,44.20127],[28.60829,44.20123],[28.60826,44.20119],[28.60811,44.20103],[28.60782,44.20075],[28.60753,44.20047],[28.60695,44.19991],[28.60676,44.19971],[28.60656,44.19952],[28.60638,44.19934],[28.60638,44.19933],[28.60624,44.19919],[28.60608,44.199],[28.60597,44.19895],[28.60588,44.19883],[28.60578,44.19873],[28.60573,44.19868],[28.60572,44.19861],[28.60563,44.19852],[28.60551,44.19835],[28.60539,44.19817],[28.6053,44.19805],[28.60521,44.19792],[28.60505,44.19764],[28.60496,44.19746],[28.60477,44.19707],[28.60466,44.19689],[28.60461,44.19679],[28.60458,44.19674],[28.6045,44.19667],[28.60445,44.19662],[28.60436,44.19663],[28.60426,44.19661],[28.60415,44.19652],[28.60414,44.19646],[28.60416,44.19639],[28.60425,44.19632],[28.60426,44.19627],[28.60426,44.19622],[28.60426,44.19614],[28.60428,44.19609],[28.60416,44.19585],[28.60405,44.19564],[28.60383,44.19521],[28.6034,44.19436],[28.60317,44.19391],[28.60308,44.19384],[28.60295,44.19357],[28.6028,44.19325],[28.60271,44.19305],[28.60264,44.19292],[28.6026,44.19284],[28.60251,44.19268],[28.60242,44.19254],[28.60239,44.19247],[28.60238,44.19238],[28.60235,44.19232],[28.60227,44.19216],[28.60216,44.19195],[28.60204,44.19175],[28.60189,44.19168],[28.60185,44.19165],[28.6018,44.19159],[28.60177,44.19153],[28.60174,44.19147],[28.60171,44.1914],[28.60163,44.19127],[28.60156,44.19113],[28.60148,44.19097],[28.60139,44.19079],[28.60129,44.19059],[28.60119,44.19026],[28.60117,44.19015],[28.60121,44.19008],[28.60113,44.1899],[28.60101,44.18966],[28.60089,44.18941],[28.60084,44.18937],[28.60074,44.18926],[28.60069,44.18922],[28.60063,44.18919],[28.60056,44.18916],[28.60044,44.18917],[28.60038,44.18915],[28.60032,44.18913],[28.60024,44.18905],[28.60023,44.18898],[28.60024,44.18888],[28.60024,44.18877],[28.60024,44.18853],[28.60025,44.18832],[28.60026,44.18804],[28.60029,44.18795],[28.60019,44.18774],[28.6001,44.18754],[28.5998,44.1869],[28.59962,44.18651],[28.59949,44.18629],[28.59937,44.18606],[28.59926,44.18583],[28.59921,44.18571],[28.59915,44.18558],[28.59894,44.18512],[28.59867,44.18451],[28.59862,44.18441],[28.59853,44.1842],[28.59834,44.1838],[28.59819,44.18346],[28.59804,44.18311],[28.5979,44.18281],[28.59776,44.1825],[28.59748,44.18189],[28.59637,44.17945],[28.5961,44.17886],[28.596,44.17873],[28.59593,44.17862],[28.5959,44.17855],[28.59587,44.17844],[28.59585,44.17838],[28.59581,44.17828],[28.59576,44.17816],[28.59565,44.1779],[28.59553,44.17764],[28.59535,44.17724],[28.59515,44.17677],[28.59509,44.1766],[28.59503,44.17643],[28.59497,44.17629],[28.59491,44.17613],[28.59487,44.17599],[28.59483,44.17585],[28.59478,44.17567],[28.59473,44.17547],[28.59471,44.17537],[28.5947,44.17527],[28.59467,44.17506],[28.59464,44.17486],[28.59462,44.17477],[28.59461,44.17467],[28.59459,44.17428],[28.59459,44.17406],[28.59459,44.17384],[28.59459,44.17372],[28.59461,44.17359],[28.59462,44.17342],[28.59463,44.17333],[28.59462,44.17326],[28.59467,44.17306],[28.59461,44.17301],[28.59458,44.17292],[28.59463,44.17285],[28.5947,44.17281],[28.59475,44.17256],[28.59481,44.17219],[28.59486,44.17192],[28.5949,44.17164],[28.59493,44.17131],[28.59491,44.17117],[28.59496,44.17079],[28.59499,44.17041],[28.59502,44.16996],[28.59506,44.16973],[28.59508,44.16951],[28.59514,44.16898],[28.59522,44.16846],[28.59525,44.16812],[28.59528,44.16791],[28.59531,44.16771],[28.59534,44.16749],[28.59538,44.16733],[28.59543,44.16717],[28.59545,44.16709],[28.59549,44.167],[28.59556,44.16687],[28.59561,44.16677],[28.59566,44.16669],[28.59577,44.16654],[28.59589,44.16641],[28.59608,44.16625],[28.59619,44.16616],[28.59633,44.16606],[28.59649,44.16596],[28.59668,44.16586],[28.59695,44.16573],[28.59749,44.16545],[28.59758,44.16542],[28.59769,44.1654],[28.59774,44.16537],[28.59797,44.16524],[28.59815,44.16514],[28.59887,44.16476],[28.60024,44.16408],[28.60065,44.16388],[28.60099,44.16372],[28.60106,44.16369],[28.60192,44.16327],[28.60227,44.1631],[28.60263,44.16292],[28.60299,44.16274],[28.60334,44.16257],[28.60358,44.16245],[28.6038,44.16235],[28.60399,44.16213],[28.60439,44.16191],[28.60478,44.16174],[28.60515,44.16157],[28.60553,44.16139],[28.6067,44.16082],[28.60749,44.16052],[28.60819,44.16018],[28.60982,44.15938],[28.61001,44.15929],[28.61041,44.15909],[28.61103,44.15878],[28.61134,44.15862],[28.61138,44.15856],[28.61141,44.15853],[28.61147,44.1585],[28.61154,44.15846],[28.61155,44.15843],[28.61144,44.15832],[28.61141,44.15824],[28.61035,44.15744],[28.60977,44.15699],[28.6091,44.15648],[28.60857,44.15607],[28.60837,44.15591],[28.60761,44.15533],[28.60724,44.15504],[28.60686,44.15475],[28.60674,44.15466],[28.60514,44.15342],[28.60465,44.15304],[28.60438,44.15282],[28.60415,44.15265],[28.60356,44.15221],[28.60259,44.15156],[28.60243,44.15147],[28.60228,44.15139],[28.60195,44.15125],[28.60176,44.15117],[28.60172,44.15113],[28.60175,44.15109],[28.60182,44.15104],[28.60191,44.151],[28.60199,44.15105],[28.60227,44.15129],[28.60259,44.15152]]},"properties":{"line":"1","dir":"1","mode":"bus"}},{"type":"Feature","geometry":{"type":"LineString","coordinates":[[28.62373,44.21116],[28.62361,44.21131],[28.6234,44.21142],[28.62294,44.21112],[28.62261,44.21089],[28.62228,44.21067],[28.62197,44.21046],[28.62191,44.21041],[28.62161,44.21021],[28.62154,44.21015],[28.62146,44.21009],[28.621,44.20976],[28.62088,44.20967],[28.62067,44.20951],[28.62045,44.20931],[28.62028,44.20914],[28.62007,44.20892],[28.61997,44.20879],[28.61988,44.20865],[28.61983,44.20853],[28.61979,44.20842],[28.61976,44.20832],[28.61975,44.20819],[28.61974,44.20806],[28.61974,44.20794],[28.61976,44.20784],[28.61979,44.20774],[28.61987,44.20757],[28.61994,44.20745],[28.62003,44.20736],[28.6201,44.2073],[28.62022,44.20719],[28.62038,44.20708],[28.62068,44.20687],[28.62129,44.20647],[28.62156,44.20629],[28.62167,44.20621],[28.62215,44.20591],[28.62272,44.20553],[28.62293,44.20539],[28.62303,44.20533],[28.62329,44.20514],[28.62346,44.20502],[28.62373,44.20486],[28.62412,44.20459],[28.62412,44.20451],[28.62418,44.20444],[28.62401,44.20418],[28.62365,44.20376],[28.62331,44.20341],[28.62314,44.20328],[28.62283,44.20302],[28.62333,44.2027],[28.62448,44.20185],[28.62561,44.20113],[28.62572,44.20105],[28.62655,44.20049],[28.62675,44.20037],[28.62704,44.20017],[28.62822,44.19938],[28.62852,44.19918],[28.62878,44.19901],[28.62909,44.19881],[28.62922,44.19872],[28.62955,44.1985],[28.62999,44.19821],[28.63044,44.19792],[28.63093,44.19758],[28.63131,44.19734],[28.63168,44.19711],[28.63211,44.19683],[28.63254,44.19655],[28.63267,44.19646],[28.63328,44.19609],[28.63356,44.1959],[28.63384,44.19572],[28.63412,44.19554],[28.63467,44.19518],[28.63578,44.19447],[28.63602,44.19432],[28.63619,44.19421],[28.63627,44.19416],[28.6369,44.19375],[28.63753,44.19334],[28.63777,44.19319],[28.63797,44.19303],[28.63833,44.19274],[28.63847,44.19263],[28.63857,44.19253],[28.63871,44.19239],[28.63885,44.19225],[28.6392,44.19189],[28.63934,44.19172],[28.64069,44.19026],[28.64121,44.18966],[28.64173,44.18908],[28.64248,44.18816],[28.64279,44.18782],[28.64295,44.18766],[28.64302,44.18755],[28.6434,44.18707],[28.64381,44.18661],[28.64451,44.18589],[28.6447,44.18567],[28.64486,44.1855],[28.64671,44.18361],[28.65001,44.18029],[28.65173,44.17857],[28.64978,44.17762],[28.64951,44.17749],[28.64908,44.17728],[28.64898,44.17723],[28.64874,44.17711],[28.64861,44.17704],[28.64812,44.1768],[28.64725,44.17638],[28.64622,44.17588],[28.64581,44.17568],[28.64472,44.17513],[28.64425,44.17491],[28.64408,44.17482],[28.64391,44.17474],[28.64324,44.17442],[28.64257,44.17408],[28.64222,44.17391],[28.64216,44.17387],[28.64167,44.1735],[28.64142,44.1733],[28.64094,44.17294],[28.64086,44.17288],[28.64066,44.17273],[28.64045,44.17257],[28.63977,44.17207],[28.63878,44.17128],[28.63818,44.17085],[28.63809,44.17079],[28.6379,44.17068],[28.6377,44.17059],[28.63736,44.17045],[28.63708,44.17034],[28.63677,44.17024],[28.63602,44.17003],[28.63528,44.16981],[28.63378,44.16938],[28.63362,44.16934],[28.63334,44.16923],[28.63337,44.1691],[28.63346,44.16892],[28.63347,44.16885],[28.6336,44.16868],[28.63383,44.16833],[28.63388,44.16827],[28.63394,44.1682],[28.63408,44.1681],[28.63416,44.16805],[28.63423,44.16802],[28.63445,44.1679],[28.63473,44.16777],[28.6349,44.16771],[28.63495,44.16765],[28.63497,44.16757],[28.63498,44.1675],[28.63498,44.16741],[28.63498,44.16735],[28.63498,44.16729],[28.63489,44.16723],[28.63479,44.16716],[28.63474,44.16713],[28.63469,44.1671],[28.63464,44.16707],[28.63459,44.16703],[28.63452,44.16698],[28.63446,44.16692],[28.63432,44.16679],[28.63418,44.16664],[28.63413,44.16656],[28.63408,44.16648],[28.63404,44.1664],[28.63399,44.16631],[28.63393,44.16622],[28.63381,44.16602],[28.63343,44.16536],[28.63323,44.16501],[28.6332,44.16495],[28.63307,44.16471],[28.63294,44.16448],[28.63282,44.16425],[28.63276,44.16413],[28.6327,44.16402],[28.63267,44.16395],[28.63264,44.16387],[28.63257,44.16372],[28.6325,44.16356],[28.63248,44.16351],[28.63246,44.16346],[28.63237,44.1632],[28.63228,44.1629],[28.63222,44.16273],[28.63219,44.16263],[28.63211,44.16239],[28.63205,44.16218],[28.63199,44.16196],[28.63193,44.16171],[28.63187,44.16145],[28.63182,44.16116],[28.63177,44.16087],[28.63173,44.16058],[28.63169,44.16037],[28.63168,44.16032],[28.63167,44.16022],[28.63167,44.16012],[28.63166,44.15994],[28.63164,44.15974],[28.63162,44.15926],[28.63162,44.15897],[28.63162,44.15875],[28.63161,44.15855],[28.63158,44.15842],[28.63155,44.15821],[28.6315,44.15803],[28.63147,44.15798],[28.63139,44.15779],[28.63125,44.15753],[28.63163,44.15748],[28.63184,44.15745],[28.63203,44.15738],[28.63212,44.15728],[28.63213,44.15712],[28.63206,44.157],[28.63178,44.15658],[28.63159,44.15631],[28.63153,44.15621],[28.63149,44.15612],[28.63145,44.15597],[28.63138,44.1557],[28.63131,44.15541],[28.63123,44.15514],[28.63117,44.15487],[28.63114,44.15479],[28.63111,44.1547],[28.63098,44.15435],[28.63087,44.15406],[28.63079,44.15383],[28.63069,44.1536],[28.63055,44.15331],[28.63047,44.15314],[28.63008,44.15234],[28.62989,44.15202],[28.62987,44.15196],[28.62973,44.15168],[28.62959,44.15139],[28.62949,44.1512],[28.6294,44.15102],[28.62886,44.14993],[28.62853,44.14927],[28.62816,44.14852],[28.6288,44.14835],[28.62944,44.14819],[28.63009,44.14802],[28.63036,44.14796],[28.63043,44.14794],[28.63052,44.14788],[28.63057,44.14783],[28.63074,44.14737],[28.63089,44.14691],[28.6312,44.14604],[28.63128,44.1458],[28.63145,44.14532],[28.63162,44.14482],[28.6317,44.14456],[28.63178,44.14431],[28.63179,44.14426],[28.6318,44.1442],[28.6318,44.1441],[28.63181,44.14399],[28.63181,44.1439],[28.63181,44.14375],[28.63181,44.14368],[28.63181,44.14362],[28.63181,44.14349],[28.63181,44.1431],[28.63178,44.13935]]},"properties":{"line":"2-43","dir":"0","mode":"bus"}},{"type":"Feature","geometry":{"type":"LineString","coordinates":[[28.63178,44.13935],[28.6318,44.13802],[28.63166,44.13802],[28.63147,44.13811],[28.6311,44.13832],[28.63038,44.1389],[28.62894,44.14013],[28.62871,44.14044],[28.62858,44.14061],[28.62849,44.14077],[28.6284,44.14096],[28.62833,44.14114],[28.62806,44.14209],[28.62793,44.14258],[28.62781,44.14301],[28.62765,44.14355],[28.62758,44.14382],[28.6275,44.14411],[28.62744,44.14431],[28.62739,44.1445],[28.62729,44.14485],[28.62724,44.14503],[28.62719,44.1452],[28.62706,44.14568],[28.62691,44.14622],[28.62687,44.14639],[28.62676,44.1469],[28.62664,44.14738],[28.62729,44.14749],[28.62754,44.14752],[28.62764,44.14755],[28.62769,44.14757],[28.62795,44.14805],[28.62818,44.1485],[28.62828,44.1487],[28.62837,44.14887],[28.62863,44.1494],[28.62889,44.14992],[28.62916,44.15047],[28.6293,44.15074],[28.62944,44.15102],[28.62952,44.15119],[28.63,44.15214],[28.63011,44.15234],[28.63031,44.15273],[28.6305,44.15313],[28.63057,44.1533],[28.63071,44.15358],[28.63082,44.15382],[28.63091,44.15405],[28.63099,44.15426],[28.63114,44.15469],[28.63122,44.15491],[28.63124,44.15502],[28.63127,44.15513],[28.63141,44.15569],[28.63146,44.1559],[28.63152,44.15612],[28.63153,44.15616],[28.63163,44.1563],[28.63182,44.15658],[28.63205,44.15691],[28.63228,44.15724],[28.63224,44.1574],[28.63204,44.15751],[28.63167,44.15757],[28.63159,44.15761],[28.63153,44.15769],[28.63147,44.15777],[28.63145,44.15783],[28.63149,44.15791],[28.63153,44.15802],[28.63157,44.15817],[28.63159,44.15823],[28.6316,44.1583],[28.63162,44.15843],[28.63165,44.15855],[28.63166,44.15875],[28.63166,44.15894],[28.63166,44.15926],[28.63169,44.15973],[28.63172,44.16015],[28.63173,44.16036],[28.63176,44.16057],[28.63181,44.16087],[28.63186,44.16116],[28.63191,44.16145],[28.63194,44.16157],[28.63197,44.1617],[28.632,44.16182],[28.63203,44.16195],[28.63208,44.16218],[28.63215,44.16238],[28.63224,44.16265],[28.63232,44.1629],[28.63241,44.16319],[28.63252,44.16349],[28.63254,44.16356],[28.63261,44.16372],[28.63268,44.16387],[28.63274,44.16401],[28.63286,44.16425],[28.63298,44.16448],[28.63311,44.16471],[28.63324,44.16494],[28.63335,44.16515],[28.63347,44.16535],[28.63376,44.16584],[28.63393,44.16615],[28.63403,44.16631],[28.63412,44.16647],[28.63418,44.16657],[28.63433,44.16674],[28.63441,44.16683],[28.63449,44.1669],[28.6346,44.167],[28.63471,44.16708],[28.63492,44.16721],[28.63516,44.16737],[28.6353,44.16747],[28.63542,44.16756],[28.63528,44.16762],[28.63514,44.1677],[28.63496,44.16779],[28.63483,44.16785],[28.63461,44.16796],[28.63434,44.16808],[28.63427,44.16811],[28.63421,44.16815],[28.63413,44.16819],[28.63402,44.16824],[28.63397,44.16829],[28.63392,44.16835],[28.63358,44.16901],[28.63357,44.1691],[28.63361,44.16916],[28.63365,44.16922],[28.63379,44.16935],[28.63396,44.16941],[28.63537,44.16981],[28.63608,44.17001],[28.63679,44.17022],[28.63706,44.1703],[28.63739,44.17042],[28.63766,44.17054],[28.63793,44.17066],[28.63805,44.17072],[28.63827,44.17086],[28.63831,44.17089],[28.63845,44.17099],[28.63914,44.1715],[28.63978,44.17203],[28.6405,44.17257],[28.64086,44.17284],[28.64094,44.1729],[28.64145,44.17329],[28.64181,44.17356],[28.64193,44.17365],[28.6422,44.17386],[28.64254,44.17404],[28.64288,44.1742],[28.64393,44.17472],[28.6441,44.1748],[28.64428,44.17489],[28.64454,44.17501],[28.64475,44.17512],[28.6455,44.17548],[28.64587,44.17567],[28.64625,44.17586],[28.64719,44.17631],[28.64767,44.17654],[28.64814,44.17677],[28.64863,44.17702],[28.64878,44.17709],[28.64893,44.17717],[28.64901,44.17721],[28.64909,44.17725],[28.6493,44.17735],[28.64956,44.17747],[28.65005,44.17772],[28.65089,44.17813],[28.65104,44.17821],[28.65139,44.17838],[28.65172,44.17854],[28.65219,44.17877],[28.65304,44.17915],[28.65344,44.17938],[28.65288,44.17999],[28.65252,44.18038],[28.65219,44.18071],[28.65186,44.181],[28.65177,44.18107],[28.65149,44.18131],[28.65119,44.18156],[28.65102,44.1817],[28.65083,44.18185],[28.65063,44.18201],[28.6504,44.18219],[28.65019,44.18236],[28.64998,44.18254],[28.64991,44.18259],[28.64984,44.18266],[28.64957,44.18288],[28.64575,44.18608],[28.64544,44.18631],[28.64516,44.18655],[28.6446,44.18703],[28.64319,44.18861],[28.6422,44.18977],[28.64168,44.19035],[28.64143,44.19064],[28.64118,44.19093],[28.64079,44.1914],[28.64059,44.19164],[28.64038,44.19187],[28.64016,44.19214],[28.63937,44.19304],[28.63894,44.19287],[28.63854,44.19284],[28.63829,44.19291],[28.6381,44.19302],[28.63794,44.19312],[28.63783,44.19319],[28.63772,44.19327],[28.63755,44.19339],[28.63698,44.19375],[28.63666,44.19396],[28.6363,44.1942],[28.63619,44.19427],[28.63598,44.19441],[28.63581,44.19451],[28.6347,44.1952],[28.63359,44.19592],[28.63286,44.19638],[28.63262,44.19653],[28.63245,44.19664],[28.63208,44.19688],[28.6317,44.19714],[28.63137,44.19734],[28.63118,44.19745],[28.631,44.19758],[28.63093,44.19763],[28.63069,44.1978],[28.63019,44.19813],[28.6297,44.19845],[28.6293,44.19871],[28.62915,44.19882],[28.62881,44.19904],[28.62856,44.1992],[28.62834,44.19935],[28.62807,44.19952],[28.62768,44.19979],[28.62736,44.2],[28.62704,44.20021],[28.62672,44.20043],[28.62652,44.20056],[28.62614,44.20082],[28.62575,44.20107],[28.62556,44.2012],[28.6254,44.20131],[28.62523,44.20142],[28.62492,44.20163],[28.62456,44.20186],[28.62415,44.20213],[28.62409,44.20217],[28.62401,44.20227],[28.62372,44.20248],[28.62353,44.20261],[28.62325,44.20281],[28.62317,44.20288],[28.62313,44.20295],[28.62311,44.203],[28.62311,44.20306],[28.62311,44.20312],[28.62312,44.20318],[28.62314,44.20323],[28.62324,44.20332],[28.62333,44.20342],[28.62347,44.20357],[28.62369,44.20378],[28.62404,44.20416],[28.62423,44.20442],[28.62436,44.20447],[28.62437,44.20457],[28.6243,44.20462],[28.6242,44.2046],[28.62368,44.20492],[28.62363,44.20495],[28.62345,44.20508],[28.62328,44.2052],[28.62311,44.20531],[28.62298,44.20545],[28.62292,44.20555],[28.62284,44.20568],[28.62273,44.20591],[28.62264,44.2061],[28.62261,44.2062],[28.62258,44.20629],[28.62256,44.20641],[28.62255,44.20652],[28.62255,44.20662],[28.62256,44.20672],[28.62257,44.20686],[28.62259,44.207],[28.62262,44.20726],[28.62266,44.20744],[28.62271,44.20761],[28.62276,44.2078],[28.62289,44.20823],[28.6232,44.2088],[28.62324,44.20887],[28.62336,44.20908],[28.6234,44.20914],[28.62351,44.20933],[28.62362,44.20952],[28.6241,44.21033],[28.62444,44.2109],[28.62414,44.21105],[28.62373,44.21116]]},"properties":{"line":"2-43","dir":"1","mode":"bus"}},{"type":"Feature","geometry":{"type":"LineString","coordinates":[[28.62373,44.21116],[28.62361,44.21131],[28.6234,44.21142],[28.62294,44.21112],[28.62261,44.21089],[28.62228,44.21067],[28.62197,44.21046],[28.62191,44.21041],[28.62161,44.21021],[28.62154,44.21015],[28.62146,44.21009],[28.621,44.20976],[28.62088,44.20967],[28.62067,44.20951],[28.62045,44.20931],[28.62028,44.20914],[28.62007,44.20892],[28.61997,44.20879],[28.61988,44.20865],[28.61983,44.20853],[28.61979,44.20842],[28.61976,44.20832],[28.61975,44.20819],[28.61974,44.20806],[28.61974,44.20794],[28.61976,44.20784],[28.61979,44.20774],[28.61987,44.20757],[28.61994,44.20745],[28.62003,44.20736],[28.6201,44.2073],[28.62022,44.20719],[28.62038,44.20708],[28.62068,44.20687],[28.62129,44.20647],[28.62156,44.20629],[28.62167,44.20621],[28.62215,44.20591],[28.62272,44.20553],[28.62293,44.20539],[28.62303,44.20533],[28.62329,44.20514],[28.62346,44.20502],[28.6243,44.20445],[28.62582,44.20706],[28.6272,44.20991],[28.6278,44.2102],[28.6287,44.2103],[28.62886,44.20924],[28.62894,44.20894],[28.62903,44.20834],[28.62909,44.20802],[28.62938,44.2065],[28.6294,44.20639],[28.62959,44.2055],[28.62969,44.20507],[28.62975,44.20483],[28.62977,44.20472],[28.62981,44.20449],[28.62983,44.20441],[28.6299,44.20388],[28.63012,44.20341],[28.63031,44.20269],[28.63025,44.20255],[28.63019,44.20247],[28.63012,44.2024],[28.63002,44.20234],[28.62983,44.20224],[28.62967,44.20221],[28.62954,44.20217],[28.62928,44.20208],[28.62909,44.202],[28.62895,44.20194],[28.62887,44.20198],[28.62879,44.20196],[28.62875,44.20191],[28.62876,44.20186],[28.62854,44.20169],[28.62799,44.20134],[28.62751,44.20101],[28.6269,44.20055],[28.62672,44.20042],[28.62645,44.2006],[28.62573,44.20107],[28.62563,44.20114],[28.6249,44.20163],[28.62413,44.20214],[28.62406,44.20218],[28.62395,44.20229],[28.62375,44.20243],[28.62335,44.20271],[28.62311,44.20287],[28.62287,44.20303],[28.62264,44.20318],[28.62251,44.20328],[28.6222,44.20347],[28.62206,44.20355],[28.62194,44.20362],[28.62176,44.20369],[28.6214,44.20392],[28.62124,44.20403],[28.6209,44.20425],[28.62056,44.20446],[28.62039,44.20457],[28.62008,44.20477],[28.61967,44.20504],[28.61886,44.20556],[28.61846,44.20583],[28.61807,44.20608],[28.618,44.20612],[28.61792,44.20618],[28.6176,44.20639],[28.61732,44.20657],[28.61682,44.2069],[28.61652,44.20709],[28.61626,44.2073],[28.61613,44.20741],[28.61605,44.20747],[28.61599,44.20754],[28.61592,44.20762],[28.61586,44.20767],[28.61566,44.20784],[28.61545,44.20801],[28.61533,44.20812],[28.61503,44.20839],[28.61471,44.20867],[28.61434,44.20898],[28.61415,44.20917],[28.61408,44.20923],[28.61405,44.20932],[28.61384,44.20948],[28.61355,44.2097],[28.61326,44.20991],[28.61308,44.21004],[28.61289,44.21017],[28.61188,44.21088],[28.61145,44.21119],[28.61104,44.21149],[28.61066,44.21177],[28.61017,44.21212],[28.60971,44.21246],[28.60735,44.21415],[28.60707,44.21435],[28.60498,44.21585],[28.60305,44.2172],[28.6028,44.21738],[28.60247,44.21762],[28.60216,44.21784],[28.60178,44.21811],[28.6014,44.2184],[28.60066,44.21892],[28.6004,44.21911],[28.6003,44.21918],[28.60008,44.21934],[28.59986,44.2195],[28.59934,44.21988],[28.59879,44.22027],[28.59872,44.22036],[28.59865,44.22044],[28.59852,44.22061],[28.59851,44.22067],[28.59847,44.22074],[28.5984,44.22077],[28.5983,44.2208],[28.59823,44.2208],[28.59814,44.22083],[28.59805,44.22086],[28.59777,44.22104],[28.59756,44.2212],[28.59709,44.22153],[28.59672,44.22181],[28.59582,44.22245],[28.59512,44.22295],[28.59472,44.22322],[28.59441,44.22343],[28.59429,44.22351],[28.59412,44.22363],[28.59369,44.22394],[28.59334,44.22419],[28.59233,44.2249],[28.59253,44.22505],[28.59293,44.2254],[28.59362,44.2259],[28.59435,44.22639],[28.5947,44.22663],[28.59505,44.22687],[28.59566,44.22731],[28.59612,44.22763],[28.59648,44.22789],[28.59664,44.22801],[28.59682,44.22817],[28.59692,44.22831],[28.59698,44.22839],[28.59701,44.22846],[28.59707,44.22873],[28.5971,44.22886],[28.59716,44.22927],[28.59755,44.23189],[28.59756,44.23208],[28.5977,44.23206],[28.59863,44.23192],[28.5988,44.2319],[28.59892,44.23188],[28.5992,44.23185],[28.59965,44.23177],[28.59989,44.23173],[28.60053,44.23163],[28.60108,44.23149],[28.60146,44.23134],[28.60166,44.23126],[28.60173,44.23124],[28.60179,44.23123],[28.60192,44.23121],[28.60244,44.2312],[28.60298,44.23121],[28.60329,44.23119],[28.60359,44.23117],[28.60383,44.23116],[28.60419,44.23115],[28.60467,44.23115],[28.60514,44.23113],[28.60562,44.23113],[28.60573,44.23113],[28.60595,44.23114],[28.60611,44.23117],[28.60627,44.2312],[28.60648,44.2313],[28.60659,44.23133],[28.60669,44.23135],[28.60689,44.2314],[28.60719,44.23148],[28.60715,44.23152],[28.60711,44.23155],[28.607,44.23159],[28.60693,44.23157],[28.60686,44.23151],[28.60687,44.23143]]},"properties":{"line":"3","dir":"0","mode":"bus"}},{"type":"Feature","geometry":{"type":"LineString","coordinates":[[28.60687,44.23143],[28.60656,44.23134],[28.60644,44.23131],[28.60631,44.23128],[28.6062,44.23125],[28.6061,44.23123],[28.60599,44.23121],[28.60591,44.2312],[28.60584,44.23119],[28.60572,44.23119],[28.60542,44.23118],[28.60513,44.23118],[28.60471,44.23119],[28.6043,44.2312],[28.60403,44.2312],[28.60377,44.23121],[28.60324,44.23122],[28.60275,44.23122],[28.60226,44.23123],[28.60195,44.23123],[28.6018,44.23125],[28.60172,44.23127],[28.60157,44.23132],[28.60117,44.23148],[28.60097,44.23154],[28.60062,44.23163],[28.60052,44.23166],[28.60041,44.23168],[28.6,44.23174],[28.59991,44.23175],[28.59981,44.23175],[28.59974,44.23166],[28.59973,44.23161],[28.5997,44.23134],[28.59968,44.23121],[28.59966,44.23106],[28.59963,44.23078],[28.5996,44.2305],[28.59952,44.22995],[28.59944,44.22922],[28.59943,44.22913],[28.59942,44.22901],[28.59941,44.22888],[28.59937,44.22862],[28.59932,44.2281],[28.59927,44.22759],[28.59921,44.22707],[28.59914,44.22662],[28.59908,44.22594],[28.59907,44.22584],[28.59905,44.22569],[28.59903,44.22547],[28.59899,44.22522],[28.59893,44.22481],[28.59887,44.22441],[28.59874,44.22338],[28.59871,44.2231],[28.59867,44.22278],[28.5986,44.22219],[28.59858,44.22213],[28.59858,44.22206],[28.59851,44.22151],[28.59849,44.22122],[28.59847,44.2211],[28.59846,44.22102],[28.59843,44.22094],[28.5984,44.22086],[28.59832,44.22081],[28.59824,44.22081],[28.59815,44.22079],[28.5981,44.22076],[28.59805,44.22073],[28.59802,44.22068],[28.598,44.2206],[28.59795,44.22057],[28.59788,44.22054],[28.5978,44.22051],[28.59771,44.22044],[28.59755,44.22036],[28.59751,44.22034],[28.59747,44.2203],[28.59742,44.22031],[28.59732,44.22028],[28.5973,44.22025],[28.5973,44.22021],[28.59733,44.22017],[28.59725,44.22011],[28.59715,44.22002],[28.59702,44.21992],[28.59697,44.21988],[28.59668,44.21968],[28.59634,44.21944],[28.59556,44.21889],[28.59516,44.21859],[28.59561,44.21824],[28.59597,44.21799],[28.59606,44.21791],[28.59613,44.21791],[28.59601,44.21801],[28.5958,44.21816],[28.5956,44.21831],[28.59541,44.21846],[28.59522,44.21859],[28.59581,44.21902],[28.59639,44.21945],[28.59704,44.21989],[28.59731,44.22012],[28.59736,44.22017],[28.59747,44.22016],[28.59753,44.22021],[28.59752,44.22027],[28.59756,44.22032],[28.59766,44.22037],[28.59774,44.22041],[28.59781,44.22042],[28.59795,44.22045],[28.59813,44.22049],[28.59823,44.22046],[28.59831,44.22045],[28.59858,44.22034],[28.59867,44.22029],[28.59877,44.22025],[28.5989,44.22015],[28.59946,44.21974],[28.59958,44.21966],[28.59982,44.21948],[28.60002,44.21934],[28.60023,44.21919],[28.6004,44.21907],[28.60148,44.21829],[28.60257,44.2175],[28.60312,44.21711],[28.60339,44.21692],[28.60366,44.21672],[28.60402,44.21645],[28.60411,44.21639],[28.60418,44.21629],[28.60434,44.21617],[28.60442,44.21611],[28.60463,44.21596],[28.60549,44.21537],[28.60698,44.21428],[28.60728,44.21406],[28.60796,44.21356],[28.60853,44.21315],[28.61073,44.21155],[28.61123,44.2112],[28.61308,44.20988],[28.61372,44.20939],[28.61392,44.20924],[28.61405,44.20921],[28.61428,44.20899],[28.61449,44.20881],[28.61467,44.20865],[28.6153,44.2081],[28.61544,44.20797],[28.6158,44.20767],[28.6159,44.20759],[28.61595,44.20752],[28.61609,44.2074],[28.61622,44.20729],[28.61636,44.20717],[28.61647,44.20708],[28.61679,44.20688],[28.61724,44.20657],[28.61746,44.20643],[28.61756,44.20637],[28.61764,44.20632],[28.61768,44.20629],[28.61789,44.20615],[28.618,44.20608],[28.61813,44.206],[28.61849,44.20576],[28.61906,44.20539],[28.61966,44.205],[28.62005,44.20475],[28.62037,44.20455],[28.62054,44.20444],[28.6212,44.20401],[28.62138,44.20389],[28.62152,44.20381],[28.62162,44.20375],[28.62173,44.20365],[28.62194,44.2035],[28.62218,44.20334],[28.62245,44.20317],[28.62261,44.20306],[28.62279,44.20294],[28.62323,44.20266],[28.62389,44.20219],[28.62403,44.20215],[28.62448,44.20185],[28.62521,44.20139],[28.62562,44.20112],[28.62653,44.20051],[28.62663,44.20046],[28.62681,44.20038],[28.62687,44.20043],[28.62697,44.20051],[28.62702,44.20054],[28.6271,44.20062],[28.62728,44.20073],[28.62804,44.20132],[28.6283,44.2015],[28.62855,44.20169],[28.62878,44.20179],[28.62887,44.20182],[28.62893,44.20183],[28.62897,44.20187],[28.62897,44.20193],[28.62891,44.20197],[28.62883,44.20198],[28.6287,44.20205],[28.62855,44.20212],[28.62842,44.20221],[28.62806,44.20241],[28.6279,44.2025],[28.62698,44.20306],[28.62663,44.20326],[28.6263,44.20346],[28.62599,44.20365],[28.62568,44.20384],[28.62539,44.20399],[28.62495,44.20422],[28.62456,44.20441],[28.62432,44.20453],[28.62424,44.20458],[28.62416,44.2046],[28.62405,44.20468],[28.62396,44.20474],[28.62387,44.2048],[28.62378,44.20486],[28.62369,44.20492],[28.62363,44.20495],[28.62345,44.20508],[28.62328,44.2052],[28.62311,44.20531],[28.62298,44.20545],[28.62292,44.20555],[28.62284,44.20568],[28.62273,44.20591],[28.62264,44.2061],[28.62261,44.2062],[28.62258,44.20629],[28.62256,44.20641],[28.62255,44.20652],[28.62255,44.20662],[28.62256,44.20672],[28.62257,44.20686],[28.62259,44.207],[28.62262,44.20726],[28.62266,44.20744],[28.62271,44.20761],[28.62276,44.2078],[28.62289,44.20823],[28.6232,44.2088],[28.62324,44.20887],[28.62336,44.20908],[28.6234,44.20914],[28.62351,44.20933],[28.62362,44.20952],[28.6241,44.21033],[28.62444,44.2109],[28.62414,44.21105],[28.62373,44.21116]]},"properties":{"line":"3","dir":"1","mode":"bus"}},{"type":"Feature","geometry":{"type":"LineString","coordinates":[[28.62373,44.21116],[28.62361,44.21131],[28.6234,44.21142],[28.62294,44.21112],[28.62261,44.21089],[28.62228,44.21067],[28.62197,44.21046],[28.62191,44.21041],[28.62161,44.21021],[28.62154,44.21015],[28.62146,44.21009],[28.621,44.20976],[28.62088,44.20967],[28.62067,44.20951],[28.62045,44.20931],[28.62028,44.20914],[28.62007,44.20892],[28.61997,44.20879],[28.61988,44.20865],[28.61983,44.20853],[28.61979,44.20842],[28.61976,44.20832],[28.61975,44.20819],[28.61974,44.20806],[28.61974,44.20794],[28.61976,44.20784],[28.61979,44.20774],[28.61987,44.20757],[28.61994,44.20745],[28.62003,44.20736],[28.6201,44.2073],[28.62022,44.20719],[28.62038,44.20708],[28.62068,44.20687],[28.62129,44.20647],[28.62156,44.20629],[28.62167,44.20621],[28.62215,44.20591],[28.62272,44.20553],[28.62293,44.20539],[28.62303,44.20533],[28.62329,44.20514],[28.62346,44.20502],[28.62385,44.20474],[28.62408,44.20457],[28.62412,44.2045],[28.62409,44.20446],[28.62357,44.20379],[28.62325,44.20346],[28.6231,44.20332],[28.62302,44.20329],[28.62295,44.20327],[28.62287,44.20326],[28.6228,44.20325],[28.62272,44.20325],[28.62263,44.20325],[28.62256,44.20326],[28.6225,44.20329],[28.6222,44.20347],[28.62206,44.20355],[28.62194,44.20362],[28.62176,44.20369],[28.6214,44.20392],[28.62124,44.20403],[28.6209,44.20425],[28.62056,44.20446],[28.62039,44.20457],[28.62008,44.20477],[28.61967,44.20504],[28.61886,44.20556],[28.61846,44.20583],[28.61807,44.20608],[28.618,44.20612],[28.61792,44.20618],[28.6176,44.20639],[28.61732,44.20657],[28.61682,44.20689],[28.61651,44.2071],[28.61626,44.2073],[28.61612,44.20741],[28.61601,44.2075],[28.61592,44.20762],[28.61586,44.20767],[28.61565,44.20784],[28.61545,44.20802],[28.61493,44.20766],[28.61481,44.20757],[28.61468,44.20749],[28.61445,44.2073],[28.61428,44.20714],[28.61412,44.20695],[28.61397,44.20676],[28.61383,44.20661],[28.6137,44.20647],[28.61356,44.20633],[28.6135,44.20627],[28.61345,44.20622],[28.61327,44.20604],[28.61261,44.20539],[28.61195,44.20475],[28.61128,44.2041],[28.61115,44.20398],[28.61102,44.20385],[28.61074,44.20359],[28.61061,44.2035],[28.61041,44.20331],[28.61036,44.20326],[28.61026,44.20319],[28.61026,44.20314],[28.61012,44.20302],[28.61001,44.20288],[28.60985,44.20272],[28.60927,44.20215],[28.6087,44.2016],[28.60856,44.20147],[28.60841,44.20134],[28.60837,44.20132],[28.60833,44.20129],[28.60831,44.20127],[28.60829,44.20123],[28.60826,44.20119],[28.60811,44.20103],[28.60782,44.20075],[28.60753,44.20047],[28.60695,44.19991],[28.60676,44.19971],[28.60656,44.19952],[28.60638,44.19934],[28.60638,44.19933],[28.60624,44.19919],[28.60608,44.199],[28.60597,44.19895],[28.60588,44.19883],[28.60578,44.19873],[28.60573,44.19868],[28.60572,44.19861],[28.60563,44.19852],[28.60551,44.19835],[28.60539,44.19817],[28.6053,44.19805],[28.60521,44.19792],[28.60505,44.19764],[28.60496,44.19746],[28.60477,44.19707],[28.60466,44.19689],[28.60461,44.19679],[28.60458,44.19674],[28.6045,44.19667],[28.60445,44.19662],[28.60436,44.19663],[28.60426,44.19661],[28.60415,44.19652],[28.60414,44.19646],[28.60416,44.19639],[28.60425,44.19632],[28.60426,44.19627],[28.60426,44.19622],[28.60426,44.19614],[28.60428,44.19609],[28.60416,44.19585],[28.60405,44.19564],[28.60383,44.19521],[28.6034,44.19436],[28.60317,44.19391],[28.60308,44.19384],[28.60295,44.19357],[28.6028,44.19325],[28.60271,44.19305],[28.60264,44.19292],[28.6026,44.19284],[28.60251,44.19268],[28.60242,44.19254],[28.60239,44.19247],[28.60238,44.19238],[28.60235,44.19232],[28.60227,44.19216],[28.60216,44.19195],[28.60204,44.19175],[28.60189,44.19168],[28.60185,44.19165],[28.60159,44.19122],[28.60123,44.19048],[28.60118,44.19033],[28.60114,44.19018],[28.60115,44.19012],[28.60119,44.19007],[28.60089,44.18941],[28.60082,44.18937],[28.60074,44.18927],[28.60067,44.18922],[28.60059,44.18917],[28.60055,44.18915],[28.60051,44.18916],[28.60047,44.18916],[28.60043,44.18916],[28.60038,44.18915],[28.6003,44.1892],[28.60024,44.18923],[28.60013,44.18931],[28.60007,44.18943],[28.59999,44.18964],[28.5999,44.18983],[28.59978,44.19001],[28.59952,44.19036],[28.599,44.19108],[28.59847,44.19179],[28.59795,44.1925],[28.59732,44.19337],[28.59668,44.19422],[28.59622,44.19485],[28.59575,44.19547],[28.59525,44.19614],[28.59475,44.19681],[28.59442,44.19725],[28.59409,44.1977],[28.59394,44.19792],[28.59377,44.19814],[28.59345,44.19858],[28.59326,44.19883],[28.5931,44.19905],[28.59294,44.19928],[28.5927,44.19961],[28.59257,44.19977],[28.59242,44.19998],[28.59232,44.20012],[28.59222,44.20026],[28.59204,44.20055],[28.59187,44.20083],[28.5917,44.20113],[28.59159,44.20133],[28.59148,44.20153],[28.59128,44.20193],[28.59102,44.20241],[28.59078,44.20289],[28.59062,44.20284],[28.59049,44.20277],[28.59053,44.20277],[28.59056,44.20281]]},"properties":{"line":"3b","dir":"0","mode":"bus"}},{"type":"Feature","geometry":{"type":"LineString","coordinates":[[28.59056,44.20281],[28.59076,44.20284],[28.59099,44.2024],[28.59124,44.20192],[28.59134,44.20172],[28.59145,44.20151],[28.59155,44.20131],[28.59167,44.20111],[28.59183,44.20082],[28.592,44.20053],[28.59219,44.20023],[28.59238,44.19996],[28.59253,44.19976],[28.59265,44.19961],[28.59289,44.19927],[28.59322,44.19881],[28.5934,44.19858],[28.59405,44.19769],[28.59438,44.19725],[28.59471,44.19681],[28.59521,44.19613],[28.59546,44.19579],[28.59571,44.19545],[28.59617,44.19483],[28.5964,44.19452],[28.59663,44.1942],[28.59727,44.19334],[28.59758,44.19291],[28.59774,44.1927],[28.5979,44.19248],[28.59805,44.19227],[28.5981,44.1922],[28.5986,44.19151],[28.59911,44.19083],[28.59938,44.19047],[28.59964,44.19011],[28.59976,44.18995],[28.59986,44.18978],[28.59995,44.18959],[28.60003,44.18939],[28.60007,44.18929],[28.60007,44.18922],[28.6001,44.18914],[28.60015,44.18906],[28.60022,44.18898],[28.60023,44.18894],[28.60027,44.18888],[28.60034,44.18883],[28.6004,44.18881],[28.60047,44.1888],[28.60057,44.18881],[28.60066,44.18885],[28.60071,44.18891],[28.60074,44.18899],[28.60087,44.18924],[28.60093,44.18933],[28.60093,44.1894],[28.60101,44.18957],[28.60116,44.1899],[28.60149,44.19055],[28.6016,44.19078],[28.60168,44.19094],[28.60174,44.19104],[28.60177,44.19108],[28.60181,44.19114],[28.60195,44.19146],[28.60203,44.19161],[28.60216,44.19188],[28.60231,44.19216],[28.60239,44.19231],[28.60241,44.19236],[28.6025,44.19243],[28.60255,44.19249],[28.60263,44.19261],[28.60272,44.19272],[28.60278,44.19276],[28.603,44.19284],[28.60305,44.1929],[28.60306,44.19297],[28.60303,44.19302],[28.60299,44.19306],[28.603,44.19311],[28.60303,44.1932],[28.60307,44.19335],[28.60312,44.1935],[28.60317,44.19368],[28.60321,44.19382],[28.60321,44.19391],[28.60332,44.19412],[28.60343,44.19434],[28.60387,44.1952],[28.60409,44.19563],[28.6042,44.19584],[28.60432,44.19607],[28.60438,44.19613],[28.60451,44.19633],[28.60456,44.19636],[28.6046,44.19642],[28.6046,44.1965],[28.60466,44.19659],[28.60476,44.19674],[28.60483,44.19687],[28.60497,44.19715],[28.60512,44.19744],[28.6052,44.19759],[28.60531,44.1978],[28.60536,44.19788],[28.60549,44.19811],[28.60559,44.19826],[28.60562,44.19831],[28.60568,44.19837],[28.60574,44.19841],[28.60582,44.19844],[28.60589,44.19847],[28.60599,44.19847],[28.60609,44.1985],[28.60613,44.19854],[28.60615,44.19858],[28.60615,44.19863],[28.60612,44.1987],[28.60609,44.19877],[28.6061,44.19883],[28.60611,44.1989],[28.60611,44.19894],[28.60619,44.19907],[28.60626,44.19916],[28.6068,44.19971],[28.60726,44.20015],[28.6074,44.20029],[28.60799,44.20087],[28.60813,44.201],[28.60822,44.20102],[28.60829,44.20104],[28.60837,44.20105],[28.60851,44.20106],[28.60861,44.20107],[28.60868,44.20111],[28.60872,44.20119],[28.60869,44.20129],[28.60864,44.20132],[28.60865,44.20139],[28.60865,44.20145],[28.60865,44.2015],[28.60876,44.2016],[28.60887,44.20171],[28.60899,44.20183],[28.60962,44.20244],[28.60994,44.20276],[28.61005,44.20287],[28.61019,44.20292],[28.61042,44.20305],[28.61056,44.20315],[28.61068,44.20337],[28.61073,44.20345],[28.61078,44.20357],[28.61107,44.20383],[28.61165,44.20441],[28.61181,44.20457],[28.61199,44.20474],[28.61264,44.20538],[28.61297,44.20569],[28.61332,44.20605],[28.61358,44.2063],[28.61369,44.20641],[28.61381,44.20653],[28.6139,44.20663],[28.61395,44.20668],[28.614,44.20674],[28.61418,44.20696],[28.61428,44.20708],[28.61437,44.20718],[28.61447,44.20728],[28.61459,44.20738],[28.61471,44.20747],[28.61488,44.20759],[28.61497,44.2076],[28.61506,44.20761],[28.61514,44.20762],[28.61523,44.20762],[28.61531,44.20761],[28.6154,44.2076],[28.61561,44.20758],[28.61578,44.20755],[28.61588,44.20751],[28.61599,44.20748],[28.61622,44.20729],[28.61649,44.20707],[28.61679,44.20687],[28.61764,44.20632],[28.61768,44.20629],[28.61789,44.20615],[28.618,44.20608],[28.61813,44.206],[28.61849,44.20576],[28.61906,44.20539],[28.61966,44.205],[28.62005,44.20475],[28.62037,44.20455],[28.62054,44.20444],[28.6212,44.20401],[28.62138,44.20389],[28.62152,44.20381],[28.62162,44.20374],[28.62168,44.2037],[28.62172,44.20367],[28.62182,44.2036],[28.62199,44.2035],[28.62222,44.20335],[28.62243,44.20322],[28.62262,44.2031],[28.62272,44.20303],[28.62277,44.203],[28.62283,44.20302],[28.62289,44.20307],[28.62296,44.20313],[28.62309,44.20324],[28.62325,44.20337],[28.62341,44.20353],[28.62347,44.20357],[28.62369,44.20378],[28.62404,44.20416],[28.62423,44.20442],[28.62436,44.20447],[28.62437,44.20457],[28.6243,44.20462],[28.6242,44.2046],[28.62368,44.20492],[28.62363,44.20495],[28.62345,44.20508],[28.62328,44.2052],[28.62311,44.20531],[28.62298,44.20545],[28.62292,44.20555],[28.62284,44.20568],[28.62273,44.20591],[28.62264,44.2061],[28.62261,44.2062],[28.62258,44.20629],[28.62256,44.20641],[28.62255,44.20652],[28.62255,44.20662],[28.62256,44.20672],[28.62257,44.20686],[28.62259,44.207],[28.62262,44.20726],[28.62266,44.20744],[28.62271,44.20761],[28.62276,44.2078],[28.62289,44.20823],[28.6232,44.2088],[28.62324,44.20887],[28.62336,44.20908],[28.6234,44.20914],[28.62351,44.20933],[28.62362,44.20952],[28.6241,44.21033],[28.62444,44.2109],[28.62414,44.21105],[28.62373,44.21116]]},"properties":{"line":"3b","dir":"1","mode":"bus"}},{"type":"Feature","geometry":{"type":"LineString","coordinates":[[28.60259,44.15152],[28.60262,44.15154],[28.60352,44.15216],[28.60474,44.15103],[28.60502,44.15077],[28.6051,44.1507],[28.60538,44.15043],[28.60663,44.14927],[28.60732,44.14861],[28.6079,44.14807],[28.60811,44.14788],[28.60818,44.14781],[28.60905,44.14699],[28.60991,44.14616],[28.61026,44.14584],[28.61057,44.14553],[28.61096,44.14517],[28.61111,44.14503],[28.61116,44.14499],[28.61134,44.14493],[28.61143,44.14493],[28.61154,44.14491],[28.61176,44.14485],[28.61198,44.14479],[28.61242,44.14465],[28.61329,44.1444],[28.6142,44.14412],[28.61376,44.1437],[28.61332,44.14326],[28.61309,44.14304],[28.61265,44.14261],[28.6122,44.14217],[28.61206,44.14204],[28.61193,44.14192],[28.61187,44.14185],[28.61182,44.14178],[28.61175,44.14166],[28.61169,44.14154],[28.61149,44.14106],[28.61139,44.14096],[28.61104,44.13999],[28.61242,44.13968],[28.61375,44.13938],[28.61407,44.13931],[28.6146,44.13919],[28.61503,44.13909],[28.61636,44.13878],[28.61767,44.13849],[28.61897,44.13819],[28.61927,44.13812],[28.61987,44.13799],[28.62012,44.13794],[28.62036,44.13788],[28.62068,44.13787],[28.62059,44.13779],[28.62055,44.13774],[28.62046,44.13759],[28.62045,44.13751],[28.62013,44.13685],[28.62004,44.13676],[28.61964,44.13592],[28.61944,44.1355],[28.61923,44.13508],[28.61914,44.13489],[28.61904,44.13467],[28.61878,44.13415],[28.61851,44.13364],[28.61796,44.1326],[28.61766,44.13201],[28.61758,44.13191],[28.61754,44.13188],[28.6175,44.13185],[28.61746,44.13183],[28.61739,44.13173],[28.61739,44.13169],[28.6174,44.13166],[28.61745,44.1316],[28.61752,44.13156],[28.61764,44.13156],[28.6177,44.13157],[28.61776,44.1316],[28.6178,44.13165],[28.61783,44.1317],[28.61781,44.13177],[28.61782,44.13187],[28.61786,44.13198],[28.61801,44.13231],[28.61825,44.13281],[28.6185,44.13331],[28.61875,44.1338],[28.61889,44.13404],[28.61895,44.13417],[28.61901,44.13429],[28.6195,44.13529],[28.61973,44.13578],[28.61998,44.13628],[28.62011,44.13656],[28.62019,44.13672],[28.62017,44.13684],[28.62044,44.1374],[28.6205,44.1375],[28.62056,44.13754],[28.62064,44.13764],[28.62069,44.13769],[28.62074,44.13773],[28.62086,44.1378],[28.62093,44.13781],[28.62098,44.13784],[28.62105,44.13793],[28.62098,44.13806],[28.62098,44.13814],[28.62097,44.13832],[28.62094,44.13839],[28.62106,44.13863],[28.62127,44.13906],[28.62147,44.13946],[28.62161,44.13974],[28.62175,44.14001],[28.62194,44.14033],[28.62204,44.14058],[28.62226,44.14103],[28.62248,44.14148],[28.62252,44.14157],[28.62277,44.14205],[28.62301,44.14255],[28.62349,44.14351],[28.6238,44.14413],[28.62387,44.14428],[28.62394,44.14438],[28.62419,44.14466],[28.62424,44.14467],[28.62428,44.1447],[28.62432,44.14475],[28.62435,44.14478],[28.62436,44.14482],[28.62435,44.14487],[28.62431,44.14493],[28.62428,44.14497],[28.6243,44.14515],[28.62446,44.14551],[28.62464,44.14589],[28.62469,44.14598],[28.62482,44.14621],[28.62489,44.14632],[28.62495,44.14644],[28.62512,44.14675],[28.62526,44.14706],[28.62538,44.14729],[28.6255,44.14752],[28.62572,44.14798],[28.62602,44.14862],[28.62633,44.14925],[28.62658,44.14975],[28.62685,44.15025],[28.62693,44.15042],[28.62725,44.15105],[28.62757,44.15169],[28.62768,44.15191],[28.628,44.15253],[28.62813,44.15284],[28.6283,44.15316],[28.62854,44.15366],[28.62871,44.15404],[28.62875,44.15408],[28.62883,44.1542],[28.62894,44.1544],[28.62906,44.15453],[28.62983,44.15566],[28.63008,44.15601],[28.63024,44.15621],[28.6308,44.15693],[28.63096,44.15713],[28.63103,44.15723],[28.63117,44.15743],[28.63127,44.15756],[28.63136,44.1577],[28.63145,44.15784],[28.63149,44.15792],[28.63154,44.15804],[28.63158,44.15817],[28.63163,44.15843],[28.63165,44.15855],[28.63166,44.15875],[28.63166,44.15894],[28.63166,44.15926],[28.63169,44.15973],[28.63172,44.16015],[28.63173,44.16036],[28.63176,44.16057],[28.63181,44.16087],[28.63186,44.16116],[28.63191,44.16145],[28.63194,44.16157],[28.63197,44.1617],[28.632,44.16182],[28.63203,44.16195],[28.63208,44.16218],[28.63215,44.16238],[28.63224,44.16265],[28.63232,44.1629],[28.63241,44.16319],[28.63252,44.16349],[28.63254,44.16356],[28.63261,44.16372],[28.63268,44.16387],[28.63274,44.16401],[28.63286,44.16425],[28.63298,44.16448],[28.63311,44.16471],[28.63324,44.16494],[28.63335,44.16515],[28.63347,44.16535],[28.63376,44.16584],[28.63393,44.16615],[28.63403,44.16631],[28.63412,44.16647],[28.63418,44.16657],[28.63433,44.16674],[28.63441,44.16683],[28.63449,44.1669],[28.6346,44.167],[28.63471,44.16708],[28.63492,44.16721],[28.63516,44.16737],[28.6353,44.16747],[28.63542,44.16756],[28.63528,44.16762],[28.63514,44.1677],[28.63496,44.16779],[28.63483,44.16785],[28.63461,44.16796],[28.63434,44.16808],[28.63427,44.16811],[28.63421,44.16815],[28.63413,44.16819],[28.63402,44.16824],[28.63397,44.16829],[28.63392,44.16835],[28.63358,44.16901],[28.63357,44.1691],[28.63361,44.16916],[28.63365,44.16922],[28.63379,44.16935],[28.63396,44.16941],[28.63537,44.16981],[28.63608,44.17001],[28.63679,44.17022],[28.63706,44.1703],[28.63739,44.17042],[28.63766,44.17054],[28.63793,44.17066],[28.63805,44.17072],[28.63827,44.17086],[28.63831,44.17089],[28.63845,44.17099],[28.63914,44.1715],[28.63978,44.17203],[28.6405,44.17257],[28.64086,44.17284],[28.64094,44.1729],[28.64145,44.17329],[28.64181,44.17356],[28.64193,44.17365],[28.6422,44.17386],[28.64254,44.17404],[28.64288,44.1742],[28.64393,44.17472],[28.6441,44.1748],[28.64428,44.17489],[28.64454,44.17501],[28.64475,44.17512],[28.6455,44.17548],[28.64587,44.17567],[28.64625,44.17586],[28.64719,44.17631],[28.64767,44.17654],[28.64814,44.17677],[28.64863,44.17702],[28.64878,44.17709],[28.64893,44.17717],[28.64901,44.17721],[28.64909,44.17725],[28.6493,44.17735],[28.64956,44.17747],[28.65005,44.17772],[28.65089,44.17813],[28.65104,44.17821],[28.65139,44.17838],[28.65172,44.17854],[28.65219,44.17877],[28.65304,44.17915],[28.65344,44.17938],[28.65288,44.17999],[28.65252,44.18038],[28.65219,44.18071],[28.65186,44.181],[28.65177,44.18107],[28.65149,44.18131],[28.65119,44.18156],[28.65102,44.1817],[28.65083,44.18185],[28.65063,44.18201],[28.6504,44.18219],[28.65019,44.18236],[28.64998,44.18254],[28.64991,44.18259],[28.64984,44.18266],[28.64957,44.18288],[28.64905,44.18332],[28.64898,44.18338],[28.64883,44.1835],[28.6484,44.18385],[28.64809,44.18411],[28.64784,44.18432],[28.64766,44.18447],[28.64749,44.18462],[28.64718,44.18487],[28.64693,44.18508],[28.64668,44.1853],[28.6465,44.18545],[28.64672,44.18555],[28.64695,44.18566],[28.64718,44.18576],[28.64729,44.18581],[28.64751,44.18591],[28.64822,44.1862],[28.64864,44.18638],[28.64884,44.18646],[28.64904,44.18656],[28.64925,44.18668],[28.64936,44.18675],[28.64954,44.18688],[28.64971,44.187],[28.64983,44.18711],[28.64996,44.18722],[28.65004,44.18729],[28.65011,44.18736],[28.65025,44.18754],[28.65034,44.18768],[28.65042,44.18781],[28.6505,44.18795],[28.65057,44.18809],[28.6506,44.18819],[28.65064,44.18829],[28.65067,44.18839],[28.65071,44.18849],[28.65077,44.18867],[28.65081,44.18877],[28.65085,44.18886],[28.65097,44.18915],[28.65104,44.18936],[28.65106,44.18946],[28.65106,44.18951],[28.65107,44.18956],[28.65106,44.18962],[28.65105,44.1898],[28.651,44.19003],[28.65091,44.19039],[28.6508,44.19073],[28.65074,44.19093],[28.65046,44.19194],[28.65044,44.19199],[28.65029,44.19253],[28.65012,44.19307],[28.65009,44.19315],[28.64878,44.19612],[28.64656,44.20063],[28.64644,44.20093],[28.64617,44.20148],[28.64587,44.2021],[28.64559,44.20268],[28.6453,44.20326],[28.64504,44.2038],[28.64479,44.20433],[28.64468,44.20456],[28.64458,44.20478],[28.64453,44.2049],[28.64447,44.20502],[28.64434,44.2053],[28.64418,44.20558],[28.64406,44.20588],[28.64399,44.20606],[28.64393,44.20624],[28.64387,44.20642],[28.64382,44.2066],[28.64375,44.20688],[28.6437,44.20712],[28.64366,44.20737],[28.64362,44.20761],[28.64354,44.2081],[28.6435,44.20839],[28.64345,44.20868],[28.64342,44.2089],[28.6433,44.20966],[28.64324,44.21004],[28.64321,44.21023],[28.64318,44.21042],[28.64314,44.21067],[28.64312,44.21079],[28.64284,44.21299],[28.64255,44.21453],[28.6423,44.21517],[28.64225,44.21529],[28.6422,44.21539],[28.64205,44.21567],[28.64203,44.21574],[28.64195,44.21578],[28.64185,44.21587],[28.64161,44.21605],[28.64145,44.21618],[28.64138,44.21624],[28.64129,44.21632],[28.64107,44.21647],[28.64077,44.21663],[28.64052,44.21675],[28.64011,44.21691],[28.64,44.21696],[28.63937,44.21713],[28.63875,44.2173],[28.63849,44.21738],[28.63822,44.21746],[28.63796,44.21752],[28.63736,44.21767],[28.63676,44.21783],[28.63623,44.21795],[28.63569,44.21806],[28.63542,44.21812],[28.63513,44.21818],[28.63434,44.21835],[28.63389,44.21845],[28.63361,44.21851],[28.63311,44.21861],[28.63276,44.21869],[28.6318,44.21891],[28.63161,44.21897],[28.63138,44.21905],[28.63121,44.21912],[28.63104,44.21919],[28.63082,44.21931],[28.63065,44.21942],[28.6304,44.21956],[28.63019,44.21969],[28.62998,44.21989],[28.62991,44.21997],[28.62982,44.22006],[28.62975,44.22014],[28.62966,44.22025],[28.62947,44.22054],[28.62938,44.2207],[28.62927,44.22093],[28.6292,44.22115],[28.62915,44.22134],[28.62907,44.22181],[28.629,44.22228],[28.62899,44.22232],[28.62895,44.22259],[28.62894,44.22268],[28.62873,44.22383],[28.62864,44.22429],[28.62859,44.22461],[28.62852,44.22491],[28.62854,44.22498],[28.62848,44.22504],[28.62841,44.22505],[28.62832,44.22503],[28.62828,44.22499],[28.62828,44.22492],[28.62832,44.22485],[28.62835,44.22472],[28.62837,44.22465],[28.6284,44.22457],[28.62856,44.22381],[28.62868,44.22324],[28.62878,44.22267],[28.62879,44.22259],[28.62881,44.22245],[28.62884,44.22226],[28.62888,44.22199],[28.62894,44.22166],[28.629,44.22133],[28.62902,44.22123],[28.62904,44.22113],[28.62908,44.22102],[28.62912,44.22091],[28.62917,44.22078],[28.62923,44.22065],[28.6293,44.22049],[28.62941,44.22028],[28.62951,44.22011],[28.62962,44.21994],[28.62984,44.21961],[28.62988,44.21955],[28.62991,44.21948],[28.62995,44.21937],[28.62997,44.21931],[28.62998,44.21924],[28.62998,44.21916],[28.62998,44.21908],[28.62995,44.21901],[28.62993,44.21895],[28.6299,44.21889],[28.62983,44.21878],[28.62976,44.21869],[28.62973,44.21864],[28.62948,44.21839],[28.62924,44.21817],[28.62891,44.21786],[28.62856,44.2176],[28.62803,44.21713],[28.62796,44.21706],[28.62788,44.21697],[28.62765,44.21666],[28.62756,44.2166],[28.6275,44.21654],[28.62733,44.21639],[28.62708,44.21619],[28.62695,44.21609],[28.62684,44.21601],[28.62663,44.21583],[28.62654,44.21577],[28.62635,44.21567],[28.62614,44.21549]]},"properties":{"line":"5-40","dir":"0","mode":"bus"}},{"type":"Feature","geometry":{"type":"LineString","coordinates":[[28.62614,44.21549],[28.62589,44.21526],[28.62569,44.21512],[28.62554,44.21501],[28.62538,44.2149],[28.62524,44.2148],[28.6251,44.21471],[28.62481,44.21449],[28.6245,44.21429],[28.62439,44.21424],[28.62433,44.21418],[28.62406,44.21397],[28.62375,44.2138],[28.62368,44.21381],[28.62361,44.2138],[28.62355,44.21377],[28.62352,44.21371],[28.62353,44.21365],[28.62358,44.21361],[28.62368,44.21359],[28.62375,44.21362],[28.62381,44.21366],[28.62443,44.21413],[28.62626,44.21538],[28.62639,44.21548],[28.62654,44.21561],[28.62663,44.21567],[28.62674,44.21578],[28.62689,44.21585],[28.627,44.21591],[28.62709,44.21593],[28.62723,44.21588],[28.62822,44.21591],[28.62838,44.21602],[28.62835,44.21658],[28.62838,44.21686],[28.62839,44.21691],[28.62841,44.2171],[28.62844,44.21717],[28.62849,44.21724],[28.62855,44.21731],[28.62894,44.21772],[28.62911,44.21789],[28.62929,44.21805],[28.62943,44.21818],[28.62957,44.21831],[28.62982,44.21852],[28.62998,44.21864],[28.63023,44.21876],[28.63033,44.21879],[28.63042,44.21882],[28.63051,44.21885],[28.63059,44.21887],[28.63071,44.21889],[28.63082,44.2189],[28.63093,44.2189],[28.63104,44.21889],[28.63122,44.21885],[28.63148,44.21881],[28.63178,44.21874],[28.63209,44.21868],[28.63259,44.21858],[28.63308,44.21847],[28.63354,44.21838],[28.63371,44.21834],[28.63389,44.2183],[28.63406,44.21826],[28.63425,44.21822],[28.63449,44.21817],[28.63508,44.21804],[28.6352,44.21801],[28.63536,44.21798],[28.63549,44.21795],[28.63562,44.21792],[28.63611,44.21781],[28.63671,44.21768],[28.637,44.21761],[28.63729,44.21754],[28.63791,44.21738],[28.63814,44.21732],[28.63883,44.2171],[28.63937,44.21693],[28.63981,44.21679],[28.63997,44.21674],[28.64024,44.21665],[28.64039,44.2166],[28.64045,44.21657],[28.64052,44.21654],[28.6407,44.21644],[28.64084,44.21637],[28.64097,44.21629],[28.64121,44.21612],[28.64131,44.21605],[28.64166,44.21578],[28.64184,44.21561],[28.64188,44.21557],[28.64197,44.21542],[28.64197,44.21536],[28.64196,44.21521],[28.64202,44.21505],[28.64227,44.21485],[28.64292,44.21077],[28.64298,44.2104],[28.64303,44.21002],[28.64309,44.20966],[28.64315,44.20929],[28.64321,44.20892],[28.64329,44.20844],[28.64336,44.20797],[28.64345,44.20739],[28.6435,44.2071],[28.64356,44.20682],[28.64365,44.20649],[28.64375,44.20617],[28.64384,44.20594],[28.64385,44.20592],[28.64404,44.20546],[28.64413,44.20526],[28.64427,44.20496],[28.64433,44.20483],[28.64439,44.20473],[28.6446,44.20429],[28.64486,44.20376],[28.64512,44.20322],[28.6454,44.20263],[28.64566,44.2021],[28.64579,44.20181],[28.64597,44.20143],[28.64624,44.2009],[28.64637,44.20064],[28.64649,44.20038],[28.6466,44.20015],[28.64666,44.20003],[28.64667,44.19997],[28.64669,44.19992],[28.64683,44.19965],[28.64697,44.19937],[28.647,44.19931],[28.64709,44.19914],[28.64717,44.19896],[28.64725,44.19878],[28.6473,44.19869],[28.64734,44.1986],[28.64751,44.19823],[28.64775,44.19773],[28.64797,44.1973],[28.64807,44.19709],[28.64817,44.19689],[28.64821,44.19682],[28.64825,44.19672],[28.64846,44.19627],[28.64869,44.19579],[28.6489,44.19537],[28.64912,44.19491],[28.64915,44.19485],[28.64934,44.19444],[28.64956,44.19398],[28.64967,44.19372],[28.64977,44.19348],[28.64994,44.19297],[28.65002,44.19269],[28.6501,44.1924],[28.65018,44.19212],[28.65025,44.19184],[28.65039,44.1914],[28.65054,44.19091],[28.65062,44.19068],[28.65072,44.19029],[28.65079,44.19],[28.65082,44.18986],[28.65082,44.18981],[28.65082,44.18969],[28.65082,44.18962],[28.65082,44.18955],[28.65081,44.18942],[28.65079,44.18929],[28.65071,44.18905],[28.65065,44.18889],[28.6506,44.18876],[28.65055,44.18861],[28.65045,44.18838],[28.65036,44.18814],[28.65022,44.18788],[28.65004,44.18762],[28.64992,44.18747],[28.64979,44.18732],[28.64954,44.1871],[28.64926,44.18689],[28.64912,44.1868],[28.64897,44.18671],[28.6487,44.18658],[28.64799,44.1863],[28.6466,44.18567],[28.64548,44.18491],[28.64671,44.18361],[28.65001,44.18029],[28.65173,44.17857],[28.64978,44.17762],[28.64951,44.17749],[28.64908,44.17728],[28.64898,44.17723],[28.64874,44.17711],[28.64861,44.17704],[28.64812,44.1768],[28.64725,44.17638],[28.64622,44.17588],[28.64581,44.17568],[28.64472,44.17513],[28.64425,44.17491],[28.64408,44.17482],[28.64391,44.17474],[28.64324,44.17442],[28.64257,44.17408],[28.64222,44.17391],[28.64216,44.17387],[28.64167,44.1735],[28.64142,44.1733],[28.64094,44.17294],[28.64086,44.17288],[28.64066,44.17273],[28.64045,44.17257],[28.63977,44.17207],[28.63878,44.17128],[28.63818,44.17085],[28.63809,44.17079],[28.6379,44.17068],[28.6377,44.17059],[28.63736,44.17045],[28.63708,44.17034],[28.63677,44.17024],[28.63602,44.17003],[28.63528,44.16981],[28.63378,44.16938],[28.63362,44.16934],[28.63334,44.16923],[28.63337,44.1691],[28.63346,44.16892],[28.63347,44.16885],[28.6336,44.16868],[28.63383,44.16833],[28.63388,44.16827],[28.63394,44.1682],[28.63408,44.1681],[28.63416,44.16805],[28.63423,44.16802],[28.63445,44.1679],[28.63473,44.16777],[28.6349,44.16771],[28.63495,44.16765],[28.63497,44.16757],[28.63498,44.1675],[28.63498,44.16741],[28.63498,44.16735],[28.63498,44.16729],[28.63489,44.16723],[28.63479,44.16716],[28.63474,44.16713],[28.63469,44.1671],[28.63464,44.16707],[28.63459,44.16703],[28.63452,44.16698],[28.63446,44.16692],[28.63432,44.16679],[28.63418,44.16664],[28.63413,44.16656],[28.63408,44.16648],[28.63404,44.1664],[28.63399,44.16631],[28.63393,44.16622],[28.63381,44.16602],[28.63343,44.16536],[28.63323,44.16501],[28.6332,44.16495],[28.63307,44.16471],[28.63294,44.16448],[28.63282,44.16425],[28.63276,44.16413],[28.6327,44.16402],[28.63267,44.16395],[28.63264,44.16387],[28.63257,44.16372],[28.6325,44.16356],[28.63248,44.16351],[28.63246,44.16346],[28.63237,44.1632],[28.63228,44.1629],[28.63222,44.16273],[28.63219,44.16263],[28.63211,44.16239],[28.63205,44.16218],[28.63199,44.16196],[28.63193,44.16171],[28.63187,44.16145],[28.63182,44.16116],[28.63177,44.16087],[28.63173,44.16058],[28.63169,44.16037],[28.63168,44.16032],[28.63167,44.16022],[28.63167,44.16012],[28.63166,44.15994],[28.63164,44.15974],[28.63162,44.15926],[28.63162,44.15897],[28.63162,44.15875],[28.63161,44.15857],[28.63159,44.15843],[28.63155,44.15821],[28.63149,44.15803],[28.63146,44.15795],[28.63142,44.15785],[28.63139,44.15779],[28.63136,44.15774],[28.63127,44.15761],[28.63121,44.15751],[28.63101,44.15726],[28.63096,44.15719],[28.63078,44.15696],[28.63051,44.1566],[28.63022,44.15624],[28.63006,44.15602],[28.6298,44.15568],[28.62969,44.15555],[28.6296,44.15541],[28.6294,44.15514],[28.62932,44.15502],[28.62913,44.15491],[28.62902,44.15475],[28.62891,44.1546],[28.62884,44.1545],[28.62882,44.15447],[28.62879,44.1544],[28.62879,44.15436],[28.62879,44.15433],[28.62879,44.15426],[28.62873,44.15416],[28.62867,44.15404],[28.6285,44.15369],[28.62837,44.15344],[28.62823,44.15315],[28.62793,44.15254],[28.62762,44.15193],[28.62751,44.1517],[28.62719,44.15107],[28.62687,44.15042],[28.62679,44.15027],[28.62653,44.14978],[28.62628,44.14928],[28.62597,44.14863],[28.62565,44.14798],[28.62543,44.14753],[28.62522,44.14706],[28.62506,44.14676],[28.62491,44.14645],[28.62464,44.14598],[28.62458,44.14586],[28.62443,44.14554],[28.62417,44.14495],[28.62404,44.14491],[28.62392,44.14487],[28.62386,44.14478],[28.62392,44.14468],[28.62399,44.1446],[28.62379,44.14414],[28.62349,44.14351],[28.62309,44.14286],[28.62251,44.14157],[28.6223,44.14163],[28.62192,44.14177],[28.61868,44.14278],[28.6182,44.14291],[28.61624,44.14352],[28.61426,44.14414],[28.6139,44.14424],[28.61244,44.14468],[28.61198,44.14482],[28.61174,44.14489],[28.61151,44.14495],[28.61138,44.14498],[28.61125,44.14501],[28.61116,44.14507],[28.61101,44.1452],[28.61037,44.14578],[28.61026,44.14588],[28.60994,44.14618],[28.60863,44.14746],[28.60819,44.14785],[28.60814,44.14791],[28.60734,44.14864],[28.607,44.14896],[28.60666,44.14929],[28.60604,44.14986],[28.60573,44.15015],[28.60542,44.15044],[28.60527,44.15058],[28.60512,44.15073],[28.60488,44.15094],[28.60476,44.15105],[28.60415,44.15163],[28.60353,44.1522],[28.60259,44.15156],[28.60243,44.15147],[28.60228,44.15139],[28.60195,44.15125],[28.60176,44.15117],[28.60172,44.15113],[28.60175,44.15109],[28.60182,44.15104],[28.60191,44.151],[28.60199,44.15105],[28.60227,44.15129],[28.60259,44.15152]]},"properties":{"line":"5-40","dir":"1","mode":"bus"}},{"type":"Feature","geometry":{"type":"LineString","coordinates":[[28.60259,44.15152],[28.60262,44.15154],[28.60352,44.15216],[28.60474,44.15103],[28.60502,44.15077],[28.6051,44.1507],[28.60538,44.15043],[28.60663,44.14927],[28.60732,44.14861],[28.6079,44.14807],[28.60811,44.14788],[28.60818,44.14781],[28.60905,44.14699],[28.60991,44.14616],[28.61026,44.14584],[28.61059,44.14552],[28.61121,44.14494],[28.61127,44.14482],[28.61052,44.14414],[28.60977,44.14347],[28.60802,44.1419],[28.60556,44.13953],[28.60475,44.13881],[28.60428,44.13837],[28.60381,44.13794],[28.60329,44.13748],[28.60451,44.13735],[28.60735,44.13703],[28.60823,44.13694],[28.60972,44.13682],[28.61003,44.13751],[28.6108,44.13934],[28.6111,44.13998],[28.61242,44.13968],[28.61328,44.13948],[28.6146,44.13919],[28.61503,44.13909],[28.61636,44.13878],[28.61767,44.13849],[28.61897,44.13819],[28.61927,44.13812],[28.61987,44.13799],[28.62012,44.13794],[28.62036,44.13788],[28.62068,44.13787],[28.62059,44.13779],[28.62055,44.13774],[28.62046,44.13759],[28.62045,44.13751],[28.62013,44.13685],[28.62004,44.13676],[28.61964,44.13592],[28.61944,44.1355],[28.61923,44.13508],[28.61914,44.13489],[28.61904,44.13467],[28.61878,44.13415],[28.61851,44.13364],[28.61796,44.1326],[28.61766,44.13201],[28.61758,44.13191],[28.61754,44.13188],[28.6175,44.13185],[28.61746,44.13183],[28.61739,44.13173],[28.61739,44.13169],[28.6174,44.13166],[28.61745,44.1316],[28.61752,44.13156],[28.61764,44.13156],[28.6177,44.13157],[28.61776,44.1316],[28.6178,44.13165],[28.61783,44.1317],[28.61781,44.13177],[28.61782,44.13187],[28.61786,44.13198],[28.61801,44.13231],[28.61825,44.13281],[28.6185,44.13331],[28.61875,44.1338],[28.61889,44.13404],[28.61895,44.13417],[28.61901,44.13429],[28.6195,44.13529],[28.61973,44.13578],[28.61998,44.13628],[28.62011,44.13656],[28.62019,44.13672],[28.62017,44.13684],[28.62044,44.1374],[28.6205,44.1375],[28.62056,44.13754],[28.62064,44.13764],[28.62069,44.13769],[28.62074,44.13773],[28.62086,44.1378],[28.62093,44.13781],[28.62098,44.13784],[28.62105,44.13793],[28.62098,44.13806],[28.62098,44.13814],[28.62097,44.13832],[28.62094,44.13839],[28.62106,44.13863],[28.62127,44.13906],[28.62147,44.13946],[28.62161,44.13974],[28.62175,44.14001],[28.62194,44.14033],[28.62204,44.14058],[28.62226,44.14103],[28.62248,44.14148],[28.62252,44.14157],[28.62277,44.14205],[28.62301,44.14255],[28.62349,44.14351],[28.6238,44.14413],[28.62387,44.14428],[28.62394,44.14438],[28.62419,44.14466],[28.62424,44.14467],[28.62428,44.1447],[28.62432,44.14475],[28.62435,44.14478],[28.62436,44.14482],[28.62435,44.14487],[28.62431,44.14493],[28.62428,44.14497],[28.6243,44.14515],[28.62446,44.14551],[28.62464,44.14589],[28.62469,44.14598],[28.62482,44.14621],[28.62489,44.14632],[28.62495,44.14644],[28.62512,44.14675],[28.62526,44.14706],[28.62538,44.14729],[28.6255,44.14752],[28.62572,44.14798],[28.62602,44.14862],[28.62633,44.14925],[28.62658,44.14975],[28.62685,44.15025],[28.62693,44.15042],[28.62725,44.15105],[28.62757,44.15169],[28.62768,44.15191],[28.628,44.15253],[28.62813,44.15284],[28.6283,44.15316],[28.62854,44.15366],[28.62871,44.15404],[28.62875,44.15408],[28.62883,44.1542],[28.62894,44.1544],[28.62906,44.15453],[28.62983,44.15566],[28.63008,44.15601],[28.63024,44.15621],[28.6308,44.15693],[28.63096,44.15713],[28.63103,44.15723],[28.63117,44.15743],[28.63127,44.15756],[28.63136,44.1577],[28.63145,44.15784],[28.63149,44.15792],[28.63154,44.15804],[28.63158,44.15817],[28.63163,44.15843],[28.63165,44.15855],[28.63166,44.15875],[28.63166,44.15894],[28.63166,44.15926],[28.63169,44.15973],[28.63172,44.16015],[28.63173,44.16036],[28.63176,44.16057],[28.63181,44.16087],[28.63186,44.16116],[28.63191,44.16145],[28.63194,44.16157],[28.63197,44.1617],[28.632,44.16182],[28.63203,44.16195],[28.63208,44.16218],[28.63215,44.16238],[28.63224,44.16265],[28.63232,44.1629],[28.63241,44.16319],[28.63252,44.16349],[28.63254,44.16356],[28.63261,44.16372],[28.63268,44.16387],[28.63274,44.16401],[28.63286,44.16425],[28.63298,44.16448],[28.63311,44.16471],[28.63324,44.16494],[28.63335,44.16515],[28.63348,44.16535],[28.63408,44.16638],[28.63433,44.16674],[28.63456,44.16695],[28.63546,44.16756],[28.63448,44.16795],[28.634,44.16822],[28.63343,44.16931],[28.63293,44.16913],[28.63279,44.16896],[28.63316,44.16834],[28.63335,44.16827],[28.63353,44.16843],[28.63346,44.16855],[28.63319,44.16866],[28.6331,44.16876],[28.63306,44.16888],[28.633,44.16907],[28.63338,44.16918],[28.6336,44.16868]]},"properties":{"line":"5b","dir":"0","mode":"bus"}},{"type":"Feature","geometry":{"type":"LineString","coordinates":[[28.6336,44.16868],[28.63383,44.16833],[28.63388,44.16827],[28.63394,44.1682],[28.63408,44.1681],[28.63416,44.16805],[28.63423,44.16802],[28.63445,44.1679],[28.63473,44.16777],[28.6349,44.16771],[28.63495,44.16765],[28.63497,44.16757],[28.63498,44.1675],[28.63498,44.16741],[28.63498,44.16735],[28.63498,44.16729],[28.63489,44.16723],[28.63479,44.16716],[28.63474,44.16713],[28.63469,44.1671],[28.63464,44.16707],[28.63459,44.16703],[28.63452,44.16698],[28.63446,44.16692],[28.63432,44.16679],[28.63418,44.16664],[28.63413,44.16656],[28.63408,44.16648],[28.63404,44.1664],[28.63399,44.16631],[28.63393,44.16622],[28.63381,44.16602],[28.63343,44.16536],[28.63323,44.16501],[28.6332,44.16495],[28.63307,44.16471],[28.63294,44.16448],[28.63282,44.16425],[28.63276,44.16413],[28.6327,44.16402],[28.63267,44.16395],[28.63264,44.16387],[28.63257,44.16372],[28.6325,44.16356],[28.63248,44.16351],[28.63246,44.16346],[28.63237,44.1632],[28.63228,44.1629],[28.63222,44.16273],[28.63219,44.16263],[28.63211,44.16239],[28.63205,44.16218],[28.63199,44.16196],[28.63193,44.16171],[28.63187,44.16145],[28.63182,44.16116],[28.63177,44.16087],[28.63173,44.16058],[28.63169,44.16037],[28.63168,44.16032],[28.63167,44.16022],[28.63167,44.16012],[28.63166,44.15994],[28.63164,44.15974],[28.63162,44.15926],[28.63162,44.15897],[28.63162,44.15875],[28.63161,44.15857],[28.63159,44.15843],[28.63155,44.15821],[28.63149,44.15803],[28.63146,44.15795],[28.63142,44.15785],[28.63139,44.15779],[28.63136,44.15774],[28.63127,44.15761],[28.63121,44.15751],[28.63101,44.15726],[28.63096,44.15719],[28.63078,44.15696],[28.63051,44.1566],[28.63022,44.15624],[28.63006,44.15602],[28.6298,44.15568],[28.62969,44.15555],[28.6296,44.15541],[28.6294,44.15514],[28.62932,44.15502],[28.62913,44.15491],[28.62902,44.15475],[28.62891,44.1546],[28.62884,44.1545],[28.62882,44.15447],[28.62879,44.1544],[28.62879,44.15436],[28.62879,44.15433],[28.62879,44.15426],[28.62873,44.15416],[28.62867,44.15404],[28.6285,44.15369],[28.62837,44.15344],[28.62823,44.15315],[28.62793,44.15254],[28.62762,44.15193],[28.62751,44.1517],[28.62719,44.15107],[28.62687,44.15042],[28.62679,44.15027],[28.62653,44.14978],[28.62628,44.14928],[28.62597,44.14863],[28.62565,44.14798],[28.62543,44.14753],[28.62522,44.14706],[28.62506,44.14676],[28.62491,44.14645],[28.62464,44.14598],[28.62458,44.14586],[28.62443,44.14554],[28.62424,44.14517],[28.62415,44.14503],[28.62402,44.14499],[28.62394,44.14496],[28.6239,44.14493],[28.62387,44.14487],[28.62387,44.14481],[28.62389,44.1447],[28.62389,44.14463],[28.62387,44.1444],[28.62375,44.14417],[28.62344,44.14352],[28.62296,44.14257],[28.6225,44.14166],[28.62243,44.1415],[28.62198,44.1406],[28.62191,44.14044],[28.62172,44.14004],[28.62144,44.13948],[28.62124,44.13907],[28.62102,44.13864],[28.6209,44.13841],[28.62084,44.13835],[28.62073,44.13807],[28.62065,44.13799],[28.62065,44.13793],[28.6204,44.13791],[28.61971,44.13805],[28.61938,44.13813],[28.61899,44.13821],[28.61834,44.13836],[28.61769,44.13851],[28.61703,44.13866],[28.61639,44.1388],[28.61571,44.13896],[28.61504,44.13911],[28.6143,44.13928],[28.61108,44.14003],[28.60989,44.13753],[28.60964,44.13687],[28.60736,44.13708],[28.60342,44.13749],[28.60565,44.13949],[28.60609,44.14002],[28.60642,44.14033],[28.60702,44.1409],[28.60709,44.14097],[28.60799,44.14181],[28.6086,44.14232],[28.60916,44.14288],[28.6096,44.14328],[28.60972,44.14339],[28.61014,44.14376],[28.61051,44.14409],[28.6115,44.14493],[28.61138,44.14495],[28.61121,44.14498],[28.61111,44.14505],[28.61095,44.14518],[28.61037,44.14578],[28.61026,44.14588],[28.60994,44.14618],[28.60863,44.14746],[28.60819,44.14785],[28.60814,44.14791],[28.60734,44.14864],[28.607,44.14896],[28.60666,44.14929],[28.60604,44.14986],[28.60573,44.15015],[28.60542,44.15044],[28.60527,44.15058],[28.60512,44.15073],[28.60488,44.15094],[28.60476,44.15105],[28.60415,44.15163],[28.60353,44.1522],[28.60259,44.15156],[28.60243,44.15147],[28.60228,44.15139],[28.60195,44.15125],[28.60176,44.15117],[28.60172,44.15113],[28.60175,44.15109],[28.60182,44.15104],[28.60191,44.151],[28.60199,44.15105],[28.60227,44.15129],[28.60259,44.15152]]},"properties":{"line":"5b","dir":"1","mode":"bus"}},{"type":"Feature","geometry":{"type":"LineString","coordinates":[[28.62118,44.13388],[28.62131,44.13417],[28.62129,44.13448],[28.62111,44.13463],[28.62055,44.13476],[28.61968,44.13507],[28.6196,44.13518],[28.61956,44.1353],[28.61954,44.13548],[28.61998,44.13628],[28.62011,44.13656],[28.62019,44.13672],[28.62017,44.13684],[28.62044,44.1374],[28.6205,44.1375],[28.62056,44.13754],[28.62064,44.13764],[28.62069,44.13769],[28.62074,44.13773],[28.62086,44.1378],[28.62093,44.13781],[28.62098,44.13784],[28.62105,44.13793],[28.62098,44.13806],[28.62098,44.13814],[28.62097,44.13832],[28.62094,44.13839],[28.62106,44.13863],[28.62127,44.13906],[28.62147,44.13946],[28.62161,44.13974],[28.62175,44.14001],[28.62194,44.14033],[28.62296,44.14235],[28.62348,44.14335],[28.62395,44.14436],[28.62416,44.14464],[28.62433,44.1447],[28.62438,44.14486],[28.62418,44.14499],[28.62401,44.14495],[28.62391,44.14488],[28.62397,44.14461],[28.62327,44.14309],[28.62254,44.14163],[28.62192,44.14177],[28.61868,44.14278],[28.61822,44.14291],[28.6187,44.1439],[28.61919,44.14488],[28.6195,44.14541],[28.61965,44.14557],[28.61983,44.14575],[28.62023,44.1464],[28.62048,44.14674],[28.62056,44.14682],[28.62163,44.14797],[28.62179,44.14814],[28.62191,44.14826],[28.62352,44.15],[28.6237,44.15019],[28.62391,44.1504],[28.62418,44.1507],[28.62437,44.15063],[28.62451,44.15056],[28.6246,44.15052],[28.62474,44.15046],[28.62484,44.15046],[28.62493,44.15047],[28.62499,44.15052],[28.62502,44.15057],[28.62503,44.15063],[28.62498,44.15084],[28.62492,44.15093],[28.62484,44.15098],[28.62474,44.15101],[28.62467,44.15102],[28.62459,44.15101],[28.62452,44.151],[28.62435,44.15099],[28.62425,44.15099],[28.62417,44.15099],[28.62408,44.15101],[28.62401,44.15103],[28.62392,44.15107],[28.62313,44.15154],[28.6229,44.15168],[28.62266,44.15181],[28.62245,44.15192],[28.62223,44.15202],[28.62215,44.15203],[28.62206,44.15209],[28.62134,44.15254],[28.62089,44.15282],[28.62065,44.15295],[28.62054,44.15306],[28.62054,44.1531],[28.6205,44.15312],[28.62046,44.15314],[28.62042,44.15314],[28.62038,44.15314],[28.61969,44.15355],[28.61935,44.15376],[28.61899,44.15397],[28.6188,44.15409],[28.61841,44.15434],[28.61801,44.15459],[28.61765,44.15482],[28.61712,44.15515],[28.61657,44.15549],[28.61635,44.15563],[28.61597,44.15587],[28.61557,44.15612],[28.61537,44.15625],[28.61527,44.15631],[28.61507,44.15644],[28.61502,44.1565],[28.61489,44.15662],[28.61482,44.15669],[28.61481,44.15676],[28.61476,44.1568],[28.61471,44.15683],[28.61463,44.15686],[28.61456,44.15685],[28.61427,44.15695],[28.61416,44.15696],[28.61392,44.15711],[28.61388,44.15713],[28.61358,44.15733],[28.61228,44.15813],[28.61206,44.15827],[28.612,44.15836],[28.61188,44.15845],[28.61186,44.15853],[28.6118,44.15857],[28.6117,44.15859],[28.6116,44.15857],[28.61146,44.15861],[28.61136,44.15866],[28.61107,44.1588],[28.61055,44.15906],[28.61005,44.15931],[28.60985,44.15941],[28.60963,44.15952],[28.60495,44.1619],[28.6074,44.16514],[28.60765,44.16546],[28.60795,44.16587],[28.60804,44.166],[28.60846,44.16653],[28.6087,44.16683],[28.60894,44.16716],[28.60912,44.16743],[28.60925,44.16764],[28.60941,44.16792],[28.60951,44.16812],[28.60959,44.16832],[28.60971,44.16862],[28.60976,44.16876],[28.6098,44.16891],[28.60984,44.16905],[28.60988,44.16919],[28.60994,44.16949],[28.60997,44.16962],[28.60998,44.1697],[28.60999,44.16977],[28.61002,44.17003],[28.61004,44.17032],[28.61004,44.17038],[28.61009,44.17047],[28.61011,44.17052],[28.61012,44.17067],[28.61022,44.17072],[28.61027,44.17077],[28.61027,44.17089],[28.61022,44.17094],[28.61014,44.17098],[28.61014,44.17118],[28.61013,44.17125],[28.61015,44.17192],[28.61014,44.17214],[28.61014,44.17222],[28.61016,44.17243],[28.61017,44.17255],[28.61018,44.17261],[28.6102,44.17267],[28.61027,44.17279],[28.61034,44.17292],[28.61048,44.17315],[28.61068,44.17338],[28.61105,44.17379],[28.61188,44.17465],[28.61203,44.17479],[28.61273,44.17549],[28.61306,44.17581],[28.61344,44.17615],[28.6137,44.17643],[28.61375,44.17647],[28.61393,44.17662],[28.61409,44.17671],[28.61419,44.17672],[28.61427,44.17676],[28.61432,44.17682],[28.61433,44.17689],[28.61431,44.17694],[28.61444,44.17711],[28.61457,44.17729],[28.61463,44.17734],[28.61497,44.17767],[28.61578,44.17843],[28.61594,44.17858],[28.61613,44.17876],[28.61672,44.1793],[28.61727,44.17985],[28.61756,44.18012],[28.61774,44.18035],[28.61779,44.1804],[28.61807,44.18087],[28.61827,44.18118],[28.61836,44.18129],[28.61856,44.18153],[28.61866,44.18165],[28.61872,44.18172],[28.61883,44.18178],[28.61889,44.18187],[28.61906,44.18208],[28.6192,44.18227],[28.61966,44.18284],[28.6199,44.18314],[28.62018,44.18345],[28.62048,44.18381],[28.62079,44.18418],[28.62105,44.18448],[28.62113,44.18457],[28.62128,44.18475],[28.62136,44.18485],[28.6214,44.18494],[28.62182,44.1855],[28.62189,44.1856],[28.62217,44.18596],[28.62244,44.18633],[28.62289,44.18691],[28.62335,44.18748],[28.62351,44.18766],[28.62361,44.18779],[28.62382,44.18804],[28.62404,44.18832],[28.62416,44.18846],[28.62426,44.1886],[28.62431,44.18868],[28.62436,44.18875],[28.62441,44.18886],[28.62445,44.18897],[28.6245,44.18907],[28.62453,44.18917],[28.62457,44.18927],[28.62459,44.18937],[28.62462,44.18946],[28.62464,44.18955],[28.62465,44.18964],[28.62466,44.18974],[28.62468,44.18988],[28.62468,44.19002],[28.62468,44.19023],[28.62468,44.19029],[28.62471,44.19058],[28.62474,44.19061],[28.62475,44.19071],[28.62471,44.19075],[28.62467,44.19078],[28.62459,44.19098],[28.62451,44.19118],[28.62446,44.19146],[28.6243,44.19233],[28.62426,44.19255],[28.62423,44.1927],[28.62409,44.19339],[28.62402,44.19374],[28.62399,44.19391],[28.62397,44.19409],[28.62395,44.19419],[28.62394,44.19429],[28.62393,44.19442],[28.62393,44.19457],[28.62392,44.19468],[28.62395,44.19581],[28.62405,44.19674],[28.62418,44.19736],[28.62489,44.19864],[28.6262,44.19993],[28.62728,44.20073],[28.62776,44.20109],[28.62794,44.20124],[28.62822,44.20142],[28.62858,44.20168],[28.62896,44.20186],[28.62934,44.20206],[28.62984,44.20219],[28.6305,44.20228],[28.63018,44.20334],[28.63016,44.20342],[28.62991,44.20429],[28.62989,44.20441],[28.62983,44.20469],[28.62983,44.20477],[28.62981,44.20486],[28.62977,44.20507],[28.62973,44.20518],[28.62965,44.20551],[28.62958,44.20596],[28.62948,44.20639],[28.62944,44.20651],[28.62932,44.20727],[28.62923,44.20765],[28.62918,44.20803],[28.6291,44.20836],[28.62904,44.20882],[28.62901,44.20896],[28.62889,44.20959],[28.62882,44.21027],[28.62873,44.21099],[28.62869,44.21136],[28.62867,44.21171],[28.62861,44.21217],[28.6286,44.21228],[28.62852,44.21322],[28.62849,44.21371],[28.62844,44.21461],[28.6284,44.21479],[28.6284,44.21499],[28.62839,44.21529],[28.62838,44.21556],[28.62841,44.21574],[28.6284,44.216],[28.6284,44.21626],[28.62837,44.21649],[28.62823,44.21667],[28.62805,44.21676],[28.62791,44.21671],[28.6278,44.21664],[28.6276,44.21645],[28.62733,44.21623],[28.62688,44.21595],[28.62661,44.21577],[28.6264,44.21563],[28.62614,44.21549],[28.62553,44.215],[28.62537,44.2149],[28.62525,44.21481],[28.6251,44.21471],[28.62482,44.21452],[28.62455,44.21433],[28.62447,44.21427],[28.6244,44.21427],[28.62418,44.21414],[28.62379,44.21387],[28.62369,44.2138],[28.62359,44.21379],[28.62353,44.21375],[28.62351,44.21369],[28.62267,44.21303],[28.62232,44.21278],[28.62202,44.21257],[28.62171,44.21236],[28.62125,44.21204],[28.62078,44.21172],[28.62024,44.21135],[28.62003,44.2112],[28.61982,44.21106],[28.61935,44.21074],[28.61889,44.21042],[28.61844,44.2101],[28.61798,44.20979],[28.61783,44.20969],[28.61758,44.20953],[28.61725,44.20928],[28.61694,44.20906],[28.61687,44.20905],[28.61681,44.20901],[28.61665,44.20895],[28.61647,44.20888],[28.6162,44.20883],[28.61605,44.2088],[28.6159,44.20879],[28.61575,44.20878],[28.61559,44.20879],[28.61545,44.20879],[28.61527,44.20881],[28.61499,44.20884],[28.61466,44.2089],[28.61439,44.20893],[28.61431,44.20901],[28.61415,44.20917],[28.61408,44.20923],[28.61405,44.20932],[28.61387,44.20946],[28.61355,44.20969],[28.61324,44.20992],[28.6129,44.21016],[28.61188,44.21088],[28.61144,44.21118],[28.61064,44.21177],[28.61019,44.21212],[28.60974,44.21246],[28.60955,44.21259],[28.60943,44.21268],[28.60904,44.21297],[28.60868,44.21322],[28.60864,44.21336],[28.60856,44.21346],[28.60843,44.21361],[28.60832,44.21385],[28.60826,44.21397],[28.60815,44.21409],[28.60802,44.21423],[28.60778,44.21446],[28.60778,44.21451],[28.6078,44.21457],[28.60779,44.21462],[28.60776,44.21465],[28.6077,44.21469],[28.60762,44.2147],[28.60752,44.21468],[28.60747,44.21465],[28.60744,44.21457],[28.60745,44.21452],[28.60735,44.21443],[28.60732,44.21437],[28.60718,44.21427],[28.60711,44.21422],[28.60704,44.21417],[28.60699,44.21412],[28.60695,44.21407],[28.60696,44.21395],[28.607,44.21388],[28.60706,44.21383],[28.60722,44.21373],[28.60738,44.21361],[28.60755,44.21344],[28.60759,44.21339],[28.60763,44.2132],[28.60756,44.21312],[28.60754,44.21304],[28.60756,44.21299],[28.6076,44.21293],[28.60766,44.21289],[28.6077,44.21278],[28.60766,44.2127],[28.60743,44.21253],[28.60718,44.21237],[28.60709,44.21232],[28.60593,44.21157]]},"properties":{"line":"13","dir":"0","mode":"bus"}},{"type":"Feature","geometry":{"type":"LineString","coordinates":[[28.60593,44.21157],[28.60583,44.2115],[28.60577,44.21145],[28.60567,44.21142],[28.60548,44.21135],[28.60532,44.21138],[28.60518,44.21136],[28.6051,44.21124],[28.60517,44.21111],[28.60533,44.21113],[28.60552,44.21124],[28.60576,44.21133],[28.60763,44.21265],[28.60772,44.21272],[28.6079,44.21286],[28.60796,44.21289],[28.60804,44.21293],[28.60809,44.213],[28.6081,44.21308],[28.60807,44.21314],[28.60816,44.21319],[28.6083,44.2132],[28.60851,44.21314],[28.60964,44.21236],[28.61019,44.21195],[28.61074,44.21155],[28.61123,44.21119],[28.61228,44.21046],[28.61268,44.21016],[28.61309,44.20987],[28.61372,44.2094],[28.61393,44.20924],[28.61405,44.20921],[28.61429,44.20899],[28.61438,44.2089],[28.61449,44.20882],[28.61467,44.20867],[28.61501,44.20837],[28.61545,44.208],[28.61593,44.20831],[28.61657,44.20876],[28.61687,44.20897],[28.61701,44.20907],[28.61756,44.20945],[28.61786,44.20966],[28.618,44.20977],[28.61892,44.21039],[28.61985,44.21104],[28.62027,44.21133],[28.6208,44.21169],[28.62174,44.21233],[28.62236,44.21276],[28.62269,44.21301],[28.62278,44.21303],[28.62293,44.21312],[28.62328,44.21336],[28.62364,44.21359],[28.62373,44.21359],[28.6238,44.21366],[28.62381,44.21372],[28.62443,44.21413],[28.62447,44.2142],[28.62449,44.21425],[28.62458,44.21431],[28.62512,44.21469],[28.62528,44.2148],[28.6254,44.21488],[28.62555,44.21499],[28.62565,44.21505],[28.62574,44.21511],[28.62595,44.21528],[28.62617,44.21545],[28.62641,44.21562],[28.62648,44.21567],[28.62667,44.21571],[28.62676,44.21573],[28.62685,44.21575],[28.62716,44.21584],[28.62727,44.21584],[28.62738,44.21584],[28.62763,44.21585],[28.62791,44.21587],[28.62811,44.21589],[28.62826,44.21585],[28.62825,44.21563],[28.62826,44.21556],[28.62834,44.21509],[28.62835,44.21489],[28.62836,44.21472],[28.62839,44.21437],[28.62849,44.21275],[28.62849,44.21266],[28.62855,44.21173],[28.62856,44.21157],[28.62875,44.21027],[28.62886,44.20924],[28.62894,44.20894],[28.62903,44.20834],[28.62909,44.20802],[28.62938,44.2065],[28.6294,44.20639],[28.62959,44.2055],[28.62969,44.20507],[28.62975,44.20483],[28.62977,44.20472],[28.62981,44.20449],[28.62983,44.20441],[28.6299,44.20388],[28.63012,44.20341],[28.63031,44.20269],[28.63025,44.20255],[28.63019,44.20247],[28.63012,44.2024],[28.63002,44.20234],[28.62983,44.20224],[28.62967,44.20221],[28.62954,44.20217],[28.62928,44.20208],[28.62909,44.202],[28.62895,44.20194],[28.62887,44.20198],[28.62879,44.20196],[28.62875,44.20191],[28.62876,44.20186],[28.62854,44.20169],[28.62799,44.20134],[28.62751,44.20101],[28.62689,44.20055],[28.62671,44.20041],[28.62654,44.20026],[28.62561,44.19953],[28.62538,44.19934],[28.62526,44.19923],[28.62514,44.19912],[28.62501,44.199],[28.62488,44.19886],[28.62479,44.19877],[28.62468,44.19862],[28.62459,44.19849],[28.6245,44.19836],[28.62442,44.19821],[28.62435,44.19807],[28.62424,44.19781],[28.62413,44.19752],[28.62408,44.19734],[28.624,44.19716],[28.62392,44.19697],[28.62389,44.1969],[28.62387,44.19681],[28.62384,44.19666],[28.62379,44.19661],[28.6238,44.19654],[28.62378,44.19639],[28.62378,44.19626],[28.6238,44.19614],[28.62381,44.19603],[28.62385,44.19582],[28.62384,44.19572],[28.62385,44.19555],[28.62386,44.19538],[28.62386,44.19517],[28.62386,44.19501],[28.62388,44.19465],[28.6239,44.19429],[28.62393,44.19409],[28.62395,44.19391],[28.62398,44.19374],[28.62405,44.19339],[28.62412,44.19304],[28.62416,44.19287],[28.62417,44.19279],[28.62419,44.1927],[28.62422,44.19258],[28.62429,44.19219],[28.62432,44.192],[28.6244,44.19153],[28.62442,44.19148],[28.62444,44.19134],[28.62447,44.19118],[28.62447,44.19098],[28.62447,44.19086],[28.62445,44.19062],[28.6245,44.19058],[28.62453,44.19051],[28.62461,44.19032],[28.62464,44.19026],[28.62465,44.19002],[28.62463,44.18974],[28.62456,44.18938],[28.62449,44.18917],[28.62442,44.18897],[28.62433,44.18879],[28.62423,44.18861],[28.62381,44.18809],[28.6236,44.18783],[28.62344,44.18764],[28.62291,44.18699],[28.62265,44.18666],[28.6224,44.18632],[28.62213,44.18598],[28.62186,44.18563],[28.62172,44.18545],[28.62151,44.18518],[28.62133,44.18498],[28.62122,44.18491],[28.62098,44.18465],[28.62039,44.18397],[28.62033,44.18391],[28.62019,44.18375],[28.62006,44.18358],[28.61957,44.18296],[28.61908,44.18233],[28.61893,44.18215],[28.61879,44.18195],[28.61874,44.18189],[28.6187,44.18182],[28.61868,44.18174],[28.61827,44.18124],[28.61824,44.18121],[28.61805,44.1809],[28.61797,44.18078],[28.6177,44.18041],[28.61751,44.18017],[28.6173,44.17994],[28.61707,44.17969],[28.61682,44.17945],[28.61649,44.17914],[28.61612,44.17878],[28.61592,44.1786],[28.61576,44.17845],[28.61536,44.17807],[28.61496,44.1777],[28.61464,44.1774],[28.61461,44.17738],[28.61451,44.1773],[28.61432,44.17718],[28.61408,44.17703],[28.61403,44.17703],[28.6139,44.17697],[28.61388,44.17693],[28.61386,44.17688],[28.61389,44.17681],[28.61381,44.17668],[28.61369,44.1765],[28.61338,44.1762],[28.613,44.17584],[28.61269,44.17554],[28.61234,44.17519],[28.61197,44.17481],[28.61183,44.17467],[28.61142,44.17425],[28.61121,44.17403],[28.611,44.17381],[28.6108,44.17361],[28.61061,44.17341],[28.6105,44.1733],[28.61041,44.17318],[28.61033,44.17306],[28.61027,44.17293],[28.61021,44.1728],[28.61016,44.17267],[28.61012,44.17256],[28.61011,44.17243],[28.6101,44.17233],[28.61009,44.17227],[28.61009,44.17222],[28.6101,44.17207],[28.6101,44.17192],[28.61009,44.17177],[28.61009,44.17162],[28.61007,44.17154],[28.61007,44.17146],[28.61007,44.17141],[28.61004,44.17133],[28.61,44.17116],[28.60998,44.17098],[28.60988,44.17093],[28.60983,44.17088],[28.60982,44.17083],[28.60983,44.17078],[28.60988,44.17072],[28.60995,44.17068],[28.60995,44.17053],[28.60997,44.17045],[28.61,44.17037],[28.60997,44.17003],[28.60995,44.16977],[28.6099,44.1695],[28.60984,44.16921],[28.60977,44.16893],[28.60972,44.16878],[28.60966,44.16863],[28.60961,44.16848],[28.6095,44.16821],[28.60936,44.16792],[28.60929,44.16778],[28.60921,44.16765],[28.60908,44.16744],[28.60899,44.16731],[28.60891,44.16718],[28.60866,44.16684],[28.60843,44.16654],[28.60822,44.16628],[28.60812,44.16614],[28.60801,44.166],[28.60791,44.16588],[28.60776,44.16567],[28.60761,44.16547],[28.60728,44.16503],[28.6048,44.16185],[28.6067,44.16082],[28.60749,44.16052],[28.60819,44.16018],[28.60982,44.15938],[28.61001,44.15929],[28.61041,44.15909],[28.61087,44.15885],[28.61134,44.15862],[28.61137,44.15856],[28.61141,44.15853],[28.61154,44.15846],[28.6116,44.15838],[28.61165,44.15835],[28.6117,44.15835],[28.61174,44.15834],[28.61178,44.15835],[28.61194,44.15826],[28.61203,44.15825],[28.61225,44.15811],[28.61326,44.15748],[28.61354,44.15731],[28.61389,44.15709],[28.61413,44.15694],[28.61418,44.15687],[28.61439,44.1567],[28.61439,44.15666],[28.61441,44.15662],[28.61444,44.1566],[28.61447,44.15658],[28.61451,44.15656],[28.61461,44.15654],[28.61469,44.15656],[28.61476,44.15652],[28.61494,44.15644],[28.61504,44.15642],[28.61524,44.15629],[28.61535,44.15623],[28.61555,44.1561],[28.61633,44.15561],[28.61655,44.15546],[28.61763,44.15479],[28.61798,44.15457],[28.61827,44.15439],[28.61838,44.15431],[28.61896,44.15395],[28.62033,44.15303],[28.62035,44.153],[28.62039,44.15299],[28.62053,44.15298],[28.62061,44.15294],[28.62087,44.15279],[28.62131,44.15252],[28.62203,44.15207],[28.62215,44.15196],[28.62234,44.15182],[28.62253,44.15169],[28.62296,44.15141],[28.62326,44.15122],[28.62413,44.15069],[28.62146,44.1479],[28.62032,44.14661],[28.61885,44.14437],[28.61811,44.14287],[28.62247,44.14153],[28.62191,44.14044],[28.62059,44.13785],[28.61904,44.13472],[28.61787,44.13244],[28.61764,44.13195],[28.61748,44.13183],[28.61741,44.13166],[28.61756,44.13156],[28.61772,44.13158],[28.61781,44.13161],[28.61818,44.13161],[28.62004,44.13145],[28.62022,44.13172],[28.62052,44.13242],[28.62063,44.13264],[28.62092,44.13284],[28.62108,44.13281],[28.62121,44.13288],[28.62123,44.13296],[28.6212,44.13301],[28.62114,44.13305],[28.621,44.13312],[28.62093,44.13317],[28.62092,44.13324],[28.62097,44.13336],[28.62108,44.13362],[28.62115,44.13383],[28.62118,44.13388]]},"properties":{"line":"13","dir":"1","mode":"bus"}},{"type":"Feature","geometry":{"type":"LineString","coordinates":[[28.58735,44.1589],[28.5882,44.15897],[28.58871,44.15903],[28.58921,44.15909],[28.59023,44.15919],[28.59045,44.15922],[28.59307,44.15949],[28.59364,44.15955],[28.59385,44.15957],[28.59417,44.15961],[28.59578,44.15978],[28.59674,44.15988],[28.59729,44.15993],[28.59756,44.15994],[28.59784,44.15996],[28.59817,44.15996],[28.59851,44.15996],[28.59883,44.15995],[28.59928,44.15993],[28.5995,44.15992],[28.59972,44.1599],[28.60017,44.15986],[28.60061,44.1598],[28.60104,44.15973],[28.60147,44.15966],[28.60192,44.15959],[28.60216,44.15958],[28.60234,44.15959],[28.60251,44.15961],[28.60269,44.15965],[28.60279,44.15968],[28.60289,44.15972],[28.60297,44.15975],[28.60311,44.15982],[28.60326,44.15991],[28.60338,44.16002],[28.6035,44.16014],[28.60382,44.16053],[28.60432,44.16109],[28.60464,44.16147],[28.60492,44.16185],[28.60517,44.16217],[28.60596,44.16318],[28.60599,44.16331],[28.60672,44.16423],[28.60705,44.16466],[28.6074,44.16514],[28.60765,44.16546],[28.60795,44.16587],[28.60804,44.166],[28.60846,44.16653],[28.6087,44.16683],[28.60894,44.16716],[28.60912,44.16743],[28.60925,44.16764],[28.60941,44.16792],[28.60951,44.16812],[28.60959,44.16832],[28.60971,44.16862],[28.60976,44.16876],[28.6098,44.16891],[28.60984,44.16905],[28.60988,44.16919],[28.60994,44.16949],[28.60997,44.16962],[28.60998,44.1697],[28.60999,44.16977],[28.61002,44.17003],[28.61004,44.17032],[28.61004,44.17038],[28.61009,44.17047],[28.61011,44.17052],[28.61012,44.17067],[28.61022,44.17072],[28.61027,44.17077],[28.61027,44.17089],[28.61022,44.17094],[28.61014,44.17098],[28.61014,44.17118],[28.61013,44.17125],[28.61015,44.17192],[28.61011,44.17238],[28.61032,44.17298],[28.6106,44.17339],[28.61334,44.17611],[28.61403,44.17668],[28.61408,44.17672],[28.61419,44.17674],[28.61426,44.17674],[28.6149,44.17636],[28.61498,44.17632],[28.61512,44.17628],[28.6152,44.17626],[28.61532,44.17623],[28.61553,44.17622],[28.61563,44.1762],[28.61576,44.17619],[28.61589,44.17619],[28.61625,44.1762],[28.61644,44.17622],[28.61663,44.17623],[28.61781,44.17631],[28.61841,44.17635],[28.61901,44.17639],[28.62036,44.17647],[28.6209,44.17651],[28.62121,44.17653],[28.62138,44.17654],[28.62156,44.17655],[28.62167,44.17658],[28.62353,44.17699],[28.62454,44.17722],[28.62541,44.17742],[28.62627,44.17762],[28.62702,44.17778],[28.62757,44.1779],[28.62767,44.17791],[28.62776,44.17794],[28.62808,44.17805],[28.62839,44.17817],[28.62866,44.17827],[28.62888,44.17835],[28.6292,44.17847],[28.62946,44.17856],[28.62969,44.17864],[28.62997,44.17874],[28.63022,44.17882],[28.63321,44.17978],[28.63424,44.18004],[28.6359,44.1801],[28.63582,44.18082],[28.63581,44.1812],[28.63579,44.18137],[28.63577,44.18157],[28.63573,44.18214],[28.63569,44.18274],[28.63566,44.18304],[28.63564,44.18314],[28.63545,44.18417],[28.63536,44.18465],[28.63541,44.18474],[28.63569,44.18477],[28.64084,44.18684],[28.6479,44.18975],[28.65057,44.19085],[28.65076,44.19032],[28.65086,44.19004],[28.651,44.19002],[28.65009,44.19315],[28.64878,44.19612],[28.64843,44.19686],[28.65196,44.19777],[28.65137,44.19895],[28.64979,44.20178],[28.64827,44.20446],[28.64714,44.20656],[28.64665,44.20734],[28.64652,44.20852],[28.64605,44.21135],[28.64575,44.21261],[28.64543,44.21281],[28.6448,44.21314],[28.64408,44.21328],[28.6436,44.21331],[28.64279,44.21326],[28.64272,44.21383],[28.64248,44.21484],[28.6423,44.21517],[28.64225,44.21529],[28.6422,44.21539],[28.64205,44.21567],[28.64203,44.21574],[28.64195,44.21578],[28.64185,44.21587],[28.64161,44.21605],[28.64145,44.21618],[28.64138,44.21624],[28.64129,44.21632],[28.64107,44.21647],[28.64077,44.21663],[28.64052,44.21675],[28.64011,44.21691],[28.64,44.21696],[28.63937,44.21713],[28.63875,44.2173],[28.63849,44.21738],[28.63822,44.21746],[28.63796,44.21752],[28.63736,44.21767],[28.63676,44.21783],[28.63623,44.21795],[28.63569,44.21806],[28.63542,44.21812],[28.63513,44.21818],[28.63434,44.21835],[28.63389,44.21845],[28.63361,44.21851],[28.63311,44.21861],[28.63276,44.21869],[28.6318,44.21891],[28.63161,44.21897],[28.63138,44.21905],[28.63121,44.21912],[28.63104,44.21919],[28.63082,44.21931],[28.63065,44.21942],[28.6304,44.21956],[28.63019,44.21969],[28.62998,44.21989],[28.62991,44.21997],[28.62982,44.22006],[28.62975,44.22014],[28.62966,44.22025],[28.62947,44.22054],[28.62938,44.2207],[28.62927,44.22093],[28.6292,44.22115],[28.62915,44.22134],[28.62907,44.22181],[28.629,44.22228],[28.62899,44.22232],[28.62895,44.22259],[28.62894,44.22268],[28.62873,44.22383],[28.62864,44.22429],[28.62859,44.22461],[28.62852,44.22491],[28.62854,44.22498],[28.62848,44.22504],[28.62841,44.22505],[28.62832,44.22503],[28.62828,44.22499],[28.62828,44.22492],[28.62832,44.22485],[28.62835,44.22472],[28.62837,44.22465],[28.6284,44.22457],[28.62856,44.22381],[28.62868,44.22324],[28.62878,44.22267],[28.62879,44.22259],[28.62881,44.22245],[28.62884,44.22226],[28.62888,44.22199],[28.62894,44.22166],[28.629,44.22133],[28.62902,44.22123],[28.62904,44.22113],[28.62908,44.22102],[28.62912,44.22091],[28.62917,44.22078],[28.62923,44.22065],[28.6293,44.22049],[28.62941,44.22028],[28.62951,44.22011],[28.62962,44.21994],[28.62984,44.21961],[28.62988,44.21955],[28.62991,44.21948],[28.62995,44.21937],[28.62997,44.21931],[28.62998,44.21924],[28.62998,44.21916],[28.62998,44.21908],[28.62995,44.21901],[28.62993,44.21895],[28.6299,44.21889],[28.62983,44.21878],[28.62976,44.21869],[28.62973,44.21864],[28.62948,44.21839],[28.62924,44.21817],[28.62891,44.21786],[28.62856,44.2176],[28.62803,44.21713],[28.62796,44.21706],[28.62788,44.21697],[28.62765,44.21666],[28.62756,44.2166],[28.6275,44.21654],[28.62733,44.21639],[28.62708,44.21619],[28.62695,44.21609],[28.62684,44.21601],[28.62663,44.21583],[28.62654,44.21577],[28.62635,44.21567],[28.62614,44.21549],[28.62553,44.215],[28.62537,44.2149],[28.62525,44.21481],[28.6251,44.21471],[28.62482,44.21452],[28.62455,44.21433],[28.62447,44.21427],[28.6244,44.21427],[28.62418,44.21414],[28.62379,44.21387],[28.62369,44.2138],[28.62359,44.21379],[28.62353,44.21375],[28.62351,44.21369],[28.62267,44.21303],[28.62232,44.21278],[28.62202,44.21257],[28.62171,44.21236],[28.62125,44.21204],[28.62078,44.21172],[28.62024,44.21135],[28.62003,44.2112],[28.61982,44.21106],[28.61935,44.21074],[28.61889,44.21042],[28.61844,44.2101],[28.61798,44.20979],[28.61783,44.20969],[28.61758,44.20953],[28.61531,44.20792],[28.61429,44.20714],[28.61345,44.20622],[28.61327,44.20604],[28.61261,44.20539],[28.61195,44.20475],[28.61128,44.2041],[28.61115,44.20398],[28.61102,44.20385],[28.61086,44.2037],[28.61071,44.20356],[28.61062,44.20351],[28.61036,44.20326],[28.61027,44.20319],[28.61022,44.20311],[28.61008,44.20299],[28.61002,44.20288],[28.60992,44.20278],[28.60961,44.20248],[28.60899,44.20188],[28.60862,44.20152],[28.6084,44.20134],[28.60835,44.20128],[28.60832,44.20124],[28.60833,44.20119],[28.60837,44.20111],[28.60842,44.20108],[28.60851,44.20106],[28.60861,44.20109],[28.60884,44.20107],[28.60911,44.20098],[28.60936,44.20091],[28.60943,44.20088],[28.60953,44.20081],[28.60955,44.20076],[28.60955,44.20069],[28.60949,44.20062],[28.60913,44.20077]]},"properties":{"line":"14","dir":"0","mode":"bus"}},{"type":"Feature","geometry":{"type":"LineString","coordinates":[[28.60913,44.20077],[28.60854,44.20099],[28.60838,44.20096],[28.60826,44.20085],[28.60868,44.20065],[28.60909,44.20047],[28.60941,44.20033],[28.60951,44.20043],[28.60965,44.20058],[28.60964,44.20072],[28.60962,44.20081],[28.60953,44.20088],[28.6094,44.20094],[28.60887,44.20109],[28.60873,44.20118],[28.60872,44.20123],[28.60871,44.20131],[28.60865,44.2014],[28.60866,44.20145],[28.60867,44.2015],[28.60876,44.2016],[28.609,44.20183],[28.61006,44.20287],[28.61018,44.20292],[28.61029,44.20298],[28.61045,44.20307],[28.61053,44.2031],[28.61056,44.20318],[28.61073,44.20345],[28.61078,44.20358],[28.61099,44.20377],[28.61107,44.20383],[28.61165,44.20441],[28.61181,44.20457],[28.61199,44.20474],[28.61264,44.20538],[28.61297,44.20569],[28.61333,44.20605],[28.61429,44.20708],[28.61457,44.20735],[28.61756,44.20945],[28.61786,44.20966],[28.618,44.20977],[28.61892,44.21039],[28.61985,44.21104],[28.62027,44.21133],[28.6208,44.21169],[28.62174,44.21233],[28.62236,44.21276],[28.62269,44.21301],[28.62278,44.21303],[28.62293,44.21312],[28.62328,44.21336],[28.62364,44.21359],[28.62373,44.21359],[28.6238,44.21366],[28.62381,44.21372],[28.62443,44.21413],[28.62626,44.21538],[28.62639,44.21548],[28.62654,44.21561],[28.62663,44.21567],[28.62674,44.21578],[28.62689,44.21585],[28.627,44.21591],[28.62709,44.21593],[28.62723,44.21588],[28.62822,44.21591],[28.62838,44.21602],[28.62835,44.21658],[28.62838,44.21686],[28.62839,44.21691],[28.62841,44.2171],[28.62844,44.21717],[28.62849,44.21724],[28.62855,44.21731],[28.62894,44.21772],[28.62911,44.21789],[28.62929,44.21805],[28.62943,44.21818],[28.62957,44.21831],[28.62982,44.21852],[28.62998,44.21864],[28.63023,44.21876],[28.63033,44.21879],[28.63042,44.21882],[28.63051,44.21885],[28.63059,44.21887],[28.63071,44.21889],[28.63082,44.2189],[28.63093,44.2189],[28.63104,44.21889],[28.63122,44.21885],[28.63148,44.21881],[28.63178,44.21874],[28.63209,44.21868],[28.63259,44.21858],[28.63308,44.21847],[28.63354,44.21838],[28.63371,44.21834],[28.63389,44.2183],[28.63406,44.21826],[28.63425,44.21822],[28.63449,44.21817],[28.63508,44.21804],[28.6352,44.21801],[28.63536,44.21798],[28.63549,44.21795],[28.63562,44.21792],[28.63611,44.21781],[28.63671,44.21768],[28.637,44.21761],[28.63729,44.21754],[28.63791,44.21738],[28.63814,44.21732],[28.63883,44.2171],[28.63937,44.21693],[28.63981,44.21679],[28.63997,44.21674],[28.64024,44.21665],[28.64039,44.2166],[28.64045,44.21657],[28.64052,44.21654],[28.6407,44.21644],[28.64084,44.21637],[28.64097,44.21629],[28.64121,44.21612],[28.64131,44.21605],[28.64166,44.21578],[28.64184,44.21561],[28.64188,44.21557],[28.64197,44.21542],[28.64197,44.21536],[28.64196,44.21521],[28.64202,44.21505],[28.64225,44.21496],[28.64304,44.2104],[28.64325,44.21041],[28.64312,44.21079],[28.64275,44.21319],[28.64391,44.21324],[28.64421,44.21315],[28.64432,44.21316],[28.6446,44.21309],[28.64509,44.21291],[28.64558,44.21267],[28.64572,44.21246],[28.6459,44.21145],[28.64587,44.2113],[28.64596,44.21121],[28.64625,44.20967],[28.6464,44.20884],[28.64645,44.20843],[28.64644,44.20803],[28.64646,44.20792],[28.64656,44.20735],[28.6475,44.20566],[28.64719,44.20556],[28.64624,44.20532],[28.64576,44.2052],[28.64529,44.20508],[28.64507,44.20503],[28.64469,44.20494],[28.64453,44.2049],[28.64436,44.20486],[28.64424,44.20483],[28.64407,44.20479],[28.64385,44.20474],[28.64352,44.20467],[28.6432,44.20459],[28.64312,44.20457],[28.64293,44.20448],[28.64289,44.20446],[28.64112,44.2034],[28.64113,44.20331],[28.64119,44.20326],[28.64126,44.20325],[28.64231,44.20403],[28.64274,44.20431],[28.64321,44.20454],[28.64431,44.2048],[28.64579,44.20181],[28.64597,44.20143],[28.64624,44.2009],[28.64637,44.20064],[28.64649,44.20038],[28.6466,44.20015],[28.64666,44.20003],[28.64667,44.19997],[28.64669,44.19992],[28.64683,44.19965],[28.64697,44.19937],[28.647,44.19931],[28.64709,44.19914],[28.64717,44.19896],[28.64725,44.19878],[28.6473,44.19869],[28.64733,44.1986],[28.64821,44.19685],[28.6442,44.19515],[28.64137,44.19398],[28.63891,44.1929],[28.63836,44.1926],[28.63803,44.19221],[28.63779,44.19183],[28.63688,44.19044],[28.63634,44.18958],[28.63592,44.18894],[28.63545,44.18882],[28.63506,44.18881],[28.63407,44.18857],[28.63515,44.18503],[28.63518,44.18482],[28.63519,44.18472],[28.63524,44.18466],[28.63538,44.18431],[28.63545,44.18401],[28.63549,44.18377],[28.63561,44.18314],[28.63563,44.18295],[28.63564,44.18282],[28.63567,44.18248],[28.63569,44.18214],[28.63573,44.18153],[28.63577,44.1805],[28.6356,44.18027],[28.63534,44.18014],[28.63379,44.18005],[28.63355,44.18007],[28.63348,44.18002],[28.63317,44.17982],[28.63283,44.1797],[28.63272,44.17966],[28.63182,44.17938],[28.63128,44.17921],[28.63101,44.17911],[28.63073,44.17902],[28.63024,44.17885],[28.62996,44.17877],[28.62969,44.17868],[28.62944,44.17859],[28.62917,44.17849],[28.62886,44.17838],[28.62865,44.1783],[28.62837,44.1782],[28.62778,44.17798],[28.62755,44.17792],[28.62704,44.17781],[28.62666,44.17773],[28.62629,44.17765],[28.62405,44.17715],[28.62352,44.17702],[28.62272,44.17684],[28.6222,44.17672],[28.62167,44.1766],[28.62155,44.17658],[28.62123,44.17656],[28.62091,44.17654],[28.62078,44.17653],[28.6199,44.17648],[28.61946,44.17645],[28.61902,44.17642],[28.61784,44.17634],[28.61724,44.1763],[28.61665,44.17626],[28.61599,44.17622],[28.6159,44.17621],[28.61582,44.17621],[28.61572,44.17622],[28.61566,44.17622],[28.61555,44.17624],[28.61542,44.17629],[28.61522,44.17637],[28.61514,44.17642],[28.61506,44.17646],[28.61487,44.17656],[28.61465,44.17667],[28.61413,44.177],[28.61398,44.17698],[28.6139,44.17681],[28.6103,44.17309],[28.61005,44.17242],[28.61007,44.17146],[28.61007,44.17141],[28.61004,44.17133],[28.61,44.17116],[28.60998,44.17098],[28.60988,44.17093],[28.60983,44.17088],[28.60982,44.17083],[28.60983,44.17078],[28.60988,44.17072],[28.60995,44.17068],[28.60995,44.17053],[28.60997,44.17045],[28.61,44.17037],[28.60997,44.17003],[28.60995,44.16977],[28.6099,44.1695],[28.60984,44.16921],[28.60977,44.16893],[28.60972,44.16878],[28.60966,44.16863],[28.60961,44.16848],[28.6095,44.16821],[28.60936,44.16792],[28.60929,44.16778],[28.60921,44.16765],[28.60908,44.16744],[28.60899,44.16731],[28.60891,44.16718],[28.60866,44.16684],[28.60843,44.16654],[28.60822,44.16628],[28.60812,44.16614],[28.60801,44.166],[28.60791,44.16588],[28.60776,44.16567],[28.60761,44.16547],[28.60728,44.16503],[28.60702,44.16468],[28.60671,44.16427],[28.60635,44.16381],[28.60597,44.16332],[28.6059,44.16323],[28.60549,44.16271],[28.6051,44.16219],[28.60497,44.16202],[28.60484,44.16185],[28.60468,44.16164],[28.60449,44.16144],[28.60434,44.1613],[28.60408,44.16096],[28.60377,44.16056],[28.6036,44.16036],[28.60345,44.16018],[28.60335,44.16007],[28.60321,44.15997],[28.60312,44.1599],[28.60303,44.15985],[28.60294,44.1598],[28.60279,44.15975],[28.60264,44.1597],[28.60249,44.15966],[28.60233,44.15965],[28.60217,44.15963],[28.60193,44.15964],[28.60184,44.15965],[28.60175,44.15967],[28.60145,44.1597],[28.60106,44.15977],[28.60062,44.15984],[28.60014,44.1599],[28.59971,44.15994],[28.59927,44.15997],[28.59883,44.15998],[28.59867,44.15998],[28.59851,44.15999],[28.59785,44.15998],[28.59751,44.15998],[28.59718,44.15995],[28.5968,44.15995],[28.59576,44.15984],[28.59498,44.15976],[28.59419,44.15968],[28.59382,44.15963],[28.59365,44.15961],[28.59342,44.15959],[28.59023,44.15926],[28.59002,44.15925],[28.58819,44.15904],[28.58793,44.15901],[28.58782,44.159],[28.58768,44.15898],[28.58717,44.15896],[28.58667,44.15888],[28.586,44.1588],[28.58606,44.15854],[28.5862,44.15842],[28.58644,44.15839],[28.58659,44.15844],[28.58669,44.15857],[28.58667,44.15882],[28.58735,44.1589]]},"properties":{"line":"14","dir":"1","mode":"bus"}},{"type":"Feature","geometry":{"type":"LineString","coordinates":[[28.62373,44.21116],[28.62361,44.21131],[28.6234,44.21142],[28.62294,44.21112],[28.62261,44.21089],[28.62228,44.21067],[28.62197,44.21046],[28.62191,44.21041],[28.62161,44.21021],[28.62154,44.21015],[28.62146,44.21009],[28.621,44.20976],[28.62088,44.20967],[28.62067,44.20951],[28.62045,44.20931],[28.62028,44.20914],[28.62007,44.20892],[28.61997,44.20879],[28.61988,44.20865],[28.61983,44.20853],[28.61979,44.20842],[28.61976,44.20832],[28.61975,44.20819],[28.61974,44.20806],[28.61974,44.20794],[28.61976,44.20784],[28.61979,44.20774],[28.61987,44.20757],[28.61994,44.20745],[28.62003,44.20736],[28.6201,44.2073],[28.62022,44.20719],[28.62038,44.20708],[28.62068,44.20687],[28.62129,44.20647],[28.62156,44.20629],[28.62167,44.20621],[28.62215,44.20591],[28.62272,44.20553],[28.62293,44.20539],[28.62303,44.20533],[28.62329,44.20514],[28.62346,44.20502],[28.62373,44.20486],[28.62412,44.20459],[28.62412,44.20451],[28.62418,44.20444],[28.62401,44.20418],[28.62365,44.20376],[28.62331,44.20341],[28.62314,44.20328],[28.62283,44.20302],[28.62333,44.2027],[28.62448,44.20185],[28.62561,44.20113],[28.62572,44.20105],[28.62655,44.20049],[28.62675,44.20037],[28.62704,44.20017],[28.62822,44.19938],[28.62852,44.19918],[28.62878,44.19901],[28.62909,44.19881],[28.62922,44.19872],[28.62955,44.1985],[28.62999,44.19821],[28.63044,44.19792],[28.63093,44.19758],[28.63131,44.19734],[28.63168,44.19711],[28.63211,44.19683],[28.63254,44.19655],[28.63267,44.19646],[28.63328,44.19609],[28.63356,44.1959],[28.63384,44.19572],[28.63412,44.19554],[28.63467,44.19518],[28.63578,44.19447],[28.63602,44.19432],[28.63619,44.19421],[28.63627,44.19416],[28.6369,44.19375],[28.63753,44.19334],[28.63777,44.19319],[28.63797,44.19303],[28.63833,44.19274],[28.63847,44.19263],[28.63857,44.19253],[28.63871,44.19239],[28.63885,44.19225],[28.6392,44.19189],[28.63934,44.19172],[28.64069,44.19026],[28.64121,44.18966],[28.64173,44.18908],[28.64248,44.18816],[28.64279,44.18782],[28.64295,44.18766],[28.64302,44.18755],[28.6434,44.18707],[28.64381,44.18661],[28.64451,44.18589],[28.6447,44.18567],[28.64486,44.1855],[28.6451,44.18525],[28.64546,44.18487],[28.64453,44.18386],[28.64439,44.18372],[28.6443,44.18363],[28.64396,44.18342],[28.64274,44.18271],[28.64256,44.18259],[28.64239,44.18245],[28.64231,44.18239],[28.64224,44.18232],[28.64219,44.18225],[28.64204,44.18195],[28.64218,44.18184],[28.64251,44.18156],[28.6431,44.18104],[28.64369,44.18054],[28.64398,44.18029],[28.64443,44.17991],[28.64486,44.17954],[28.64518,44.17927],[28.6455,44.179],[28.64585,44.1787],[28.6461,44.17843],[28.64622,44.17834],[28.64674,44.1779],[28.64737,44.17735],[28.6481,44.17673],[28.64823,44.17663],[28.64908,44.17593],[28.64935,44.17573],[28.64967,44.17551],[28.64975,44.17544],[28.64983,44.17538],[28.64994,44.17532],[28.65005,44.17527],[28.65015,44.17525],[28.65026,44.17525],[28.65042,44.17528],[28.65059,44.17532],[28.65072,44.17538],[28.65116,44.17556],[28.65134,44.17559],[28.6514,44.17557],[28.65163,44.17544],[28.65177,44.17532],[28.65185,44.17528],[28.65192,44.17524],[28.65198,44.1752],[28.65215,44.17514],[28.65227,44.17514],[28.65239,44.17509],[28.65249,44.17507],[28.65267,44.17499],[28.65411,44.17448],[28.65483,44.17425],[28.65539,44.17404],[28.65571,44.17391],[28.65587,44.17384],[28.65609,44.17374],[28.65629,44.17364],[28.65647,44.17353],[28.65705,44.17315],[28.65743,44.17288],[28.65825,44.17201],[28.65905,44.17113],[28.65945,44.17067],[28.65957,44.17031],[28.65987,44.17015],[28.66118,44.17062],[28.66136,44.17079],[28.66307,44.17104],[28.66343,44.17117],[28.66446,44.17189],[28.66448,44.17205],[28.664,44.17278],[28.66408,44.17292],[28.66458,44.17311],[28.66468,44.17316],[28.66474,44.17326],[28.66462,44.17354],[28.66427,44.17404]]},"properties":{"line":"42","dir":"0","mode":"bus"}},{"type":"Feature","geometry":{"type":"LineString","coordinates":[[28.66427,44.17404],[28.66418,44.17409],[28.66406,44.17411],[28.66399,44.17411],[28.66391,44.17409],[28.66377,44.17402],[28.66355,44.17384],[28.66316,44.17354],[28.66452,44.17352],[28.66459,44.17346],[28.66465,44.17338],[28.66468,44.17328],[28.66466,44.1732],[28.6646,44.17313],[28.66452,44.17309],[28.6643,44.17302],[28.66418,44.17299],[28.66412,44.17297],[28.66406,44.17294],[28.66401,44.17291],[28.66397,44.17287],[28.66395,44.17282],[28.66395,44.17272],[28.66401,44.17263],[28.66407,44.17254],[28.66421,44.17227],[28.66435,44.17199],[28.66433,44.17191],[28.66381,44.17153],[28.66324,44.17115],[28.66288,44.17104],[28.66209,44.17092],[28.66125,44.17078],[28.66125,44.17072],[28.66119,44.17066],[28.66059,44.17043],[28.66029,44.17031],[28.6601,44.17027],[28.65997,44.17029],[28.65987,44.17035],[28.65977,44.17043],[28.65957,44.1706],[28.65939,44.17084],[28.65935,44.17097],[28.65928,44.1711],[28.65917,44.17121],[28.65903,44.17139],[28.65881,44.17154],[28.65873,44.1716],[28.65867,44.17165],[28.65849,44.17186],[28.65828,44.17211],[28.65812,44.17232],[28.65793,44.17252],[28.65784,44.1726],[28.65774,44.17268],[28.65763,44.17277],[28.65754,44.17286],[28.65745,44.17292],[28.65737,44.17299],[28.65727,44.17308],[28.65716,44.17316],[28.65706,44.17323],[28.65695,44.17331],[28.65659,44.17352],[28.65629,44.17369],[28.6559,44.17388],[28.65577,44.17393],[28.65537,44.17409],[28.65501,44.17423],[28.65454,44.17439],[28.65405,44.17456],[28.65353,44.17475],[28.65318,44.17487],[28.65273,44.17503],[28.65249,44.17511],[28.65238,44.17514],[28.65229,44.17518],[28.65211,44.17529],[28.65194,44.17542],[28.65186,44.17545],[28.65174,44.17551],[28.65164,44.17556],[28.65158,44.17567],[28.65161,44.17569],[28.65157,44.17577],[28.65149,44.17576],[28.65142,44.17573],[28.65131,44.17568],[28.65115,44.17561],[28.65068,44.17543],[28.65054,44.17538],[28.65043,44.17533],[28.65029,44.17529],[28.65017,44.17529],[28.65003,44.17532],[28.64993,44.17538],[28.6498,44.17549],[28.64966,44.17561],[28.64956,44.17566],[28.64949,44.17572],[28.6494,44.17579],[28.6493,44.17585],[28.6492,44.17591],[28.64907,44.17597],[28.64823,44.17667],[28.64812,44.17677],[28.6474,44.1774],[28.64682,44.17792],[28.64657,44.17813],[28.64644,44.17823],[28.64624,44.17836],[28.64612,44.17847],[28.64584,44.17874],[28.64551,44.17901],[28.64521,44.17927],[28.6449,44.17954],[28.64445,44.17992],[28.64402,44.18029],[28.6436,44.18064],[28.64315,44.18106],[28.64301,44.18116],[28.64229,44.18185],[28.64244,44.18222],[28.64284,44.18257],[28.64448,44.18357],[28.64548,44.18462],[28.64571,44.18486],[28.64655,44.18543],[28.64575,44.18608],[28.64544,44.18631],[28.64516,44.18655],[28.6446,44.18703],[28.64319,44.18861],[28.6422,44.18977],[28.64168,44.19035],[28.64143,44.19064],[28.64118,44.19093],[28.64079,44.1914],[28.64059,44.19164],[28.64038,44.19187],[28.64016,44.19214],[28.63937,44.19304],[28.63894,44.19287],[28.63854,44.19284],[28.63829,44.19291],[28.6381,44.19302],[28.63794,44.19312],[28.63783,44.19319],[28.63772,44.19327],[28.63755,44.19339],[28.63698,44.19375],[28.63666,44.19396],[28.6363,44.1942],[28.63619,44.19427],[28.63598,44.19441],[28.63581,44.19451],[28.6347,44.1952],[28.63359,44.19592],[28.63286,44.19638],[28.63262,44.19653],[28.63245,44.19664],[28.63208,44.19688],[28.6317,44.19714],[28.63137,44.19734],[28.63118,44.19745],[28.631,44.19758],[28.63093,44.19763],[28.63069,44.1978],[28.63019,44.19813],[28.6297,44.19845],[28.6293,44.19871],[28.62915,44.19882],[28.62881,44.19904],[28.62856,44.1992],[28.62834,44.19935],[28.62807,44.19952],[28.62768,44.19979],[28.62736,44.2],[28.62704,44.20021],[28.62672,44.20043],[28.62652,44.20056],[28.62614,44.20082],[28.62575,44.20107],[28.62556,44.2012],[28.6254,44.20131],[28.62523,44.20142],[28.62492,44.20163],[28.62456,44.20186],[28.62415,44.20213],[28.62409,44.20217],[28.62401,44.20227],[28.62372,44.20248],[28.62353,44.20261],[28.62325,44.20281],[28.62317,44.20288],[28.62313,44.20295],[28.62311,44.203],[28.62311,44.20306],[28.62311,44.20312],[28.62312,44.20318],[28.62314,44.20323],[28.62324,44.20332],[28.62333,44.20342],[28.62347,44.20357],[28.62369,44.20378],[28.62404,44.20416],[28.62423,44.20442],[28.62436,44.20447],[28.62437,44.20457],[28.6243,44.20462],[28.6242,44.2046],[28.62368,44.20492],[28.62363,44.20495],[28.62345,44.20508],[28.62328,44.2052],[28.62311,44.20531],[28.62298,44.20545],[28.62292,44.20555],[28.62284,44.20568],[28.62273,44.20591],[28.62264,44.2061],[28.62261,44.2062],[28.62258,44.20629],[28.62256,44.20641],[28.62255,44.20652],[28.62255,44.20662],[28.62256,44.20672],[28.62257,44.20686],[28.62259,44.207],[28.62262,44.20726],[28.62266,44.20744],[28.62271,44.20761],[28.62276,44.2078],[28.62289,44.20823],[28.6232,44.2088],[28.62324,44.20887],[28.62336,44.20908],[28.6234,44.20914],[28.62351,44.20933],[28.62362,44.20952],[28.6241,44.21033],[28.62444,44.2109],[28.62414,44.21105],[28.62373,44.21116]]},"properties":{"line":"42","dir":"1","mode":"bus"}},{"type":"Feature","geometry":{"type":"LineString","coordinates":[[28.60593,44.21157],[28.60583,44.2115],[28.60577,44.21145],[28.60567,44.21142],[28.60548,44.21135],[28.60532,44.21138],[28.60518,44.21136],[28.6051,44.21124],[28.60517,44.21111],[28.60533,44.21113],[28.60552,44.21124],[28.60576,44.21133],[28.60763,44.21265],[28.60772,44.21272],[28.6079,44.21286],[28.60796,44.21289],[28.60804,44.21293],[28.60809,44.213],[28.6081,44.21308],[28.60807,44.21314],[28.60816,44.21319],[28.6083,44.2132],[28.60851,44.21314],[28.60964,44.21236],[28.61019,44.21195],[28.61074,44.21155],[28.61123,44.2112],[28.61308,44.20988],[28.61372,44.20939],[28.61392,44.20924],[28.61405,44.20921],[28.61428,44.20899],[28.61449,44.20881],[28.61467,44.20865],[28.6153,44.2081],[28.61544,44.20797],[28.6158,44.20767],[28.6159,44.20759],[28.61595,44.20752],[28.61609,44.2074],[28.61622,44.20729],[28.61636,44.20717],[28.61647,44.20708],[28.61679,44.20688],[28.61724,44.20657],[28.61746,44.20643],[28.61756,44.20637],[28.61764,44.20632],[28.61768,44.20629],[28.61789,44.20615],[28.618,44.20608],[28.61813,44.206],[28.61849,44.20576],[28.61906,44.20539],[28.61966,44.205],[28.62005,44.20475],[28.62037,44.20455],[28.62054,44.20444],[28.6212,44.20401],[28.62138,44.20389],[28.62152,44.20381],[28.62162,44.20375],[28.62173,44.20365],[28.62194,44.2035],[28.62218,44.20334],[28.62245,44.20317],[28.62261,44.20306],[28.62279,44.20294],[28.62323,44.20266],[28.62389,44.20219],[28.62403,44.20215],[28.62448,44.20185],[28.62561,44.20113],[28.62572,44.20105],[28.62655,44.20049],[28.62675,44.20037],[28.62704,44.20017],[28.62822,44.19938],[28.62852,44.19918],[28.62878,44.19901],[28.62909,44.19881],[28.62922,44.19872],[28.62955,44.1985],[28.62999,44.19821],[28.63044,44.19792],[28.63093,44.19758],[28.63131,44.19734],[28.63168,44.19711],[28.63211,44.19683],[28.63254,44.19655],[28.63267,44.19646],[28.63328,44.19609],[28.63356,44.1959],[28.63384,44.19572],[28.63412,44.19554],[28.63467,44.19518],[28.63578,44.19447],[28.63602,44.19432],[28.63619,44.19421],[28.63627,44.19416],[28.6369,44.19375],[28.63753,44.19334],[28.63777,44.19319],[28.63797,44.19303],[28.63833,44.19274],[28.63847,44.19263],[28.63857,44.19253],[28.63871,44.19239],[28.63885,44.19225],[28.6392,44.19189],[28.63934,44.19172],[28.64069,44.19026],[28.64121,44.18966],[28.64173,44.18908],[28.64248,44.18816],[28.64279,44.18782],[28.64295,44.18766],[28.64302,44.18755],[28.6434,44.18707],[28.64381,44.18661],[28.64451,44.18589],[28.6447,44.18567],[28.64486,44.1855],[28.64671,44.18361],[28.65001,44.18029],[28.65173,44.17857],[28.64978,44.17762],[28.64951,44.17749],[28.64908,44.17728],[28.64898,44.17723],[28.64874,44.17711],[28.64861,44.17704],[28.64812,44.1768],[28.64725,44.17638],[28.64622,44.17588],[28.64581,44.17568],[28.64472,44.17513],[28.64425,44.17491],[28.64408,44.17482],[28.64391,44.17474],[28.64324,44.17442],[28.64257,44.17408],[28.64222,44.17391],[28.64216,44.17387],[28.64167,44.1735],[28.64142,44.1733],[28.64094,44.17294],[28.64086,44.17288],[28.64066,44.17273],[28.64045,44.17257],[28.63977,44.17207],[28.63878,44.17128],[28.63809,44.17079],[28.63678,44.17026],[28.6333,44.16924],[28.63294,44.16913],[28.63282,44.16893],[28.63299,44.16851]]},"properties":{"line":"43C","dir":"0","mode":"bus"}},{"type":"Feature","geometry":{"type":"LineString","coordinates":[[28.633,44.16851],[28.63317,44.1683],[28.63332,44.16828],[28.63345,44.16833],[28.63354,44.16842],[28.63349,44.16853],[28.63314,44.16873],[28.63295,44.16904],[28.63311,44.16914],[28.63711,44.17034],[28.63777,44.17058],[28.63827,44.17086],[28.63831,44.17089],[28.63845,44.17099],[28.63914,44.1715],[28.63978,44.17203],[28.6405,44.17257],[28.64086,44.17284],[28.64094,44.1729],[28.64145,44.17329],[28.64181,44.17356],[28.64193,44.17365],[28.6422,44.17386],[28.64254,44.17404],[28.64288,44.1742],[28.64393,44.17472],[28.6441,44.1748],[28.64428,44.17489],[28.64454,44.17501],[28.64475,44.17512],[28.6455,44.17548],[28.64587,44.17567],[28.64625,44.17586],[28.64719,44.17631],[28.64767,44.17654],[28.64814,44.17677],[28.64863,44.17702],[28.64878,44.17709],[28.64893,44.17717],[28.64901,44.17721],[28.64909,44.17725],[28.6493,44.17735],[28.64956,44.17747],[28.65005,44.17772],[28.65089,44.17813],[28.65104,44.17821],[28.65139,44.17838],[28.65172,44.17854],[28.65219,44.17877],[28.65304,44.17915],[28.65344,44.17938],[28.65288,44.17999],[28.65252,44.18038],[28.65219,44.18071],[28.65186,44.181],[28.65177,44.18107],[28.65149,44.18131],[28.65119,44.18156],[28.65102,44.1817],[28.65083,44.18185],[28.65063,44.18201],[28.6504,44.18219],[28.65019,44.18236],[28.64998,44.18254],[28.64991,44.18259],[28.64984,44.18266],[28.64957,44.18288],[28.64575,44.18608],[28.64544,44.18631],[28.64516,44.18655],[28.6446,44.18703],[28.64319,44.18861],[28.6422,44.18977],[28.64168,44.19035],[28.64143,44.19064],[28.64118,44.19093],[28.64079,44.1914],[28.64059,44.19164],[28.64038,44.19187],[28.64016,44.19214],[28.63937,44.19304],[28.63894,44.19287],[28.63854,44.19284],[28.63829,44.19291],[28.6381,44.19302],[28.63794,44.19312],[28.63783,44.19319],[28.63772,44.19327],[28.63755,44.19339],[28.63698,44.19375],[28.63666,44.19396],[28.6363,44.1942],[28.63619,44.19427],[28.63598,44.19441],[28.63581,44.19451],[28.6347,44.1952],[28.63359,44.19592],[28.63286,44.19638],[28.63262,44.19653],[28.63245,44.19664],[28.63208,44.19688],[28.6317,44.19714],[28.63137,44.19734],[28.63118,44.19745],[28.631,44.19758],[28.63093,44.19763],[28.63069,44.1978],[28.63019,44.19813],[28.6297,44.19845],[28.6293,44.19871],[28.62915,44.19882],[28.62881,44.19904],[28.62856,44.1992],[28.62834,44.19935],[28.62807,44.19952],[28.62767,44.19978],[28.62703,44.20019],[28.62671,44.2004],[28.62653,44.20052],[28.62572,44.20107],[28.62562,44.20114],[28.6249,44.20163],[28.62408,44.20218],[28.62403,44.20227],[28.62333,44.2027],[28.62283,44.20302],[28.62263,44.20315],[28.62246,44.20325],[28.6222,44.20347],[28.62206,44.20355],[28.62194,44.20362],[28.62176,44.20369],[28.6214,44.20392],[28.62124,44.20403],[28.6209,44.20425],[28.62056,44.20446],[28.62039,44.20457],[28.62008,44.20477],[28.61967,44.20504],[28.61886,44.20556],[28.61846,44.20583],[28.61807,44.20608],[28.618,44.20612],[28.61792,44.20618],[28.6176,44.20639],[28.61732,44.20657],[28.61682,44.2069],[28.61652,44.20709],[28.61626,44.2073],[28.61613,44.20741],[28.61605,44.20747],[28.61599,44.20754],[28.61592,44.20762],[28.61586,44.20767],[28.61566,44.20784],[28.61545,44.20801],[28.61533,44.20812],[28.61503,44.20839],[28.61471,44.20867],[28.61434,44.20898],[28.61415,44.20917],[28.61408,44.20923],[28.61405,44.20932],[28.61384,44.20948],[28.61355,44.2097],[28.61326,44.20991],[28.61308,44.21004],[28.61289,44.21017],[28.61188,44.21088],[28.61144,44.21118],[28.61064,44.21177],[28.61019,44.21212],[28.60974,44.21246],[28.60955,44.21259],[28.60943,44.21268],[28.60904,44.21297],[28.60868,44.21322],[28.60864,44.21336],[28.60856,44.21346],[28.60843,44.21361],[28.60832,44.21385],[28.60826,44.21397],[28.60815,44.21409],[28.60802,44.21423],[28.60778,44.21446],[28.60778,44.21451],[28.6078,44.21457],[28.60779,44.21462],[28.60776,44.21465],[28.6077,44.21469],[28.60762,44.2147],[28.60752,44.21468],[28.60747,44.21465],[28.60744,44.21457],[28.60745,44.21452],[28.60735,44.21443],[28.60732,44.21437],[28.60718,44.21427],[28.60711,44.21422],[28.60704,44.21417],[28.60699,44.21412],[28.60695,44.21407],[28.60696,44.21395],[28.607,44.21388],[28.60706,44.21383],[28.60722,44.21373],[28.60738,44.21361],[28.60755,44.21344],[28.60759,44.21339],[28.60763,44.2132],[28.60756,44.21312],[28.60754,44.21304],[28.60756,44.21299],[28.6076,44.21293],[28.60766,44.21289],[28.6077,44.21278],[28.60766,44.2127],[28.60743,44.21253],[28.60718,44.21237],[28.60709,44.21232],[28.60593,44.21157]]},"properties":{"line":"43C","dir":"1","mode":"bus"}},{"type":"Feature","geometry":{"type":"LineString","coordinates":[[28.633,44.16851],[28.63317,44.1683],[28.63332,44.16828],[28.63345,44.16833],[28.63354,44.16842],[28.63349,44.16853],[28.63314,44.16873],[28.63295,44.16904],[28.63311,44.16914],[28.63711,44.17034],[28.63777,44.17058],[28.63827,44.17086],[28.63831,44.17089],[28.63845,44.17099],[28.63914,44.1715],[28.63978,44.17203],[28.6405,44.17257],[28.64086,44.17284],[28.64094,44.1729],[28.64145,44.17329],[28.64181,44.17356],[28.64193,44.17365],[28.6422,44.17386],[28.64254,44.17404],[28.64288,44.1742],[28.64393,44.17472],[28.6441,44.1748],[28.64428,44.17489],[28.64454,44.17501],[28.64475,44.17512],[28.6455,44.17548],[28.64587,44.17567],[28.64625,44.17586],[28.64719,44.17631],[28.64767,44.17654],[28.64814,44.17677],[28.64863,44.17702],[28.64878,44.17709],[28.64893,44.17717],[28.64901,44.17721],[28.64909,44.17725],[28.6493,44.17735],[28.64956,44.17747],[28.65005,44.17772],[28.65089,44.17813],[28.65104,44.17821],[28.65139,44.17838],[28.65172,44.17854],[28.65219,44.17877],[28.65304,44.17915],[28.65344,44.17938],[28.65288,44.17999],[28.65252,44.18038],[28.65219,44.18071],[28.65186,44.181],[28.65177,44.18107],[28.65149,44.18131],[28.65119,44.18156],[28.65102,44.1817],[28.65083,44.18185],[28.65063,44.18201],[28.6504,44.18219],[28.65019,44.18236],[28.64998,44.18254],[28.64991,44.18259],[28.64984,44.18266],[28.64957,44.18288],[28.64575,44.18608],[28.64544,44.18631],[28.64516,44.18655],[28.6446,44.18703],[28.64319,44.18861],[28.6422,44.18977],[28.64168,44.19035],[28.64143,44.19064],[28.64118,44.19093],[28.64079,44.1914],[28.64059,44.19164],[28.64038,44.19187],[28.64016,44.19214],[28.63937,44.19304],[28.63894,44.19287],[28.63854,44.19284],[28.63829,44.19291],[28.6381,44.19302],[28.63794,44.19312],[28.63783,44.19319],[28.63772,44.19327],[28.63755,44.19339],[28.63698,44.19375],[28.63666,44.19396],[28.6363,44.1942],[28.63619,44.19427],[28.63598,44.19441],[28.63581,44.19451],[28.6347,44.1952],[28.63359,44.19592],[28.63286,44.19638],[28.63262,44.19653],[28.63245,44.19664],[28.63208,44.19688],[28.6317,44.19714],[28.63137,44.19734],[28.63118,44.19745],[28.631,44.19758],[28.63093,44.19763],[28.63069,44.1978],[28.63019,44.19813],[28.6297,44.19845],[28.6293,44.19871],[28.62915,44.19882],[28.62881,44.19904],[28.62856,44.1992],[28.62834,44.19935],[28.62807,44.19952],[28.62767,44.19978],[28.62703,44.20019],[28.62671,44.2004],[28.62653,44.20052],[28.62572,44.20107],[28.62562,44.20114],[28.6249,44.20163],[28.62408,44.20218],[28.62403,44.20227],[28.62333,44.2027],[28.62283,44.20302],[28.62263,44.20315],[28.62246,44.20325],[28.6222,44.20347],[28.62206,44.20355],[28.62194,44.20362],[28.62176,44.20369],[28.6214,44.20392],[28.62124,44.20403],[28.6209,44.20425],[28.62056,44.20446],[28.62039,44.20457],[28.62008,44.20477],[28.61967,44.20504],[28.61886,44.20556],[28.61846,44.20583],[28.61807,44.20608],[28.618,44.20612],[28.61792,44.20618],[28.6176,44.20639],[28.61732,44.20657],[28.61682,44.20689],[28.61651,44.2071],[28.61626,44.2073],[28.61612,44.20741],[28.61601,44.2075],[28.61592,44.20762],[28.61586,44.20767],[28.61565,44.20784],[28.61545,44.20802],[28.61493,44.20766],[28.61481,44.20757],[28.61468,44.20749],[28.61445,44.2073],[28.61428,44.20714],[28.61412,44.20695],[28.61397,44.20676],[28.61383,44.20661],[28.6137,44.20647],[28.61356,44.20633],[28.6135,44.20627],[28.61345,44.20622],[28.61327,44.20604],[28.61261,44.20539],[28.61195,44.20475],[28.61128,44.2041],[28.61115,44.20398],[28.61102,44.20385],[28.61086,44.2037],[28.61071,44.20356],[28.61062,44.20351],[28.61036,44.20326],[28.61027,44.20319],[28.61022,44.20311],[28.61008,44.20299],[28.61002,44.20288],[28.60992,44.20278],[28.60961,44.20248],[28.60899,44.20188],[28.60862,44.20152],[28.6084,44.20134],[28.60835,44.20128],[28.60832,44.20124],[28.60833,44.20119],[28.60837,44.20111],[28.60842,44.20108],[28.60851,44.20106],[28.60861,44.20109],[28.60884,44.20107],[28.60911,44.20098],[28.60936,44.20091],[28.60943,44.20088],[28.60953,44.20081],[28.60955,44.20076],[28.60955,44.20069],[28.60949,44.20062],[28.60913,44.20077]]},"properties":{"line":"43M","dir":"0","mode":"bus"}},{"type":"Feature","geometry":{"type":"LineString","coordinates":[[28.60913,44.20077],[28.60854,44.20099],[28.60838,44.20096],[28.60826,44.20085],[28.60868,44.20065],[28.60909,44.20047],[28.60941,44.20033],[28.60951,44.20043],[28.60965,44.20058],[28.60964,44.20072],[28.60962,44.20081],[28.60953,44.20088],[28.6094,44.20094],[28.60887,44.20109],[28.60873,44.20118],[28.60872,44.20123],[28.60871,44.20131],[28.60865,44.2014],[28.60866,44.20145],[28.60867,44.2015],[28.60876,44.2016],[28.609,44.20183],[28.61006,44.20287],[28.61018,44.20292],[28.61029,44.20298],[28.61045,44.20307],[28.61053,44.2031],[28.61056,44.20318],[28.61073,44.20345],[28.61078,44.20358],[28.61099,44.20377],[28.61107,44.20383],[28.61165,44.20441],[28.61181,44.20457],[28.61199,44.20474],[28.61264,44.20538],[28.61297,44.20569],[28.61332,44.20605],[28.61358,44.2063],[28.61369,44.20641],[28.61381,44.20653],[28.6139,44.20663],[28.61395,44.20668],[28.614,44.20674],[28.61418,44.20696],[28.61428,44.20708],[28.61437,44.20718],[28.61447,44.20728],[28.61459,44.20738],[28.61471,44.20747],[28.61488,44.20759],[28.61497,44.2076],[28.61506,44.20761],[28.61514,44.20762],[28.61523,44.20762],[28.61531,44.20761],[28.6154,44.2076],[28.61561,44.20758],[28.61578,44.20755],[28.61588,44.20751],[28.61599,44.20748],[28.61622,44.20729],[28.61649,44.20707],[28.61679,44.20687],[28.61764,44.20632],[28.61768,44.20629],[28.61789,44.20615],[28.618,44.20608],[28.61813,44.206],[28.61849,44.20576],[28.61906,44.20539],[28.61966,44.205],[28.62005,44.20475],[28.62037,44.20455],[28.62054,44.20444],[28.6212,44.20401],[28.62138,44.20389],[28.62152,44.20381],[28.62162,44.20375],[28.62173,44.20365],[28.62194,44.2035],[28.62218,44.20334],[28.62245,44.20317],[28.62261,44.20306],[28.62279,44.20294],[28.62323,44.20266],[28.62389,44.20219],[28.62403,44.20215],[28.62448,44.20185],[28.62561,44.20113],[28.62572,44.20105],[28.62655,44.20049],[28.62675,44.20037],[28.62704,44.20017],[28.62822,44.19938],[28.62852,44.19918],[28.62878,44.19901],[28.62909,44.19881],[28.62922,44.19872],[28.62955,44.1985],[28.62999,44.19821],[28.63044,44.19792],[28.63093,44.19758],[28.63131,44.19734],[28.63168,44.19711],[28.63211,44.19683],[28.63254,44.19655],[28.63267,44.19646],[28.63328,44.19609],[28.63356,44.1959],[28.63384,44.19572],[28.63412,44.19554],[28.63467,44.19518],[28.63578,44.19447],[28.63602,44.19432],[28.63619,44.19421],[28.63627,44.19416],[28.6369,44.19375],[28.63753,44.19334],[28.63777,44.19319],[28.63797,44.19303],[28.63833,44.19274],[28.63847,44.19263],[28.63857,44.19253],[28.63871,44.19239],[28.63885,44.19225],[28.6392,44.19189],[28.63934,44.19172],[28.64069,44.19026],[28.64121,44.18966],[28.64173,44.18908],[28.64248,44.18816],[28.64279,44.18782],[28.64295,44.18766],[28.64302,44.18755],[28.6434,44.18707],[28.64381,44.18661],[28.64451,44.18589],[28.6447,44.18567],[28.64486,44.1855],[28.64671,44.18361],[28.65001,44.18029],[28.65173,44.17857],[28.64978,44.17762],[28.64951,44.17749],[28.64908,44.17728],[28.64898,44.17723],[28.64874,44.17711],[28.64861,44.17704],[28.64812,44.1768],[28.64725,44.17638],[28.64622,44.17588],[28.64581,44.17568],[28.64472,44.17513],[28.64425,44.17491],[28.64408,44.17482],[28.64391,44.17474],[28.64324,44.17442],[28.64257,44.17408],[28.64222,44.17391],[28.64216,44.17387],[28.64167,44.1735],[28.64142,44.1733],[28.64094,44.17294],[28.64086,44.17288],[28.64066,44.17273],[28.64045,44.17257],[28.63977,44.17207],[28.63878,44.17128],[28.63809,44.17079],[28.63678,44.17026],[28.6333,44.16924],[28.63294,44.16913],[28.63282,44.16893],[28.63299,44.16851]]},"properties":{"line":"43M","dir":"1","mode":"bus"}},{"type":"Feature","geometry":{"type":"LineString","coordinates":[[28.65928,44.1711],[28.65917,44.17121],[28.65903,44.17139],[28.65881,44.17154],[28.65873,44.1716],[28.65867,44.17165],[28.65849,44.17186],[28.65828,44.17211],[28.65812,44.17232],[28.65793,44.17252],[28.65784,44.1726],[28.65774,44.17268],[28.65763,44.17277],[28.65754,44.17286],[28.65745,44.17292],[28.65737,44.17299],[28.65727,44.17308],[28.65716,44.17316],[28.65706,44.17323],[28.65695,44.17331],[28.65659,44.17352],[28.65629,44.17369],[28.6559,44.17388],[28.65577,44.17393],[28.65537,44.17409],[28.65501,44.17423],[28.65454,44.17439],[28.65405,44.17456],[28.65353,44.17475],[28.65318,44.17487],[28.65273,44.17503],[28.65249,44.17511],[28.65238,44.17514],[28.65229,44.17518],[28.65211,44.17529],[28.65194,44.17542],[28.65186,44.17545],[28.65174,44.17551],[28.65164,44.17556],[28.65158,44.17567],[28.65161,44.17569],[28.65157,44.17577],[28.65149,44.17576],[28.65142,44.17573],[28.65131,44.17568],[28.65115,44.17561],[28.65068,44.17543],[28.65054,44.17538],[28.65043,44.17533],[28.65029,44.17529],[28.65017,44.17529],[28.65003,44.17532],[28.64993,44.17538],[28.6498,44.17549],[28.64966,44.17561],[28.64956,44.17566],[28.64949,44.17572],[28.6494,44.17579],[28.6493,44.17585],[28.6492,44.17591],[28.64907,44.17597],[28.64823,44.17667],[28.64812,44.17677],[28.6474,44.1774],[28.64682,44.17792],[28.64657,44.17813],[28.64627,44.17837],[28.64616,44.17847],[28.6455,44.17901],[28.64508,44.17875],[28.64463,44.17848],[28.6442,44.17821],[28.64375,44.17794],[28.64333,44.1777],[28.64308,44.17754],[28.64284,44.17738],[28.64262,44.17725],[28.64241,44.17712],[28.64212,44.17694],[28.64184,44.17677],[28.64164,44.17695],[28.64141,44.17713],[28.64129,44.17723],[28.64121,44.17729],[28.64108,44.1774],[28.64096,44.17751],[28.64044,44.17796],[28.63992,44.1784],[28.63969,44.17859],[28.63947,44.17879],[28.63918,44.17904],[28.63889,44.17928],[28.63859,44.17955],[28.63843,44.17968],[28.63836,44.17975],[28.63821,44.1799],[28.63805,44.17994],[28.63713,44.18011],[28.63696,44.18007],[28.63679,44.18013],[28.63649,44.18015],[28.63627,44.18017],[28.63578,44.18017],[28.63539,44.18017],[28.63512,44.18018],[28.63485,44.18017],[28.63458,44.18017],[28.63449,44.18017],[28.63431,44.18015],[28.63412,44.18012],[28.63404,44.18013],[28.63383,44.18015],[28.63367,44.18017],[28.63351,44.18021],[28.63338,44.18035],[28.63332,44.18044],[28.63327,44.18052],[28.6332,44.18063],[28.63318,44.18067],[28.63306,44.18079],[28.63295,44.18092],[28.63287,44.18098],[28.63279,44.18104],[28.63267,44.1811],[28.63255,44.18114],[28.6323,44.18123],[28.63166,44.18144],[28.63126,44.18158],[28.63014,44.18194],[28.62937,44.1822],[28.62855,44.18247],[28.62811,44.18262],[28.62776,44.18274],[28.62752,44.18282],[28.62728,44.1829],[28.62688,44.18303],[28.62644,44.18318],[28.62602,44.18332],[28.6256,44.18345],[28.62522,44.18358],[28.62476,44.18373],[28.62434,44.18387],[28.62393,44.18401],[28.62355,44.18413],[28.62337,44.18419],[28.62307,44.18429],[28.62225,44.18456],[28.62171,44.18474],[28.62136,44.18485],[28.62122,44.18491],[28.62072,44.18507],[28.62038,44.18518],[28.62004,44.18529],[28.61957,44.18544],[28.6191,44.1856],[28.61863,44.18576],[28.61816,44.18592],[28.61722,44.18622],[28.61628,44.18653],[28.61581,44.18669],[28.61557,44.18677],[28.61551,44.18679],[28.61514,44.18692],[28.61462,44.1871],[28.61423,44.18724],[28.61385,44.1874],[28.61358,44.18752],[28.61325,44.18769],[28.61312,44.18776],[28.61253,44.18807],[28.61191,44.18838],[28.61152,44.18859],[28.61127,44.1887],[28.611,44.18885],[28.61072,44.18899],[28.6104,44.18915],[28.60982,44.18945],[28.60907,44.18983],[28.60867,44.19004],[28.60847,44.19014],[28.60827,44.19024],[28.60806,44.19035],[28.606,44.1914],[28.60555,44.19162],[28.6052,44.1918],[28.60466,44.19207],[28.60405,44.19239],[28.60384,44.1925],[28.60333,44.19274],[28.60328,44.19277],[28.60324,44.19282],[28.60317,44.19286],[28.60306,44.19294],[28.60304,44.193],[28.60301,44.19303],[28.60298,44.19306],[28.603,44.1931],[28.60302,44.19319],[28.60307,44.19334],[28.60311,44.1935],[28.60321,44.19381],[28.6032,44.1939],[28.60343,44.19434],[28.60379,44.19502],[28.60404,44.19553],[28.60418,44.19581],[28.60431,44.19607],[28.60437,44.19612],[28.60442,44.19619],[28.60447,44.19626],[28.60451,44.19633],[28.60455,44.19636],[28.60458,44.19638],[28.60459,44.19642],[28.60459,44.1965],[28.60464,44.19656],[28.60474,44.19671],[28.60482,44.19685],[28.60497,44.19714],[28.60511,44.19742],[28.60517,44.19755],[28.60531,44.1978],[28.60536,44.19788],[28.60549,44.19811],[28.60559,44.19826],[28.60562,44.19831],[28.60568,44.19837],[28.60574,44.19841],[28.60582,44.19844],[28.60589,44.19847],[28.60599,44.19847],[28.60609,44.1985],[28.60613,44.19854],[28.60615,44.19858],[28.60615,44.19863],[28.60612,44.1987],[28.60609,44.19877],[28.6061,44.19883],[28.60611,44.1989],[28.60611,44.19894],[28.60619,44.19907],[28.60626,44.19916],[28.6068,44.19971],[28.60726,44.20015],[28.6074,44.20029],[28.60813,44.20098],[28.6084,44.20104],[28.60853,44.20102],[28.60864,44.20106],[28.60871,44.20111],[28.60875,44.20122],[28.60871,44.20129],[28.60867,44.20134],[28.60867,44.20149],[28.60934,44.20214],[28.61006,44.20284],[28.61026,44.20302],[28.61037,44.2031],[28.61047,44.2031],[28.61079,44.20291],[28.61098,44.20278],[28.61134,44.20251],[28.61162,44.20231],[28.61193,44.20203],[28.61297,44.20125],[28.61331,44.20097],[28.61348,44.20083],[28.61362,44.2007],[28.61381,44.20053],[28.61397,44.2004],[28.61412,44.20028],[28.61423,44.20021],[28.61434,44.20015],[28.61458,44.20004],[28.61505,44.19985],[28.61552,44.19965],[28.617,44.19903],[28.61716,44.19893],[28.61798,44.19859],[28.61876,44.19824],[28.61962,44.19771],[28.62052,44.19731],[28.62138,44.19703],[28.6221,44.19687],[28.62252,44.19679],[28.62369,44.1966],[28.6238,44.19657],[28.624,44.19652],[28.6241,44.19659],[28.62406,44.19665],[28.62393,44.19667],[28.62369,44.19666],[28.62247,44.19685],[28.62177,44.19698]]},"properties":{"line":"44","dir":"0","mode":"bus"}},{"type":"Feature","geometry":{"type":"LineString","coordinates":[[28.62177,44.19698],[28.62159,44.19702],[28.62131,44.1971],[28.62101,44.19718],[28.62069,44.1973],[28.6205,44.19738],[28.62021,44.1975],[28.61989,44.19763],[28.61953,44.19783],[28.6193,44.19796],[28.61902,44.19812],[28.61874,44.19829],[28.61846,44.19846],[28.61827,44.19854],[28.61814,44.1986],[28.61794,44.19869],[28.61703,44.19904],[28.61703,44.19904],[28.61628,44.19936],[28.61554,44.19967],[28.61464,44.20004],[28.6145,44.2001],[28.61436,44.20017],[28.61431,44.2002],[28.61425,44.20023],[28.6142,44.20026],[28.61414,44.2003],[28.61399,44.20042],[28.61384,44.20055],[28.61375,44.20062],[28.61366,44.2007],[28.61349,44.20086],[28.61341,44.20093],[28.61334,44.20099],[28.61309,44.2012],[28.61275,44.20146],[28.61258,44.20159],[28.61243,44.20172],[28.61202,44.20203],[28.61162,44.20234],[28.6112,44.20265],[28.611,44.20279],[28.61071,44.203],[28.61063,44.20307],[28.61057,44.20317],[28.61053,44.20322],[28.61047,44.20326],[28.61035,44.20326],[28.61027,44.20321],[28.61026,44.20314],[28.61013,44.20303],[28.61008,44.20299],[28.61002,44.20288],[28.6098,44.20267],[28.60933,44.20221],[28.60886,44.20175],[28.60862,44.20152],[28.60842,44.20135],[28.60834,44.2013],[28.60831,44.20127],[28.60817,44.20109],[28.60791,44.20084],[28.6074,44.20033],[28.60688,44.19984],[28.60638,44.19933],[28.60624,44.19919],[28.60608,44.199],[28.60597,44.19895],[28.60588,44.19883],[28.60578,44.19873],[28.60573,44.19868],[28.60572,44.19861],[28.60563,44.19852],[28.60551,44.19835],[28.60539,44.19817],[28.6053,44.19805],[28.60521,44.19792],[28.60505,44.19764],[28.60496,44.19746],[28.60477,44.19707],[28.60467,44.19691],[28.60461,44.19679],[28.60457,44.19674],[28.60451,44.19667],[28.60445,44.19662],[28.60437,44.19663],[28.6042,44.19657],[28.60415,44.1964],[28.60422,44.19633],[28.60426,44.19627],[28.60426,44.19622],[28.60426,44.19614],[28.60428,44.19608],[28.60406,44.19565],[28.60384,44.19522],[28.60362,44.19479],[28.6034,44.19436],[28.60327,44.19411],[28.60317,44.19392],[28.60308,44.19383],[28.60301,44.19369],[28.60295,44.19354],[28.60281,44.19326],[28.60264,44.19298],[28.60265,44.19289],[28.60271,44.19283],[28.60279,44.19279],[28.60289,44.19279],[28.60297,44.19282],[28.6031,44.19278],[28.60326,44.19274],[28.60425,44.19225],[28.60464,44.19205],[28.60515,44.19179],[28.60597,44.19138],[28.60682,44.19094],[28.608,44.19034],[28.60827,44.1902],[28.60865,44.19002],[28.60902,44.18982],[28.6097,44.18948],[28.61003,44.1893],[28.61038,44.18913],[28.6107,44.18896],[28.61126,44.18868],[28.61189,44.18835],[28.61216,44.18822],[28.61263,44.18797],[28.61311,44.18773],[28.6132,44.18767],[28.61355,44.1875],[28.61368,44.18744],[28.61382,44.18738],[28.61401,44.1873],[28.61421,44.18722],[28.6146,44.18707],[28.61507,44.18691],[28.6155,44.18676],[28.61557,44.18674],[28.61627,44.18651],[28.61673,44.18635],[28.6172,44.1862],[28.61814,44.18589],[28.61908,44.18558],[28.61955,44.18542],[28.61999,44.18528],[28.62042,44.18513],[28.62118,44.18488],[28.6213,44.18484],[28.62187,44.18466],[28.62222,44.18455],[28.62303,44.18428],[28.62336,44.18417],[28.62353,44.18411],[28.6239,44.18398],[28.62472,44.18371],[28.62557,44.18343],[28.62594,44.18331],[28.62643,44.18316],[28.62725,44.18288],[28.6281,44.18259],[28.62861,44.18242],[28.62898,44.18229],[28.63011,44.18192],[28.63065,44.18174],[28.63124,44.18155],[28.63165,44.18141],[28.63238,44.18114],[28.63274,44.18101],[28.6329,44.18092],[28.63305,44.18075],[28.63309,44.18069],[28.63313,44.18063],[28.6332,44.18051],[28.63324,44.18046],[28.6333,44.1803],[28.63334,44.18022],[28.63338,44.18014],[28.6334,44.1801],[28.63342,44.18005],[28.63343,44.18001],[28.63344,44.17996],[28.63349,44.17989],[28.6336,44.17988],[28.63367,44.1799],[28.63412,44.18],[28.63431,44.18003],[28.63442,44.18004],[28.63484,44.18005],[28.63504,44.18005],[28.63523,44.18005],[28.63581,44.18005],[28.63614,44.18004],[28.63635,44.18003],[28.63656,44.18003],[28.63666,44.18003],[28.6372,44.18002],[28.63759,44.17997],[28.63825,44.17977],[28.6415,44.177],[28.64159,44.17706],[28.64161,44.17765],[28.64151,44.179],[28.64144,44.17995],[28.64179,44.1809],[28.64221,44.18183],[28.64369,44.18054],[28.64398,44.18029],[28.64443,44.17991],[28.64486,44.17954],[28.64518,44.17927],[28.6455,44.179],[28.64585,44.1787],[28.6461,44.17843],[28.64622,44.17834],[28.64674,44.1779],[28.64737,44.17735],[28.6481,44.17673],[28.64823,44.17663],[28.64908,44.17593],[28.64935,44.17573],[28.64967,44.17551],[28.64975,44.17544],[28.64983,44.17538],[28.64994,44.17532],[28.65005,44.17527],[28.65015,44.17525],[28.65026,44.17525],[28.65042,44.17528],[28.65059,44.17532],[28.65072,44.17538],[28.65116,44.17556],[28.65134,44.17559],[28.6514,44.17557],[28.65163,44.17544],[28.65177,44.17532],[28.65185,44.17528],[28.65192,44.17524],[28.65198,44.1752],[28.65215,44.17514],[28.65227,44.17514],[28.65239,44.17509],[28.65249,44.17507],[28.65267,44.17499],[28.65411,44.17448],[28.65483,44.17425],[28.65539,44.17404],[28.65571,44.17391],[28.65587,44.17384],[28.65609,44.17374],[28.65629,44.17364],[28.65647,44.17353],[28.65705,44.17315],[28.65743,44.17288],[28.65825,44.17201],[28.65905,44.17113],[28.65918,44.17098],[28.65919,44.17094],[28.6593,44.17079],[28.65936,44.17069],[28.65947,44.17049],[28.65952,44.17038],[28.65954,44.17033],[28.65961,44.17025],[28.65972,44.17024],[28.65978,44.17028],[28.65983,44.17034],[28.65952,44.17068],[28.65928,44.1711]]},"properties":{"line":"44","dir":"1","mode":"bus"}},{"type":"Feature","geometry":{"type":"LineString","coordinates":[[28.57661,44.16893],[28.57645,44.16891],[28.57637,44.16889],[28.57632,44.16886],[28.57626,44.16881],[28.57622,44.16877],[28.57618,44.16872],[28.57613,44.16869],[28.57611,44.16865],[28.57613,44.16861],[28.57621,44.16858],[28.57628,44.16859],[28.57633,44.16865],[28.57659,44.16867],[28.57671,44.16867],[28.57684,44.16867],[28.57759,44.16871],[28.57778,44.16872],[28.57843,44.16876],[28.57908,44.1688],[28.57993,44.16885],[28.58077,44.16891],[28.58175,44.16897],[28.58219,44.169],[28.58239,44.16902],[28.58317,44.16907],[28.58419,44.16913],[28.58507,44.16919],[28.58607,44.16925],[28.58675,44.16929],[28.58767,44.16935],[28.5879,44.16937],[28.58801,44.16938],[28.58836,44.16939],[28.58893,44.16944],[28.58911,44.16945],[28.58946,44.16947],[28.59008,44.16951],[28.59099,44.16958],[28.59156,44.16961],[28.59185,44.16963],[28.59208,44.16965],[28.59284,44.16969],[28.59342,44.1697],[28.59355,44.16971],[28.59366,44.16971],[28.59375,44.1697],[28.59381,44.1697],[28.59387,44.16969],[28.59396,44.16972],[28.59404,44.16975],[28.59441,44.1698],[28.59454,44.1698],[28.59483,44.16982],[28.59512,44.16984],[28.59541,44.16986],[28.59597,44.1699],[28.59663,44.16994],[28.59728,44.16998],[28.59753,44.17],[28.59791,44.17003],[28.59855,44.17007],[28.59918,44.17011],[28.59986,44.17015],[28.60051,44.1702],[28.60097,44.17023],[28.60127,44.17025],[28.60168,44.17027],[28.60194,44.17029],[28.60228,44.17031],[28.6026,44.17034],[28.60331,44.1704],[28.60389,44.17044],[28.60405,44.17045],[28.6041,44.17042],[28.6042,44.17044],[28.6044,44.17048],[28.60512,44.1705],[28.60549,44.17052],[28.60586,44.17054],[28.60653,44.17058],[28.60756,44.17065],[28.60808,44.17068],[28.60827,44.17069],[28.60855,44.17071],[28.60886,44.17073],[28.60913,44.17075],[28.60934,44.17077],[28.60955,44.17076],[28.6097,44.17076],[28.60986,44.17077],[28.6099,44.17073],[28.61,44.17069],[28.61008,44.17068],[28.61015,44.17069],[28.61022,44.17073],[28.61026,44.17077],[28.61043,44.17078],[28.61059,44.1708],[28.61072,44.17082],[28.61084,44.17082],[28.61098,44.17083],[28.6117,44.17086],[28.61201,44.17094],[28.61306,44.17101],[28.61436,44.17109],[28.61503,44.17113],[28.61562,44.17117],[28.61672,44.17124],[28.61752,44.17131],[28.62054,44.17151],[28.6213,44.17155],[28.62475,44.17177],[28.62488,44.17177],[28.62709,44.1719],[28.6279,44.17196],[28.62872,44.17201],[28.62917,44.17204],[28.62978,44.17207],[28.63036,44.17211],[28.63144,44.17219],[28.63253,44.17226],[28.63394,44.17234],[28.63471,44.17241],[28.63511,44.17243],[28.6355,44.17246],[28.63601,44.1725],[28.6364,44.17254],[28.63664,44.17255],[28.63689,44.17256],[28.63722,44.17258],[28.63755,44.1726],[28.63817,44.17263],[28.63875,44.17266],[28.63892,44.17267],[28.63934,44.17272],[28.63991,44.17273],[28.64007,44.17271],[28.64019,44.17267],[28.64037,44.17257],[28.64047,44.17254],[28.64052,44.17257],[28.64088,44.17285],[28.64096,44.17291],[28.6412,44.17309],[28.64145,44.17328],[28.64181,44.17356],[28.64193,44.17365],[28.6422,44.17386],[28.64254,44.17404],[28.64288,44.1742],[28.64393,44.17472],[28.6441,44.1748],[28.64428,44.17489],[28.64454,44.17502],[28.64475,44.17512],[28.64624,44.17586],[28.64719,44.17632],[28.64767,44.17655],[28.64821,44.17677],[28.64976,44.17548],[28.65017,44.17523],[28.6513,44.17557],[28.6516,44.17547],[28.65165,44.17544],[28.65175,44.17538],[28.65182,44.17531],[28.65192,44.17523],[28.65204,44.17519],[28.65215,44.17515]]},"properties":{"line":"48","dir":"0","mode":"bus"}},{"type":"Feature","geometry":{"type":"LineString","coordinates":[[28.65215,44.17514],[28.65223,44.17511],[28.65238,44.17507],[28.65249,44.17504],[28.65259,44.17507],[28.6525,44.17511],[28.65244,44.17513],[28.65233,44.17517],[28.65217,44.17522],[28.65206,44.17526],[28.65192,44.17534],[28.65184,44.17538],[28.6518,44.17545],[28.65174,44.17551],[28.65167,44.17558],[28.65159,44.17565],[28.65157,44.17571],[28.65148,44.17573],[28.65139,44.17568],[28.65109,44.1756],[28.65093,44.17551],[28.65082,44.17547],[28.65071,44.17543],[28.6506,44.17539],[28.65045,44.17533],[28.6503,44.1753],[28.65021,44.17529],[28.6501,44.17529],[28.65,44.17532],[28.64992,44.17537],[28.64983,44.17543],[28.64976,44.17549],[28.64972,44.17552],[28.64956,44.17566],[28.64949,44.17572],[28.6494,44.17579],[28.6493,44.17585],[28.6492,44.17591],[28.64907,44.17597],[28.64823,44.17667],[28.64812,44.17677],[28.6474,44.1774],[28.64682,44.17792],[28.64657,44.17813],[28.64644,44.17823],[28.64624,44.17836],[28.64612,44.17847],[28.64584,44.17874],[28.64551,44.17901],[28.64521,44.17927],[28.6449,44.17954],[28.64445,44.17992],[28.64402,44.18029],[28.6436,44.18064],[28.64315,44.18106],[28.64301,44.18116],[28.64207,44.18196],[28.64125,44.17998],[28.64135,44.17753],[28.64134,44.17731],[28.64123,44.17726],[28.64125,44.17715],[28.6426,44.17608],[28.64279,44.17594],[28.64311,44.17566],[28.64358,44.17523],[28.64406,44.17482],[28.64312,44.17436],[28.64265,44.17413],[28.64241,44.17401],[28.64225,44.17393],[28.64218,44.17389],[28.64192,44.17369],[28.64167,44.1735],[28.64142,44.17331],[28.64093,44.17293],[28.6408,44.17283],[28.64043,44.1728],[28.6401,44.17278],[28.63994,44.17276],[28.63952,44.17275],[28.6394,44.17275],[28.63896,44.1727],[28.63878,44.17269],[28.63823,44.17266],[28.63756,44.17263],[28.63722,44.17261],[28.63689,44.17259],[28.63664,44.17258],[28.63639,44.17257],[28.63602,44.17253],[28.63559,44.1725],[28.63468,44.17245],[28.63395,44.17241],[28.63324,44.17236],[28.63254,44.1723],[28.63145,44.17222],[28.63039,44.17214],[28.62994,44.17212],[28.62917,44.17207],[28.62871,44.17204],[28.62791,44.17199],[28.62709,44.17194],[28.62407,44.17177],[28.62388,44.17175],[28.62302,44.17169],[28.62277,44.17168],[28.62216,44.17164],[28.62134,44.17159],[28.62077,44.17155],[28.61948,44.17146],[28.6185,44.1714],[28.61754,44.17133],[28.61713,44.17131],[28.61638,44.17125],[28.61562,44.17119],[28.61499,44.17115],[28.61436,44.17112],[28.61371,44.17108],[28.61306,44.17104],[28.61227,44.17099],[28.61148,44.17095],[28.61105,44.17092],[28.61089,44.17092],[28.61057,44.1709],[28.61025,44.17088],[28.61022,44.17092],[28.61015,44.17097],[28.61007,44.17098],[28.60999,44.17097],[28.60993,44.17095],[28.60988,44.17091],[28.60985,44.17086],[28.60968,44.17084],[28.60949,44.17082],[28.6093,44.17079],[28.60881,44.17076],[28.60857,44.17074],[28.60838,44.17073],[28.60829,44.17071],[28.60806,44.17071],[28.60757,44.17068],[28.60706,44.17065],[28.60652,44.17061],[28.60586,44.17057],[28.60513,44.17052],[28.6044,44.1705],[28.6042,44.1705],[28.60412,44.17053],[28.60404,44.17047],[28.60389,44.17047],[28.60332,44.17043],[28.60295,44.1704],[28.60259,44.17036],[28.60211,44.17033],[28.60195,44.17032],[28.60168,44.1703],[28.60126,44.17028],[28.60096,44.17026],[28.60053,44.17022],[28.59988,44.17018],[28.59917,44.17014],[28.59857,44.1701],[28.59833,44.17009],[28.59795,44.17007],[28.59727,44.17001],[28.59592,44.16993],[28.59535,44.16989],[28.59523,44.16988],[28.59509,44.16987],[28.59432,44.16983],[28.59424,44.16984],[28.59412,44.16986],[28.59403,44.16987],[28.59396,44.16989],[28.59386,44.16991],[28.59377,44.16989],[28.59371,44.16987],[28.59361,44.16984],[28.59347,44.16981],[28.59335,44.1698],[28.59291,44.16977],[28.59282,44.16974],[28.59207,44.16969],[28.59155,44.16965],[28.59118,44.16962],[28.59099,44.16961],[28.59007,44.16955],[28.58945,44.1695],[28.58899,44.16947],[28.58874,44.16945],[28.58836,44.16943],[28.58776,44.16939],[28.58762,44.16938],[28.58692,44.16933],[28.58673,44.16932],[28.58605,44.16928],[28.58507,44.16922],[28.58418,44.16916],[28.58316,44.16909],[28.58237,44.16904],[28.58218,44.16903],[28.58155,44.16899],[28.58076,44.16894],[28.57907,44.16883],[28.57841,44.16879],[28.57777,44.16875],[28.57758,44.16874],[28.57729,44.16872],[28.5772,44.16878],[28.57709,44.16883],[28.57696,44.16888],[28.57689,44.16891],[28.57681,44.16893],[28.57671,44.16893],[28.57661,44.16893]]},"properties":{"line":"48","dir":"1","mode":"bus"}},{"type":"Feature","geometry":{"type":"LineString","coordinates":[[28.65928,44.1711],[28.65917,44.17121],[28.65903,44.17139],[28.65881,44.17154],[28.65873,44.1716],[28.65867,44.17165],[28.65849,44.17186],[28.65828,44.17211],[28.65812,44.17232],[28.65793,44.17252],[28.65784,44.1726],[28.65774,44.17268],[28.65763,44.17277],[28.65754,44.17286],[28.65745,44.17292],[28.65737,44.17299],[28.65727,44.17308],[28.65716,44.17316],[28.65706,44.17323],[28.65695,44.17331],[28.65659,44.17352],[28.65629,44.17369],[28.6559,44.17388],[28.65577,44.17393],[28.65537,44.17409],[28.65501,44.17423],[28.65454,44.17439],[28.65405,44.17456],[28.65353,44.17475],[28.65318,44.17487],[28.65273,44.17503],[28.65249,44.17511],[28.65238,44.17514],[28.65229,44.17518],[28.65211,44.17529],[28.65194,44.17542],[28.65186,44.17545],[28.65174,44.17551],[28.65164,44.17556],[28.65158,44.17567],[28.65161,44.17569],[28.65157,44.17577],[28.65149,44.17576],[28.65142,44.17573],[28.65131,44.17568],[28.65115,44.17561],[28.65068,44.17543],[28.65054,44.17538],[28.65043,44.17533],[28.65029,44.17529],[28.65017,44.17529],[28.65003,44.17532],[28.64993,44.17538],[28.6498,44.17549],[28.64966,44.17561],[28.64956,44.17566],[28.64949,44.17572],[28.6494,44.17579],[28.6493,44.17585],[28.6492,44.17591],[28.64907,44.17597],[28.64823,44.17667],[28.64812,44.17677],[28.6474,44.1774],[28.64682,44.17792],[28.64657,44.17813],[28.64627,44.17837],[28.64616,44.17847],[28.6455,44.17901],[28.64508,44.17875],[28.64463,44.17848],[28.6442,44.17821],[28.64375,44.17794],[28.64333,44.1777],[28.64308,44.17754],[28.64284,44.17738],[28.64262,44.17725],[28.64241,44.17712],[28.64212,44.17694],[28.64184,44.17677],[28.64164,44.17695],[28.64141,44.17713],[28.64129,44.17723],[28.64121,44.17729],[28.64108,44.1774],[28.64096,44.17751],[28.64044,44.17796],[28.63992,44.1784],[28.63969,44.17859],[28.63947,44.17879],[28.63918,44.17904],[28.63889,44.17928],[28.63859,44.17955],[28.63843,44.17968],[28.63836,44.17975],[28.63821,44.1799],[28.63805,44.17994],[28.63713,44.18011],[28.63696,44.18007],[28.63679,44.18013],[28.63661,44.18014],[28.63623,44.18016],[28.63588,44.18017],[28.63525,44.18017],[28.63507,44.18018],[28.63488,44.18017],[28.63457,44.18017],[28.63433,44.18014],[28.63419,44.18013],[28.63366,44.18009],[28.63359,44.1801],[28.63351,44.18009],[28.63345,44.18005],[28.63336,44.17996],[28.63326,44.17989],[28.63307,44.1798],[28.63296,44.17976],[28.63283,44.1797],[28.63272,44.17966],[28.63182,44.17938],[28.63128,44.17921],[28.63101,44.17911],[28.63073,44.17902],[28.63024,44.17885],[28.62996,44.17877],[28.62969,44.17868],[28.62944,44.17859],[28.62917,44.17849],[28.62886,44.17838],[28.62865,44.1783],[28.62837,44.1782],[28.62778,44.17798],[28.62755,44.17792],[28.62704,44.17781],[28.62666,44.17773],[28.62629,44.17765],[28.62405,44.17715],[28.62352,44.17702],[28.62272,44.17684],[28.6222,44.17672],[28.62167,44.1766],[28.62155,44.17658],[28.62123,44.17656],[28.62091,44.17654],[28.62078,44.17653],[28.6199,44.17648],[28.61946,44.17645],[28.61902,44.17642],[28.61784,44.17634],[28.61724,44.1763],[28.61665,44.17626],[28.61599,44.17622],[28.6159,44.17621],[28.61582,44.17621],[28.61572,44.17622],[28.61566,44.17622],[28.61555,44.17624],[28.61542,44.17629],[28.61522,44.17637],[28.61514,44.17642],[28.61506,44.17646],[28.61487,44.17656],[28.61466,44.17668],[28.61453,44.17675],[28.61433,44.17688],[28.61428,44.17697],[28.61417,44.17703],[28.61404,44.17702],[28.61377,44.17714],[28.61327,44.1774],[28.6131,44.17748],[28.61276,44.17764],[28.61261,44.17772],[28.61253,44.17774],[28.61239,44.17777],[28.61219,44.1778],[28.61209,44.17783],[28.61194,44.17786],[28.61178,44.17787],[28.6116,44.17787],[28.61136,44.17785],[28.6112,44.17783],[28.61089,44.17775],[28.61075,44.1777],[28.61059,44.17763],[28.61034,44.17751],[28.6101,44.17733],[28.60944,44.17665],[28.60938,44.17658],[28.60919,44.17634],[28.60897,44.17612],[28.60864,44.17581],[28.60859,44.17576],[28.60846,44.17571],[28.60825,44.17561],[28.6081,44.17554],[28.60794,44.17547],[28.60782,44.17542],[28.60776,44.1754],[28.60755,44.17539],[28.60745,44.1754],[28.60736,44.17539],[28.6073,44.17538],[28.60722,44.17528],[28.60719,44.17522],[28.60717,44.17509],[28.60694,44.1744],[28.60683,44.17406],[28.60678,44.17389],[28.60673,44.17372],[28.60669,44.17357],[28.60665,44.17344],[28.60662,44.17336],[28.60657,44.17329],[28.60653,44.17321],[28.60615,44.17336],[28.60602,44.17341],[28.60571,44.17356],[28.60551,44.17367],[28.60528,44.17378],[28.605,44.17391],[28.60447,44.17416],[28.60395,44.17441],[28.60384,44.17447],[28.60375,44.17452],[28.60348,44.17465],[28.60318,44.17479],[28.60292,44.17493],[28.60265,44.17507],[28.60241,44.17519],[28.60216,44.17532],[28.6019,44.17545],[28.60149,44.17566],[28.60109,44.17586],[28.60099,44.17591],[28.60057,44.17613],[28.60015,44.17634],[28.60001,44.17641],[28.59971,44.17657],[28.59943,44.17672],[28.59913,44.17688],[28.59892,44.17699],[28.5987,44.17711],[28.59855,44.17719],[28.5971,44.17799]]},"properties":{"line":"51","dir":"0","mode":"bus"}},{"type":"Feature","geometry":{"type":"LineString","coordinates":[[28.5971,44.17799],[28.59682,44.17814],[28.59653,44.17829],[28.5964,44.17836],[28.59632,44.17843],[28.59609,44.17853],[28.59603,44.17857],[28.59595,44.17857],[28.59588,44.17854],[28.59585,44.17848],[28.59587,44.17843],[28.59593,44.17839],[28.59639,44.17831],[28.59678,44.17811],[28.59724,44.17787],[28.5979,44.17752],[28.59822,44.17734],[28.59855,44.17716],[28.59872,44.17707],[28.59928,44.17677],[28.60063,44.17606],[28.60067,44.17604],[28.601,44.17587],[28.60111,44.17582],[28.60185,44.17544],[28.60212,44.17531],[28.60262,44.17505],[28.60305,44.17483],[28.6034,44.17466],[28.60501,44.17381],[28.60603,44.17332],[28.60661,44.1731],[28.60729,44.17529],[28.60774,44.1753],[28.60863,44.17567],[28.60915,44.17618],[28.61016,44.1773],[28.6102,44.17734],[28.61029,44.17741],[28.61035,44.17744],[28.6104,44.17748],[28.6105,44.17754],[28.61059,44.17759],[28.61071,44.17764],[28.61082,44.17769],[28.61095,44.17773],[28.61108,44.17776],[28.61122,44.17779],[28.61136,44.17781],[28.61155,44.17782],[28.61164,44.17783],[28.61174,44.17783],[28.6119,44.17782],[28.61207,44.1778],[28.61219,44.17777],[28.61231,44.17775],[28.61246,44.17767],[28.61254,44.17764],[28.61261,44.1776],[28.61271,44.17755],[28.61281,44.1775],[28.6131,44.17733],[28.61364,44.17704],[28.61376,44.17698],[28.6139,44.17686],[28.61389,44.17682],[28.61394,44.17676],[28.61404,44.17671],[28.6141,44.17671],[28.61418,44.17672],[28.6143,44.17668],[28.61441,44.17663],[28.6149,44.17636],[28.61498,44.17632],[28.61512,44.17628],[28.6152,44.17626],[28.61532,44.17623],[28.61553,44.17622],[28.61563,44.1762],[28.61576,44.17619],[28.61589,44.17619],[28.61625,44.1762],[28.61644,44.17622],[28.61663,44.17623],[28.61781,44.17631],[28.61841,44.17635],[28.61901,44.17639],[28.62036,44.17647],[28.6209,44.17651],[28.62121,44.17653],[28.62138,44.17654],[28.62156,44.17655],[28.62167,44.17658],[28.62353,44.17699],[28.62454,44.17722],[28.62541,44.17742],[28.62627,44.17762],[28.62702,44.17778],[28.62757,44.1779],[28.62767,44.17791],[28.62776,44.17794],[28.62808,44.17805],[28.62839,44.17817],[28.62866,44.17827],[28.62888,44.17835],[28.6292,44.17847],[28.62946,44.17856],[28.62969,44.17864],[28.62997,44.17874],[28.63022,44.17882],[28.63072,44.17899],[28.63185,44.17936],[28.63242,44.17954],[28.63294,44.1797],[28.63301,44.1797],[28.6332,44.17975],[28.6334,44.17981],[28.63359,44.17987],[28.63371,44.17992],[28.63394,44.17997],[28.63417,44.18001],[28.63431,44.18003],[28.63442,44.18004],[28.6345,44.18005],[28.63487,44.18005],[28.63502,44.18006],[28.63518,44.18006],[28.63532,44.18005],[28.63552,44.18005],[28.63586,44.18005],[28.63615,44.18005],[28.63651,44.18003],[28.63666,44.18003],[28.6372,44.18002],[28.63759,44.17997],[28.63825,44.17977],[28.6415,44.177],[28.64159,44.17706],[28.64161,44.17765],[28.64151,44.179],[28.64144,44.17995],[28.64179,44.1809],[28.64221,44.18183],[28.64369,44.18054],[28.64398,44.18029],[28.64443,44.17991],[28.64486,44.17954],[28.64518,44.17927],[28.6455,44.179],[28.64585,44.1787],[28.6461,44.17843],[28.64622,44.17834],[28.64674,44.1779],[28.64737,44.17735],[28.6481,44.17673],[28.64823,44.17663],[28.64908,44.17593],[28.64935,44.17573],[28.64967,44.17551],[28.64975,44.17544],[28.64983,44.17538],[28.64994,44.17532],[28.65005,44.17527],[28.65015,44.17525],[28.65026,44.17525],[28.65042,44.17528],[28.65059,44.17532],[28.65072,44.17538],[28.65116,44.17556],[28.65134,44.17559],[28.6514,44.17557],[28.65163,44.17544],[28.65177,44.17532],[28.65185,44.17528],[28.65192,44.17524],[28.65198,44.1752],[28.65215,44.17514],[28.65227,44.17514],[28.65239,44.17509],[28.65249,44.17507],[28.65267,44.17499],[28.65411,44.17448],[28.65483,44.17425],[28.65539,44.17404],[28.65571,44.17391],[28.65587,44.17384],[28.65609,44.17374],[28.65629,44.17364],[28.65647,44.17353],[28.65705,44.17315],[28.65743,44.17288],[28.65825,44.17201],[28.65905,44.17113],[28.65918,44.17098],[28.65919,44.17094],[28.6593,44.17079],[28.65936,44.17069],[28.65947,44.17049],[28.65952,44.17038],[28.65954,44.17033],[28.65961,44.17025],[28.65972,44.17024],[28.65978,44.17028],[28.65983,44.17034],[28.65952,44.17068],[28.65928,44.1711]]},"properties":{"line":"51","dir":"1","mode":"bus"}},{"type":"Feature","geometry":{"type":"LineString","coordinates":[[28.60593,44.21157],[28.60583,44.2115],[28.60577,44.21145],[28.60567,44.21142],[28.60548,44.21135],[28.60532,44.21138],[28.60518,44.21136],[28.6051,44.21124],[28.60517,44.21111],[28.60533,44.21113],[28.60552,44.21124],[28.60576,44.21133],[28.60763,44.21265],[28.60772,44.21272],[28.6079,44.21286],[28.60796,44.21289],[28.60804,44.21293],[28.60809,44.213],[28.6081,44.21308],[28.60807,44.21314],[28.60816,44.21319],[28.6083,44.2132],[28.60851,44.21314],[28.60964,44.21236],[28.61019,44.21195],[28.61074,44.21155],[28.61123,44.21119],[28.61228,44.21046],[28.61268,44.21016],[28.61309,44.20987],[28.61372,44.2094],[28.61393,44.20924],[28.61405,44.20921],[28.61429,44.20899],[28.61438,44.2089],[28.61449,44.20882],[28.61467,44.20867],[28.61501,44.20837],[28.61545,44.208],[28.61593,44.20831],[28.61657,44.20876],[28.61687,44.20897],[28.61701,44.20907],[28.61756,44.20945],[28.61786,44.20966],[28.618,44.20977],[28.61892,44.21039],[28.61985,44.21104],[28.62027,44.21133],[28.6208,44.21169],[28.62174,44.21233],[28.62236,44.21276],[28.62269,44.21301],[28.62278,44.21303],[28.62293,44.21312],[28.62328,44.21336],[28.62364,44.21359],[28.62373,44.21359],[28.6238,44.21366],[28.62381,44.21372],[28.62443,44.21413],[28.62447,44.2142],[28.62449,44.21425],[28.62458,44.21431],[28.62512,44.21469],[28.62528,44.2148],[28.6254,44.21488],[28.62555,44.21499],[28.62565,44.21505],[28.62574,44.21511],[28.62595,44.21528],[28.62617,44.21545],[28.62641,44.21562],[28.62648,44.21567],[28.62667,44.21571],[28.62676,44.21573],[28.62685,44.21575],[28.62716,44.21584],[28.62727,44.21584],[28.62738,44.21584],[28.62763,44.21585],[28.62791,44.21587],[28.62811,44.21589],[28.62826,44.21585],[28.62825,44.21563],[28.62826,44.21556],[28.62834,44.21509],[28.62835,44.21489],[28.62836,44.21472],[28.62839,44.21437],[28.62849,44.21275],[28.62849,44.21266],[28.62855,44.21173],[28.62856,44.21157],[28.62875,44.21027],[28.62886,44.20924],[28.62894,44.20894],[28.62903,44.20834],[28.62909,44.20802],[28.62938,44.2065],[28.6294,44.20639],[28.62959,44.2055],[28.62969,44.20507],[28.62975,44.20483],[28.62977,44.20472],[28.62981,44.20449],[28.62983,44.20441],[28.6299,44.20388],[28.63059,44.20147],[28.63071,44.20102],[28.63079,44.20068],[28.63091,44.20025],[28.63093,44.20015],[28.63102,44.19981],[28.63106,44.19964],[28.63108,44.19956],[28.63111,44.19947],[28.63117,44.19924],[28.63121,44.19905],[28.63195,44.19592],[28.63297,44.19244],[28.63313,44.19189],[28.63338,44.19099],[28.6335,44.19059],[28.63364,44.19008],[28.63378,44.18958],[28.63383,44.18939],[28.63391,44.18912],[28.63398,44.18884],[28.63407,44.18855],[28.63418,44.18824],[28.63428,44.1879],[28.63439,44.18756],[28.6346,44.18691],[28.6347,44.18659],[28.63483,44.18627],[28.63504,44.18553],[28.63522,44.18494],[28.63526,44.18466],[28.6353,44.18453],[28.63534,44.18448],[28.63538,44.18431],[28.63545,44.18401],[28.63549,44.18377],[28.63561,44.18314],[28.63563,44.18295],[28.63564,44.18282],[28.63567,44.18248],[28.63569,44.18214],[28.63573,44.18152],[28.63576,44.18129],[28.6358,44.18063],[28.63585,44.1801],[28.63587,44.17986],[28.63587,44.17962],[28.63588,44.17928],[28.63593,44.17838],[28.63598,44.17747],[28.63598,44.17739],[28.63594,44.1773],[28.63593,44.17715],[28.63589,44.17709],[28.63593,44.17698],[28.63594,44.1769],[28.63595,44.17685],[28.63601,44.17676],[28.63604,44.1762],[28.63606,44.17581],[28.63608,44.17554],[28.63613,44.17507],[28.63615,44.17487],[28.63619,44.17467],[28.63626,44.17431],[28.63633,44.17391],[28.63642,44.17351],[28.63645,44.17337],[28.63641,44.17326],[28.63698,44.17055],[28.63701,44.17046],[28.63704,44.17033],[28.63685,44.17027],[28.63677,44.17025],[28.63528,44.16982],[28.63453,44.1696],[28.63378,44.16939],[28.63363,44.16935],[28.63335,44.16926],[28.6332,44.16922],[28.63306,44.16918],[28.63289,44.16914],[28.63269,44.16908],[28.63273,44.16901],[28.63282,44.16886],[28.63301,44.16853]]},"properties":{"line":"100C","dir":"0","mode":"bus"}},{"type":"Feature","geometry":{"type":"LineString","coordinates":[[28.633,44.16851],[28.63319,44.1683],[28.63334,44.1683],[28.63344,44.16834],[28.6335,44.16842],[28.63349,44.16849],[28.63345,44.16855],[28.63335,44.16858],[28.63323,44.16862],[28.63315,44.16866],[28.6331,44.16872],[28.633,44.16891],[28.63299,44.16899],[28.63302,44.16909],[28.63309,44.16911],[28.63316,44.16913],[28.63323,44.16917],[28.63338,44.16922],[28.63363,44.16931],[28.6338,44.16935],[28.63677,44.17023],[28.63704,44.17032],[28.63698,44.17055],[28.63696,44.17178],[28.63659,44.17327],[28.63607,44.17623],[28.63604,44.17675],[28.6361,44.17684],[28.63611,44.17688],[28.6361,44.17698],[28.63613,44.17701],[28.63615,44.17706],[28.63614,44.17712],[28.63609,44.17714],[28.63607,44.1773],[28.63602,44.17739],[28.63601,44.17747],[28.63592,44.17928],[28.63591,44.17946],[28.63591,44.17978],[28.63589,44.18011],[28.63584,44.18063],[28.63582,44.18082],[28.63581,44.1812],[28.63579,44.18137],[28.63577,44.18157],[28.63573,44.18214],[28.63569,44.18274],[28.63566,44.18304],[28.63564,44.18314],[28.63545,44.18417],[28.6354,44.18445],[28.63528,44.18491],[28.63507,44.1856],[28.63496,44.18594],[28.63488,44.18623],[28.63476,44.18656],[28.63465,44.18688],[28.63443,44.18757],[28.63432,44.18791],[28.63422,44.18826],[28.63411,44.18856],[28.63402,44.18886],[28.63385,44.18949],[28.63382,44.18961],[28.63354,44.1906],[28.63342,44.191],[28.63317,44.1919],[28.63301,44.19245],[28.63298,44.19258],[28.63283,44.19311],[28.63281,44.19318],[28.63274,44.19345],[28.63266,44.19372],[28.63245,44.19451],[28.63215,44.19558],[28.63207,44.19583],[28.63195,44.19629],[28.63174,44.19714],[28.6316,44.19774],[28.63157,44.19784],[28.63134,44.19872],[28.6312,44.19925],[28.63114,44.19948],[28.63111,44.1996],[28.63097,44.20014],[28.63094,44.20025],[28.63083,44.20067],[28.63074,44.20102],[28.63063,44.20146],[28.63054,44.20183],[28.63049,44.20199],[28.63048,44.20217],[28.63046,44.20233],[28.63043,44.20246],[28.63037,44.20264],[28.63036,44.2027],[28.63018,44.20334],[28.63016,44.20342],[28.62991,44.20429],[28.62989,44.20441],[28.62983,44.20469],[28.62983,44.20477],[28.62981,44.20486],[28.62977,44.20507],[28.62973,44.20518],[28.62965,44.20551],[28.62958,44.20596],[28.62948,44.20639],[28.62944,44.20651],[28.62932,44.20727],[28.62923,44.20765],[28.62918,44.20803],[28.6291,44.20836],[28.62904,44.20882],[28.62901,44.20896],[28.62889,44.20959],[28.62882,44.21027],[28.62873,44.21099],[28.62869,44.21136],[28.62867,44.21171],[28.62861,44.21217],[28.6286,44.21228],[28.62852,44.21322],[28.62849,44.21371],[28.62844,44.21461],[28.6284,44.21479],[28.6284,44.21499],[28.62839,44.21529],[28.62838,44.21556],[28.62841,44.21574],[28.6284,44.216],[28.6284,44.21626],[28.62837,44.21649],[28.62823,44.21667],[28.62805,44.21676],[28.62791,44.21671],[28.6278,44.21664],[28.6276,44.21645],[28.62733,44.21623],[28.62688,44.21595],[28.62661,44.21577],[28.6264,44.21563],[28.62614,44.21549],[28.62553,44.215],[28.62537,44.2149],[28.62525,44.21481],[28.6251,44.21471],[28.62482,44.21452],[28.62455,44.21433],[28.62447,44.21427],[28.6244,44.21427],[28.62418,44.21414],[28.62379,44.21387],[28.62369,44.2138],[28.62359,44.21379],[28.62353,44.21375],[28.62351,44.21369],[28.62267,44.21303],[28.62232,44.21278],[28.62202,44.21257],[28.62171,44.21236],[28.62125,44.21204],[28.62078,44.21172],[28.62024,44.21135],[28.62003,44.2112],[28.61982,44.21106],[28.61935,44.21074],[28.61889,44.21042],[28.61844,44.2101],[28.61798,44.20979],[28.61783,44.20969],[28.61758,44.20953],[28.61725,44.20928],[28.61694,44.20906],[28.61687,44.20905],[28.61681,44.20901],[28.61665,44.20895],[28.61647,44.20888],[28.6162,44.20883],[28.61605,44.2088],[28.6159,44.20879],[28.61575,44.20878],[28.61559,44.20879],[28.61545,44.20879],[28.61527,44.20881],[28.61499,44.20884],[28.61466,44.2089],[28.61439,44.20893],[28.61431,44.20901],[28.61415,44.20917],[28.61408,44.20923],[28.61405,44.20932],[28.61387,44.20946],[28.61355,44.20969],[28.61324,44.20992],[28.6129,44.21016],[28.61188,44.21088],[28.61144,44.21118],[28.61064,44.21177],[28.61019,44.21212],[28.60974,44.21246],[28.60955,44.21259],[28.60943,44.21268],[28.60904,44.21297],[28.60868,44.21322],[28.60864,44.21336],[28.60856,44.21346],[28.60843,44.21361],[28.60832,44.21385],[28.60826,44.21397],[28.60815,44.21409],[28.60802,44.21423],[28.60778,44.21446],[28.60778,44.21451],[28.6078,44.21457],[28.60779,44.21462],[28.60776,44.21465],[28.6077,44.21469],[28.60762,44.2147],[28.60752,44.21468],[28.60747,44.21465],[28.60744,44.21457],[28.60745,44.21452],[28.60735,44.21443],[28.60732,44.21437],[28.60718,44.21427],[28.60711,44.21422],[28.60704,44.21417],[28.60699,44.21412],[28.60695,44.21407],[28.60696,44.21395],[28.607,44.21388],[28.60706,44.21383],[28.60722,44.21373],[28.60738,44.21361],[28.60755,44.21344],[28.60759,44.21339],[28.60763,44.2132],[28.60756,44.21312],[28.60754,44.21304],[28.60756,44.21299],[28.6076,44.21293],[28.60766,44.21289],[28.6077,44.21278],[28.60766,44.2127],[28.60743,44.21253],[28.60718,44.21237],[28.60709,44.21232],[28.60593,44.21157]]},"properties":{"line":"100C","dir":"1","mode":"bus"}},{"type":"Feature","geometry":{"type":"LineString","coordinates":[[28.63242,44.169],[28.63251,44.16887],[28.63282,44.16896],[28.63299,44.1691],[28.6334,44.16921],[28.63396,44.16823],[28.63427,44.16803],[28.63464,44.16785],[28.63546,44.16755],[28.6367,44.16834],[28.63695,44.1685],[28.63713,44.16872],[28.63734,44.16913],[28.63736,44.16949],[28.63713,44.17029],[28.63692,44.1715],[28.63696,44.17178],[28.63659,44.17327],[28.63607,44.17623],[28.63604,44.17675],[28.6361,44.17684],[28.63611,44.17688],[28.6361,44.17698],[28.63613,44.17701],[28.63615,44.17706],[28.63614,44.17712],[28.63609,44.17714],[28.63607,44.1773],[28.63602,44.17739],[28.63601,44.17747],[28.63592,44.17928],[28.63591,44.17946],[28.63591,44.17978],[28.63589,44.18011],[28.63584,44.18063],[28.63582,44.18082],[28.63581,44.1812],[28.63579,44.18137],[28.63577,44.18157],[28.63573,44.18214],[28.63569,44.18274],[28.63566,44.18304],[28.63564,44.18314],[28.63545,44.18417],[28.6354,44.18445],[28.63528,44.18491],[28.63507,44.1856],[28.63496,44.18594],[28.63488,44.18623],[28.63476,44.18656],[28.63465,44.18688],[28.63443,44.18757],[28.63432,44.18791],[28.63422,44.18826],[28.63411,44.18856],[28.63402,44.18886],[28.63385,44.18949],[28.63382,44.18961],[28.63354,44.1906],[28.63342,44.191],[28.63317,44.1919],[28.63301,44.19245],[28.63298,44.19258],[28.63283,44.19311],[28.63281,44.19318],[28.63274,44.19345],[28.63266,44.19372],[28.63245,44.19451],[28.63215,44.19558],[28.63207,44.19583],[28.63195,44.19629],[28.63174,44.19714],[28.6316,44.19774],[28.63157,44.19784],[28.63134,44.19872],[28.6312,44.19925],[28.63114,44.19948],[28.63111,44.1996],[28.63097,44.20014],[28.63094,44.20025],[28.63083,44.20067],[28.63074,44.20102],[28.63063,44.20146],[28.63054,44.20183],[28.63049,44.20199],[28.63048,44.20217],[28.63046,44.20233],[28.63043,44.20246],[28.63037,44.20264],[28.63036,44.2027],[28.63018,44.20334],[28.63016,44.20342],[28.62991,44.20429],[28.62989,44.20441],[28.62983,44.20469],[28.62983,44.20477],[28.62981,44.20486],[28.62977,44.20507],[28.62973,44.20518],[28.62965,44.20551],[28.62958,44.20596],[28.62948,44.20639],[28.62944,44.20651],[28.62932,44.20727],[28.62923,44.20765],[28.62918,44.20803],[28.6291,44.20836],[28.62904,44.20882],[28.62901,44.20896],[28.62889,44.20959],[28.62882,44.21027],[28.62873,44.21099],[28.62869,44.21136],[28.62867,44.21171],[28.62861,44.21217],[28.6286,44.21228],[28.62852,44.21322],[28.62849,44.21371],[28.62844,44.21461],[28.6284,44.21473],[28.62839,44.21555],[28.6284,44.21573],[28.6284,44.21587],[28.62839,44.21618],[28.6284,44.2166],[28.62842,44.21695],[28.62847,44.21714],[28.62858,44.21732],[28.62896,44.21772],[28.62931,44.21805],[28.6296,44.21832],[28.63012,44.21874],[28.63051,44.21908],[28.63062,44.21914],[28.63063,44.21923],[28.63057,44.21934],[28.63042,44.21945],[28.63031,44.21967],[28.62977,44.22024],[28.62957,44.22055],[28.62947,44.22072],[28.62935,44.22095],[28.62929,44.22117],[28.62921,44.22142],[28.62913,44.22191],[28.62909,44.22225],[28.62899,44.22233],[28.62895,44.22259],[28.62894,44.22268],[28.62873,44.22383],[28.62865,44.2243],[28.6286,44.22462],[28.62853,44.22491],[28.62854,44.22498],[28.62849,44.22504],[28.62838,44.22518],[28.62831,44.22527],[28.62824,44.22535],[28.62815,44.22552],[28.62786,44.22605],[28.62757,44.22658],[28.62742,44.22685],[28.62738,44.22694],[28.62715,44.22743],[28.6271,44.22753],[28.62707,44.22761],[28.62704,44.22768],[28.62698,44.22783],[28.62688,44.22811],[28.62678,44.22839],[28.62657,44.22901],[28.62646,44.22927],[28.6263,44.22973],[28.62613,44.2302],[28.62606,44.2304],[28.626,44.23056],[28.62592,44.23078],[28.62581,44.23108],[28.62565,44.23148],[28.62548,44.23185],[28.62534,44.23213],[28.62531,44.23218],[28.62524,44.23233],[28.62518,44.23247],[28.62509,44.23266],[28.62499,44.23289],[28.62486,44.23317],[28.62476,44.23338],[28.6247,44.2335],[28.62468,44.23355],[28.6246,44.23372],[28.62434,44.23425],[28.62415,44.23463],[28.6241,44.23472],[28.62405,44.23482],[28.62399,44.2349],[28.62352,44.23561],[28.62348,44.23569],[28.62343,44.23578],[28.62339,44.23587],[28.62334,44.23596],[28.6233,44.23603],[28.62328,44.23611],[28.62309,44.23625],[28.62298,44.23635],[28.62286,44.23649],[28.62277,44.23661],[28.62267,44.23674],[28.62256,44.23689],[28.62244,44.23705],[28.62238,44.23714],[28.62231,44.23729],[28.62226,44.23739],[28.62223,44.23746],[28.62218,44.23761],[28.62211,44.23782],[28.62201,44.23815],[28.6219,44.23847],[28.62187,44.23858],[28.62179,44.23886],[28.6217,44.23915],[28.62148,44.23991],[28.62138,44.24028],[28.62128,44.24066],[28.62116,44.24109],[28.62105,44.24147],[28.62095,44.24186],[28.62079,44.24243],[28.62003,44.24524],[28.61995,44.24559],[28.61988,44.24595],[28.61977,44.24666],[28.61973,44.24702],[28.6197,44.24737],[28.61967,44.24773],[28.61965,44.24817],[28.61966,44.24828],[28.61969,44.24834],[28.61974,44.24841],[28.61973,44.24848],[28.61971,44.24854],[28.61962,44.24861],[28.61951,44.24911],[28.6195,44.24936],[28.61945,44.24979],[28.6194,44.25021],[28.61936,44.25063],[28.61932,44.25106],[28.61928,44.25149],[28.6191,44.2532],[28.61901,44.25406],[28.61895,44.25448],[28.61893,44.2547],[28.6189,44.25491],[28.61884,44.25552],[28.61877,44.25613],[28.6187,44.25674],[28.61866,44.25735],[28.61856,44.2583],[28.61859,44.25865],[28.61863,44.2587],[28.61863,44.25875],[28.61862,44.25879],[28.61859,44.25882],[28.61854,44.25885],[28.61847,44.25908],[28.61836,44.25979],[28.61836,44.25985],[28.61831,44.26036],[28.61831,44.26093],[28.61831,44.26149],[28.61831,44.26205],[28.61832,44.26317],[28.6183,44.26373],[28.6183,44.26393],[28.61831,44.26407],[28.61836,44.26429]]},"properties":{"line":"100M","dir":"0","mode":"bus"}},{"type":"Feature","geometry":{"type":"LineString","coordinates":[[28.61837,44.26429],[28.61839,44.26441],[28.61846,44.26448],[28.61842,44.26459],[28.61831,44.26462],[28.61818,44.26456],[28.61815,44.26451],[28.61817,44.26445],[28.61817,44.26439],[28.61816,44.26425],[28.61816,44.2641],[28.61816,44.26381],[28.61815,44.26341],[28.61815,44.26302],[28.61815,44.26212],[28.61815,44.26168],[28.61815,44.26123],[28.61815,44.26066],[28.61816,44.26037],[28.61817,44.26007],[28.61823,44.25949],[28.61826,44.2592],[28.6183,44.25891],[28.61832,44.25872],[28.61836,44.25866],[28.61836,44.2586],[28.61836,44.25854],[28.61836,44.25839],[28.6184,44.258],[28.61844,44.25769],[28.6185,44.25718],[28.61854,44.25667],[28.61857,44.25641],[28.6186,44.25616],[28.61871,44.25514],[28.61877,44.25463],[28.61879,44.25438],[28.61886,44.25382],[28.61887,44.25371],[28.61892,44.25329],[28.61897,44.25287],[28.61902,44.25246],[28.61905,44.25225],[28.61908,44.25205],[28.61912,44.25163],[28.61919,44.25079],[28.61928,44.24995],[28.6193,44.24975],[28.61932,44.24954],[28.61933,44.24933],[28.61935,44.24912],[28.61938,44.24881],[28.61941,44.2485],[28.61939,44.24842],[28.61943,44.24823],[28.61948,44.24784],[28.61952,44.24745],[28.61959,44.24692],[28.61966,44.24639],[28.61974,44.24586],[28.61979,44.2456],[28.61986,44.24526],[28.62071,44.2421],[28.62116,44.24049],[28.62144,44.2395],[28.62186,44.2382],[28.62199,44.2378],[28.62206,44.23759],[28.62213,44.23741],[28.62215,44.23736],[28.62219,44.23726],[28.62223,44.23717],[28.62231,44.23702],[28.62281,44.23631],[28.62292,44.23616],[28.62302,44.23598],[28.62306,44.23593],[28.62317,44.23579],[28.62335,44.23557],[28.62344,44.23546],[28.62362,44.2352],[28.62374,44.23502],[28.62384,44.23485],[28.62409,44.23438],[28.62445,44.23367],[28.62452,44.23352],[28.62457,44.23341],[28.6246,44.23334],[28.62485,44.23284],[28.62515,44.23223],[28.62519,44.23214],[28.62564,44.23114],[28.6257,44.231],[28.62586,44.23054],[28.62592,44.23036],[28.62594,44.23029],[28.62599,44.23015],[28.6263,44.22929],[28.62645,44.22885],[28.62661,44.22841],[28.62667,44.22825],[28.62681,44.22786],[28.6269,44.22764],[28.62704,44.2273],[28.62724,44.22689],[28.62742,44.22655],[28.62757,44.22626],[28.62772,44.22598],[28.62807,44.22534],[28.62813,44.22524],[28.62822,44.22506],[28.62825,44.22498],[28.62827,44.22493],[28.62831,44.22487],[28.62834,44.22478],[28.62841,44.22461],[28.6285,44.22421],[28.62859,44.22382],[28.62868,44.22326],[28.62877,44.22267],[28.62879,44.22259],[28.62881,44.22244],[28.62884,44.22227],[28.62888,44.22199],[28.62908,44.22134],[28.62915,44.22108],[28.6292,44.2209],[28.62933,44.22064],[28.62941,44.22049],[28.62952,44.22028],[28.62975,44.21992],[28.6299,44.2197],[28.63001,44.21949],[28.63003,44.21937],[28.63006,44.21922],[28.63005,44.21914],[28.63003,44.21898],[28.62993,44.2188],[28.62982,44.21865],[28.6297,44.21854],[28.62949,44.21835],[28.6292,44.2181],[28.6288,44.21772],[28.62862,44.21751],[28.62833,44.21721],[28.62817,44.21705],[28.62803,44.21686],[28.62794,44.21672],[28.62738,44.21626],[28.62715,44.21603],[28.62714,44.21594],[28.62722,44.21588],[28.62738,44.21586],[28.62763,44.21586],[28.6279,44.21588],[28.62818,44.21589],[28.62828,44.21581],[28.62831,44.21569],[28.62825,44.21563],[28.62826,44.21556],[28.62834,44.21509],[28.62835,44.21489],[28.62836,44.21472],[28.62839,44.21437],[28.62849,44.21275],[28.62849,44.21266],[28.62855,44.21173],[28.62856,44.21157],[28.62875,44.21027],[28.62886,44.20924],[28.62894,44.20894],[28.62903,44.20834],[28.62909,44.20802],[28.62938,44.2065],[28.6294,44.20639],[28.62959,44.2055],[28.62969,44.20507],[28.62975,44.20483],[28.62977,44.20472],[28.62981,44.20449],[28.62983,44.20441],[28.6299,44.20388],[28.63059,44.20147],[28.63071,44.20102],[28.63079,44.20068],[28.63091,44.20025],[28.63093,44.20015],[28.63102,44.19981],[28.63106,44.19964],[28.63108,44.19956],[28.63111,44.19947],[28.63117,44.19924],[28.63121,44.19905],[28.63195,44.19592],[28.63297,44.19244],[28.63313,44.19189],[28.63338,44.19099],[28.6335,44.19059],[28.63364,44.19008],[28.63378,44.18958],[28.63383,44.18939],[28.63391,44.18912],[28.63398,44.18884],[28.63407,44.18855],[28.63418,44.18824],[28.63428,44.1879],[28.63439,44.18756],[28.6346,44.18691],[28.6347,44.18659],[28.63483,44.18627],[28.63504,44.18553],[28.63522,44.18494],[28.63526,44.18466],[28.6353,44.18453],[28.63534,44.18448],[28.63538,44.18431],[28.63545,44.18401],[28.63549,44.18377],[28.63561,44.18314],[28.63563,44.18295],[28.63564,44.18282],[28.63567,44.18248],[28.63569,44.18214],[28.63573,44.18152],[28.63576,44.18129],[28.6358,44.18063],[28.63585,44.1801],[28.63587,44.17986],[28.63587,44.17962],[28.63588,44.17928],[28.63593,44.17838],[28.63598,44.17747],[28.63598,44.17739],[28.63594,44.1773],[28.63593,44.17715],[28.63589,44.17709],[28.63593,44.17698],[28.63594,44.1769],[28.63595,44.17685],[28.63601,44.17676],[28.63604,44.1762],[28.63606,44.17581],[28.63608,44.17554],[28.63613,44.17507],[28.63615,44.17487],[28.63619,44.17467],[28.63626,44.17431],[28.63633,44.17391],[28.63642,44.17351],[28.63645,44.17337],[28.63641,44.17327],[28.63654,44.17316],[28.63665,44.17271],[28.63695,44.17089],[28.63728,44.16944],[28.63728,44.16924],[28.63723,44.16903],[28.63701,44.16865],[28.63667,44.16835],[28.63626,44.16809],[28.63545,44.1676],[28.63505,44.16775],[28.6345,44.16797],[28.63399,44.16827],[28.63343,44.16928],[28.63275,44.16908],[28.63242,44.169]]},"properties":{"line":"100M","dir":"1","mode":"bus"}},{"type":"Feature","geometry":{"type":"LineString","coordinates":[[28.58659,44.15906],[28.58639,44.15974],[28.58632,44.1601],[28.58625,44.16046],[28.58629,44.16059],[28.58635,44.16065],[28.58641,44.16068],[28.5879,44.16128],[28.58908,44.16179],[28.58968,44.16204],[28.58998,44.16216],[28.59026,44.1623],[28.59041,44.16239],[28.59047,44.16245],[28.59051,44.16252],[28.59055,44.16258],[28.59057,44.16264],[28.59056,44.16275],[28.59027,44.16393],[28.5903,44.16401],[28.59036,44.16406],[28.59097,44.16416],[28.59233,44.16436],[28.5924,44.16437],[28.59575,44.16485],[28.59597,44.16488],[28.59638,44.16494],[28.59754,44.16511],[28.5977,44.16514],[28.59785,44.16518],[28.598,44.16523],[28.59807,44.16518],[28.59813,44.16515],[28.59837,44.16502],[28.59887,44.16476],[28.60024,44.16408],[28.60065,44.16388],[28.60099,44.16372],[28.60106,44.16369],[28.60192,44.16327],[28.60227,44.1631],[28.60263,44.16292],[28.60299,44.16274],[28.60334,44.16257],[28.60358,44.16245],[28.6038,44.16235],[28.60399,44.16213],[28.60439,44.16191],[28.60478,44.16174],[28.60515,44.16157],[28.60553,44.16139],[28.6067,44.16082],[28.60749,44.16052],[28.60819,44.16018],[28.60982,44.15938],[28.61001,44.15929],[28.61041,44.15909],[28.61087,44.15885],[28.61134,44.15862],[28.61137,44.15856],[28.61141,44.15853],[28.61154,44.15846],[28.6116,44.15838],[28.61165,44.15835],[28.6117,44.15835],[28.61174,44.15834],[28.61178,44.15835],[28.61194,44.15826],[28.61203,44.15825],[28.61225,44.15811],[28.61326,44.15748],[28.61354,44.15731],[28.61389,44.15709],[28.61413,44.15694],[28.61418,44.15687],[28.61439,44.1567],[28.61439,44.15666],[28.61441,44.15662],[28.61444,44.1566],[28.61447,44.15658],[28.61451,44.15656],[28.61461,44.15654],[28.61469,44.15656],[28.61476,44.15652],[28.61494,44.15644],[28.61504,44.15642],[28.61524,44.15629],[28.61535,44.15623],[28.61555,44.1561],[28.61633,44.15561],[28.61655,44.15546],[28.61763,44.15479],[28.61798,44.15457],[28.61827,44.15439],[28.61838,44.15431],[28.61896,44.15395],[28.62033,44.15303],[28.62035,44.153],[28.62039,44.15299],[28.62053,44.15298],[28.62061,44.15294],[28.62087,44.15279],[28.62131,44.15252],[28.62203,44.15207],[28.62215,44.15196],[28.62234,44.15182],[28.62253,44.15169],[28.62296,44.15141],[28.62326,44.15122],[28.62371,44.15094],[28.62394,44.15079],[28.62421,44.15066],[28.6244,44.15057],[28.62452,44.15052],[28.62461,44.15048],[28.62475,44.15042],[28.62493,44.15032],[28.62505,44.15023],[28.62516,44.15013],[28.62525,44.15004],[28.62528,44.14998],[28.62535,44.14984],[28.62539,44.14972],[28.62543,44.1496],[28.62548,44.14942],[28.62552,44.14926],[28.62548,44.14917],[28.62544,44.14908],[28.62541,44.14901],[28.62535,44.14891],[28.62531,44.14884],[28.6252,44.14873],[28.62512,44.14861],[28.62506,44.1485],[28.62434,44.14762],[28.62428,44.14755],[28.62397,44.14717],[28.62391,44.14709],[28.62384,44.14701],[28.62375,44.14689],[28.62369,44.1468],[28.62362,44.14674],[28.62359,44.14667],[28.62355,44.1466],[28.62351,44.14652],[28.62349,44.14643],[28.62347,44.14634],[28.62345,44.14624],[28.62345,44.14615],[28.62346,44.14607],[28.62348,44.14599],[28.6235,44.1459],[28.62352,44.14581],[28.62358,44.14566],[28.62365,44.14546],[28.62376,44.14521],[28.62381,44.14504],[28.62384,44.14492],[28.62382,44.14488],[28.62382,44.14485],[28.62382,44.14482],[28.62383,44.14479],[28.62384,44.14476],[28.62387,44.14474],[28.6239,44.14472],[28.62393,44.14469],[28.62397,44.14467],[28.62401,44.14466],[28.62407,44.14465],[28.62414,44.14465],[28.62421,44.14466],[28.62426,44.14468],[28.6243,44.1447],[28.62433,44.14475],[28.62435,44.14479],[28.62436,44.14484],[28.62435,44.14489],[28.62431,44.14494],[28.62427,44.14497],[28.62428,44.145],[28.6243,44.14515],[28.62464,44.14589],[28.62469,44.14598],[28.62482,44.14621],[28.62489,44.14632],[28.62495,44.14644],[28.62512,44.14675],[28.62526,44.14706],[28.62538,44.14729],[28.6255,44.14752],[28.62572,44.14798],[28.62602,44.14862],[28.62633,44.14925],[28.62658,44.14975],[28.62685,44.15025],[28.62693,44.15042],[28.62725,44.15105],[28.62757,44.15169],[28.62768,44.15191],[28.628,44.15253],[28.62813,44.15284],[28.6283,44.15316],[28.62854,44.15366],[28.62871,44.15404],[28.62873,44.15408],[28.62882,44.15425],[28.62903,44.1544],[28.62933,44.15488],[28.62934,44.15494],[28.62934,44.155],[28.63009,44.156],[28.63069,44.15678],[28.63127,44.15754],[28.63123,44.15755],[28.62992,44.15759],[28.62857,44.15762],[28.62859,44.15802],[28.6286,44.15811],[28.62862,44.1586],[28.62863,44.1589],[28.62867,44.15965],[28.62868,44.15974],[28.6287,44.15984],[28.62873,44.15994],[28.62901,44.16047],[28.62902,44.16049],[28.6293,44.16099],[28.62956,44.16147],[28.62969,44.16171],[28.62982,44.16195],[28.62989,44.16207],[28.63,44.16227],[28.63011,44.16247],[28.63017,44.1626],[28.63055,44.16335],[28.63085,44.16388],[28.63121,44.16453],[28.63145,44.16496],[28.63193,44.16581],[28.63197,44.16586],[28.63216,44.1661],[28.63226,44.16619],[28.63235,44.1663],[28.63239,44.16636],[28.63242,44.16643],[28.63252,44.16665],[28.63262,44.16688],[28.63268,44.16701],[28.63277,44.16721],[28.63282,44.16733],[28.63282,44.16738],[28.63282,44.16744],[28.63283,44.16751],[28.63286,44.16764],[28.63292,44.16792],[28.63293,44.16801],[28.63292,44.16808],[28.63269,44.16847],[28.6326,44.16864],[28.6324,44.16897],[28.63252,44.169],[28.63268,44.16905],[28.63278,44.16908],[28.63302,44.16914],[28.63308,44.16916],[28.63316,44.16919],[28.63323,44.1692],[28.63338,44.16924],[28.63362,44.16931],[28.63379,44.16937],[28.63677,44.17021],[28.63705,44.1703],[28.6374,44.17042],[28.63767,44.17054],[28.63793,44.17066],[28.63827,44.17086],[28.63831,44.17089],[28.63845,44.17099],[28.63914,44.1715],[28.63978,44.17203],[28.6405,44.17257],[28.64086,44.17284],[28.64094,44.1729],[28.64145,44.17329],[28.64181,44.17356],[28.64193,44.17365],[28.6422,44.17386],[28.64254,44.17404],[28.64288,44.1742],[28.64393,44.17472],[28.6441,44.1748],[28.64428,44.17489],[28.64454,44.17502],[28.64475,44.17512],[28.64624,44.17586],[28.64719,44.17632],[28.64767,44.17655],[28.64821,44.17677],[28.64976,44.17548],[28.65017,44.17523],[28.6513,44.17557],[28.6516,44.17547],[28.65165,44.17544],[28.65175,44.17538],[28.65182,44.17531],[28.65192,44.17523],[28.65204,44.17519],[28.65215,44.17514],[28.65227,44.17514],[28.65239,44.17509],[28.65249,44.17507],[28.65267,44.17499],[28.65411,44.17448],[28.65483,44.17425],[28.65539,44.17404],[28.65571,44.17391],[28.65587,44.17384],[28.65609,44.17374],[28.65629,44.17364],[28.65647,44.17353],[28.65705,44.17316],[28.6571,44.1731],[28.65719,44.17306],[28.65747,44.17285],[28.65765,44.17269],[28.65781,44.17255],[28.65802,44.17233],[28.65811,44.17218],[28.6582,44.17202],[28.65838,44.17177],[28.65862,44.17152],[28.65897,44.17112],[28.65909,44.17099],[28.65929,44.17082],[28.65943,44.17059],[28.65951,44.17035],[28.6596,44.17025],[28.65974,44.17024],[28.65982,44.17032],[28.6598,44.1704],[28.65974,44.17046],[28.65961,44.17057],[28.6595,44.17072],[28.65942,44.17088],[28.65928,44.1711]]},"properties":{"line":"101","dir":"0","mode":"bus"}},{"type":"Feature","geometry":{"type":"LineString","coordinates":[[28.65928,44.1711],[28.65917,44.17121],[28.65903,44.17139],[28.65881,44.17154],[28.65873,44.1716],[28.65867,44.17165],[28.65849,44.17186],[28.65828,44.17211],[28.65812,44.17232],[28.65793,44.17252],[28.65784,44.1726],[28.65774,44.17268],[28.65763,44.17277],[28.65754,44.17286],[28.65745,44.17292],[28.65737,44.17299],[28.65727,44.17308],[28.65716,44.17316],[28.65706,44.17323],[28.65695,44.17331],[28.65659,44.17352],[28.65629,44.17369],[28.6559,44.17388],[28.65577,44.17393],[28.65537,44.17409],[28.65501,44.17423],[28.65454,44.17439],[28.65405,44.17456],[28.65353,44.17475],[28.65318,44.17487],[28.65273,44.17503],[28.65249,44.17511],[28.65238,44.17514],[28.65229,44.17518],[28.65211,44.17529],[28.65194,44.17542],[28.65186,44.17545],[28.65174,44.17551],[28.65164,44.17556],[28.65158,44.17567],[28.65161,44.17569],[28.65157,44.17577],[28.65149,44.17576],[28.65142,44.17573],[28.65131,44.17568],[28.65115,44.17561],[28.65068,44.17543],[28.65054,44.17538],[28.65043,44.17533],[28.65029,44.17529],[28.65017,44.17529],[28.65003,44.17532],[28.64993,44.17538],[28.6498,44.17549],[28.64966,44.17561],[28.64956,44.17566],[28.64949,44.17572],[28.6494,44.17579],[28.6493,44.17585],[28.6492,44.17591],[28.64907,44.17597],[28.64823,44.17667],[28.64812,44.17677],[28.6474,44.1774],[28.64682,44.17792],[28.64657,44.17813],[28.64644,44.17823],[28.64624,44.17836],[28.64612,44.17847],[28.64584,44.17874],[28.64551,44.17901],[28.64521,44.17927],[28.6449,44.17954],[28.64445,44.17992],[28.64402,44.18029],[28.6436,44.18064],[28.64315,44.18106],[28.64301,44.18116],[28.64207,44.18196],[28.64125,44.17998],[28.64135,44.17753],[28.64134,44.17731],[28.64123,44.17726],[28.64125,44.17715],[28.6426,44.17608],[28.64279,44.17594],[28.64311,44.17566],[28.64358,44.17523],[28.64406,44.17482],[28.64312,44.17436],[28.64265,44.17413],[28.64241,44.17401],[28.64225,44.17393],[28.64218,44.17389],[28.64192,44.17369],[28.64167,44.1735],[28.64142,44.1733],[28.64094,44.17294],[28.64086,44.17288],[28.64066,44.17273],[28.64045,44.17257],[28.63977,44.17207],[28.63878,44.17128],[28.63818,44.17085],[28.63809,44.17079],[28.6379,44.17068],[28.6377,44.17059],[28.63736,44.17045],[28.63708,44.17034],[28.63677,44.17024],[28.63602,44.17003],[28.63528,44.16981],[28.63378,44.16938],[28.63362,44.16934],[28.63334,44.16923],[28.63337,44.1691],[28.63346,44.16892],[28.63347,44.16885],[28.6336,44.16868],[28.63386,44.16833],[28.63388,44.16829],[28.6339,44.16826],[28.63392,44.16823],[28.63396,44.1682],[28.63407,44.16812],[28.63418,44.16806],[28.63429,44.168],[28.63441,44.16796],[28.63431,44.1679],[28.63421,44.16785],[28.63396,44.16777],[28.63371,44.16769],[28.63318,44.16754],[28.63299,44.16747],[28.63291,44.16743],[28.63283,44.16737],[28.63279,44.16734],[28.63274,44.16722],[28.63264,44.16701],[28.63258,44.16688],[28.63239,44.16644],[28.63232,44.16632],[28.63223,44.1662],[28.63215,44.16612],[28.63195,44.16589],[28.6319,44.16583],[28.6318,44.16567],[28.63165,44.1654],[28.63142,44.16497],[28.63117,44.16453],[28.63082,44.16389],[28.63068,44.16362],[28.63054,44.16336],[28.63007,44.16249],[28.62989,44.16215],[28.62974,44.16201],[28.62955,44.16164],[28.62926,44.1611],[28.62896,44.16057],[28.62885,44.1605],[28.62869,44.15994],[28.62866,44.15984],[28.62865,44.15981],[28.62863,44.15974],[28.62862,44.15965],[28.62861,44.15946],[28.62861,44.15927],[28.6286,44.1589],[28.62857,44.15826],[28.62855,44.15794],[28.62854,44.1576],[28.62942,44.15758],[28.63001,44.15757],[28.63067,44.15756],[28.6308,44.15747],[28.63088,44.15734],[28.63091,44.1573],[28.63097,44.1572],[28.6308,44.15698],[28.63021,44.15623],[28.63001,44.15597],[28.62975,44.15562],[28.62938,44.15511],[28.62932,44.15502],[28.62925,44.15498],[28.62918,44.15493],[28.62913,44.15491],[28.6289,44.15459],[28.62882,44.15448],[28.6288,44.15444],[28.62879,44.15441],[28.62878,44.15437],[28.62879,44.15426],[28.62866,44.15404],[28.6285,44.1537],[28.62837,44.15344],[28.62823,44.15315],[28.62793,44.15254],[28.62762,44.15193],[28.62751,44.1517],[28.62719,44.15107],[28.62687,44.15042],[28.62679,44.15027],[28.62653,44.14978],[28.62628,44.14928],[28.62597,44.14863],[28.62565,44.14798],[28.62543,44.14753],[28.62522,44.14706],[28.62506,44.14676],[28.62491,44.14645],[28.62464,44.14598],[28.62458,44.14586],[28.62443,44.14554],[28.62417,44.14495],[28.62404,44.14491],[28.62392,44.14487],[28.62386,44.14478],[28.62392,44.14468],[28.62399,44.1446],[28.62379,44.14414],[28.62349,44.14351],[28.62309,44.14286],[28.62251,44.14157],[28.6223,44.14163],[28.62192,44.14177],[28.61868,44.14278],[28.61822,44.14291],[28.6187,44.1439],[28.61919,44.14488],[28.6195,44.14541],[28.61965,44.14557],[28.61983,44.14575],[28.62023,44.1464],[28.62048,44.14674],[28.62056,44.14682],[28.62163,44.14797],[28.62179,44.14814],[28.62191,44.14826],[28.62352,44.15],[28.6237,44.15019],[28.62391,44.1504],[28.62418,44.1507],[28.62437,44.15063],[28.62451,44.15056],[28.6246,44.15052],[28.62474,44.15046],[28.62484,44.15046],[28.62493,44.15047],[28.62499,44.15052],[28.62502,44.15057],[28.62503,44.15063],[28.62498,44.15084],[28.62492,44.15093],[28.62484,44.15098],[28.62474,44.15101],[28.62467,44.15102],[28.62459,44.15101],[28.62452,44.151],[28.62435,44.15099],[28.62425,44.15099],[28.62417,44.15099],[28.62408,44.15101],[28.62401,44.15103],[28.62392,44.15107],[28.62313,44.15154],[28.6229,44.15168],[28.62266,44.15181],[28.62245,44.15192],[28.62223,44.15202],[28.62215,44.15203],[28.62206,44.15209],[28.62134,44.15254],[28.62089,44.15282],[28.62065,44.15295],[28.62054,44.15306],[28.62054,44.1531],[28.6205,44.15312],[28.62046,44.15314],[28.62042,44.15314],[28.62038,44.15314],[28.61969,44.15355],[28.61935,44.15376],[28.61899,44.15397],[28.6188,44.15409],[28.61841,44.15434],[28.61801,44.15459],[28.61765,44.15482],[28.61712,44.15515],[28.61657,44.15549],[28.61635,44.15563],[28.61597,44.15587],[28.61557,44.15612],[28.61537,44.15625],[28.61527,44.15631],[28.61507,44.15644],[28.61502,44.1565],[28.61489,44.15662],[28.61482,44.15669],[28.61481,44.15676],[28.61476,44.1568],[28.61471,44.15683],[28.61463,44.15686],[28.61456,44.15685],[28.61427,44.15695],[28.61416,44.15696],[28.61392,44.15711],[28.61388,44.15713],[28.61358,44.15733],[28.61228,44.15813],[28.61206,44.15827],[28.612,44.15836],[28.61188,44.15845],[28.61186,44.15853],[28.6118,44.15857],[28.6117,44.15859],[28.6116,44.15857],[28.61146,44.15861],[28.61136,44.15866],[28.61107,44.1588],[28.61055,44.15906],[28.61005,44.15931],[28.60985,44.15941],[28.60963,44.15952],[28.60892,44.15986],[28.60822,44.1602],[28.60752,44.16054],[28.6065,44.16103],[28.60608,44.16124],[28.60605,44.16127],[28.60567,44.16146],[28.60521,44.16169],[28.60486,44.16188],[28.6045,44.16143],[28.60434,44.1613],[28.60408,44.16096],[28.60377,44.16056],[28.6036,44.16036],[28.60345,44.16018],[28.60335,44.16007],[28.60321,44.15997],[28.60312,44.1599],[28.60303,44.15985],[28.60294,44.1598],[28.60279,44.15975],[28.60264,44.1597],[28.60249,44.15966],[28.60233,44.15965],[28.60217,44.15963],[28.60193,44.15964],[28.60184,44.15965],[28.60175,44.15967],[28.60145,44.1597],[28.60106,44.15977],[28.60062,44.15984],[28.60014,44.1599],[28.59971,44.15994],[28.59927,44.15997],[28.59883,44.15998],[28.59867,44.15998],[28.59851,44.15999],[28.59785,44.15998],[28.59751,44.15998],[28.59718,44.15995],[28.5968,44.15995],[28.59576,44.15984],[28.59498,44.15976],[28.59419,44.15968],[28.59382,44.15963],[28.59365,44.15961],[28.59342,44.15959],[28.59023,44.15926],[28.59002,44.15925],[28.58819,44.15904],[28.58793,44.15901],[28.58782,44.159],[28.58768,44.15898],[28.58717,44.15896],[28.586,44.1588],[28.58602,44.15861],[28.58613,44.15847],[28.58623,44.15841],[28.58649,44.15838],[28.58664,44.15849],[28.58672,44.15866],[28.58659,44.15906]]},"properties":{"line":"101","dir":"1","mode":"bus"}},{"type":"Feature","geometry":{"type":"LineString","coordinates":[[28.6336,44.16868],[28.63386,44.16833],[28.63388,44.16829],[28.6339,44.16826],[28.63392,44.16823],[28.63396,44.1682],[28.63407,44.16812],[28.63418,44.16806],[28.63429,44.168],[28.63441,44.16796],[28.63431,44.1679],[28.63421,44.16785],[28.63396,44.16777],[28.63371,44.16769],[28.63318,44.16754],[28.63299,44.16747],[28.63291,44.16743],[28.63283,44.16737],[28.63279,44.16734],[28.63274,44.16722],[28.63264,44.16701],[28.63258,44.16688],[28.63239,44.16644],[28.63232,44.16632],[28.63223,44.1662],[28.63215,44.16612],[28.63195,44.16589],[28.6319,44.16583],[28.6318,44.16567],[28.63165,44.1654],[28.63142,44.16497],[28.63117,44.16453],[28.63082,44.16389],[28.63068,44.16362],[28.63054,44.16336],[28.63007,44.16249],[28.62989,44.16215],[28.62974,44.16201],[28.62955,44.16164],[28.62926,44.1611],[28.62896,44.16057],[28.62885,44.1605],[28.62869,44.15994],[28.62866,44.15984],[28.62865,44.15981],[28.62863,44.15974],[28.62862,44.15965],[28.62861,44.15946],[28.62861,44.15927],[28.6286,44.1589],[28.62857,44.15826],[28.62855,44.15794],[28.62854,44.1576],[28.62942,44.15758],[28.63001,44.15757],[28.63067,44.15756],[28.6308,44.15747],[28.63088,44.15734],[28.63091,44.1573],[28.63097,44.1572],[28.6308,44.15698],[28.63021,44.15623],[28.63001,44.15597],[28.62975,44.15562],[28.62938,44.15511],[28.62932,44.15502],[28.62925,44.15498],[28.62918,44.15493],[28.62913,44.15491],[28.6289,44.15459],[28.62882,44.15448],[28.6288,44.15444],[28.62879,44.15441],[28.62878,44.15437],[28.62879,44.15426],[28.62866,44.15404],[28.6285,44.1537],[28.62837,44.15344],[28.62823,44.15315],[28.62793,44.15254],[28.62762,44.15193],[28.62751,44.1517],[28.62719,44.15107],[28.62687,44.15042],[28.62679,44.15027],[28.62653,44.14978],[28.62628,44.14928],[28.62597,44.14863],[28.62565,44.14798],[28.62543,44.14753],[28.62522,44.14706],[28.62506,44.14676],[28.62491,44.14645],[28.62464,44.14598],[28.62458,44.14586],[28.62443,44.14554],[28.62417,44.14495],[28.62404,44.14491],[28.62392,44.14487],[28.62386,44.14478],[28.62392,44.14468],[28.62399,44.1446],[28.62379,44.14414],[28.62349,44.14351],[28.62309,44.14286],[28.62251,44.14157],[28.6223,44.14163],[28.62192,44.14177],[28.61868,44.14278],[28.61822,44.14291],[28.6187,44.1439],[28.61919,44.14488],[28.6195,44.14541],[28.61965,44.14557],[28.61983,44.14575],[28.62023,44.1464],[28.62048,44.14674],[28.62056,44.14682],[28.62163,44.14797],[28.62179,44.14814],[28.62191,44.14826],[28.62352,44.15],[28.6237,44.15019],[28.62391,44.1504],[28.62418,44.1507],[28.62437,44.15063],[28.62451,44.15056],[28.6246,44.15052],[28.62474,44.15046],[28.62484,44.15046],[28.62493,44.15047],[28.62499,44.15052],[28.62502,44.15057],[28.62503,44.15063],[28.62498,44.15084],[28.62492,44.15093],[28.62484,44.15098],[28.62474,44.15101],[28.62467,44.15102],[28.62459,44.15101],[28.62452,44.151],[28.62435,44.15099],[28.62425,44.15099],[28.62417,44.15099],[28.62408,44.15101],[28.62401,44.15103],[28.62392,44.15107],[28.62313,44.15154],[28.6229,44.15168],[28.62266,44.15181],[28.62245,44.15192],[28.62223,44.15202],[28.62215,44.15203],[28.62206,44.15209],[28.62134,44.15254],[28.62089,44.15282],[28.62065,44.15295],[28.62054,44.15306],[28.62054,44.1531],[28.6205,44.15312],[28.62046,44.15314],[28.62042,44.15314],[28.62038,44.15314],[28.61969,44.15355],[28.61935,44.15376],[28.61899,44.15397],[28.6188,44.15409],[28.61841,44.15434],[28.61801,44.15459],[28.61765,44.15482],[28.61712,44.15515],[28.61657,44.15549],[28.61635,44.15563],[28.61597,44.15587],[28.61557,44.15612],[28.61537,44.15625],[28.61527,44.15631],[28.61507,44.15644],[28.61502,44.1565],[28.61489,44.15662],[28.61482,44.15669],[28.61481,44.15676],[28.61476,44.1568],[28.61471,44.15683],[28.61463,44.15686],[28.61456,44.15685],[28.61427,44.15695],[28.61416,44.15696],[28.61392,44.15711],[28.61388,44.15713],[28.61358,44.15733],[28.61228,44.15813],[28.61206,44.15827],[28.612,44.15836],[28.61188,44.15845],[28.61186,44.15853],[28.6118,44.15857],[28.6117,44.15859],[28.6116,44.15857],[28.61146,44.15861],[28.61136,44.15866],[28.61107,44.1588],[28.61055,44.15906],[28.61005,44.15931],[28.60985,44.15941],[28.60963,44.15952],[28.60822,44.1602],[28.60752,44.16054],[28.607,44.16079],[28.60649,44.16104],[28.60614,44.16121],[28.60607,44.16129],[28.60568,44.16149],[28.60523,44.16172],[28.6049,44.16189],[28.60424,44.16221],[28.60409,44.16229],[28.6039,44.16237],[28.60376,44.16244],[28.6036,44.16247],[28.60337,44.16259],[28.60263,44.16296],[28.60194,44.1633],[28.6015,44.16351],[28.60107,44.16372],[28.601,44.16375],[28.60029,44.1641],[28.59999,44.16424],[28.59961,44.16443],[28.59926,44.1646],[28.5989,44.16478],[28.59864,44.16491],[28.59836,44.16506],[28.59818,44.16516],[28.59797,44.16528],[28.59776,44.1654],[28.59772,44.16542],[28.59766,44.16548],[28.59759,44.16552],[28.5975,44.16556],[28.59734,44.16564],[28.59703,44.1658],[28.59681,44.16592],[28.59671,44.16597],[28.59662,44.16602],[28.5965,44.16609],[28.5964,44.16616],[28.59631,44.16625],[28.5962,44.16635],[28.59604,44.16649],[28.59592,44.16663],[28.59578,44.16679],[28.59568,44.16695],[28.59562,44.16707],[28.59553,44.16732],[28.59548,44.16752],[28.59547,44.16762],[28.59546,44.16772],[28.59541,44.16815],[28.59539,44.16834],[28.59537,44.16853],[28.59524,44.16974],[28.59521,44.16991],[28.59518,44.17009],[28.59514,44.17044],[28.59511,44.1708],[28.59508,44.17098],[28.59506,44.17118],[28.59497,44.17132],[28.59494,44.17164],[28.59493,44.17176],[28.59491,44.17188],[28.59488,44.17204],[28.59485,44.1722],[28.59482,44.17246],[28.59484,44.1725],[28.59484,44.17258],[28.59484,44.1728],[28.5949,44.17282],[28.59493,44.17284],[28.59496,44.17286],[28.59498,44.1729],[28.59499,44.17294],[28.59499,44.17297],[28.59496,44.17302],[28.59492,44.17305],[28.59482,44.17309],[28.59472,44.17326],[28.59467,44.17334],[28.59465,44.17356],[28.59464,44.17364],[28.59464,44.17374],[28.59463,44.17384],[28.59462,44.17406],[28.59463,44.17428],[28.59463,44.17434],[28.59466,44.17465],[28.59466,44.17475],[28.59468,44.17485],[28.5947,44.17506],[28.59474,44.17525],[28.59475,44.17534],[28.59477,44.17545],[28.59482,44.17564],[28.59486,44.17584],[28.59491,44.17597],[28.59495,44.17611],[28.595,44.17626],[28.59506,44.17642],[28.59521,44.1768],[28.5953,44.177],[28.59538,44.17718],[28.59563,44.17775],[28.59583,44.17815],[28.59589,44.17824],[28.59594,44.1783],[28.596,44.17835],[28.59611,44.17843],[28.59611,44.17851],[28.59611,44.17859],[28.59612,44.17864],[28.59612,44.17873],[28.59613,44.17882],[28.59641,44.17943],[28.59696,44.18066],[28.59724,44.18127],[28.59738,44.18157],[28.59752,44.18188],[28.5978,44.18249],[28.59807,44.1831],[28.59823,44.18344],[28.59838,44.18379],[28.59848,44.18401],[28.59852,44.18409],[28.59888,44.1849],[28.59904,44.18523],[28.59919,44.18557],[28.59943,44.18611],[28.59956,44.18633],[28.59966,44.18651],[28.59991,44.18704],[28.59995,44.18712],[28.59998,44.18721],[28.60027,44.18781],[28.60033,44.18795],[28.60039,44.18804],[28.60044,44.18818],[28.60049,44.18831],[28.60067,44.18886],[28.60073,44.18894],[28.60074,44.18899],[28.6008,44.1891],[28.60085,44.1892],[28.60089,44.18926],[28.60093,44.18933],[28.60094,44.1894],[28.60117,44.1899],[28.60149,44.19055],[28.60161,44.19078],[28.60168,44.19093],[28.60174,44.19104],[28.60177,44.1911],[28.60181,44.19114],[28.60195,44.19146],[28.60203,44.19161],[28.60216,44.19188],[28.60231,44.19216],[28.60239,44.19231],[28.60241,44.19236],[28.6025,44.19243],[28.60255,44.19249],[28.60263,44.19261],[28.60272,44.19272],[28.60278,44.19276],[28.603,44.19284],[28.60305,44.1929],[28.60306,44.19297],[28.60303,44.19302],[28.60299,44.19306],[28.603,44.19311],[28.60303,44.1932],[28.60307,44.19335],[28.60312,44.1935],[28.60317,44.19368],[28.60321,44.19382],[28.60321,44.19391],[28.60332,44.19412],[28.60343,44.19434],[28.60387,44.1952],[28.60409,44.19563],[28.6042,44.19584],[28.60432,44.19607],[28.60438,44.19613],[28.60451,44.19633],[28.60456,44.19636],[28.6046,44.19642],[28.6046,44.1965],[28.60466,44.19659],[28.60476,44.19674],[28.60483,44.19687],[28.60497,44.19715],[28.60512,44.19744],[28.6052,44.19759],[28.60531,44.1978],[28.60535,44.19786],[28.6055,44.19812],[28.6056,44.19827],[28.60568,44.19837],[28.60572,44.1984],[28.60582,44.19844],[28.60589,44.19847],[28.606,44.19847],[28.60609,44.1985],[28.60613,44.19854],[28.60615,44.19858],[28.60615,44.19863],[28.60612,44.1987],[28.60609,44.19877],[28.6061,44.19884],[28.60611,44.1989],[28.60611,44.19899],[28.60619,44.19907],[28.60626,44.19916],[28.6068,44.19971],[28.6074,44.20029],[28.6077,44.20058],[28.60799,44.20087],[28.60806,44.20093],[28.60813,44.201],[28.60822,44.20102],[28.6083,44.20104],[28.60861,44.20106],[28.60885,44.20106],[28.60905,44.20099],[28.60936,44.20091],[28.60945,44.20087],[28.60949,44.20083],[28.60953,44.20078],[28.60953,44.20071],[28.6095,44.20067],[28.60945,44.20064],[28.6094,44.20063],[28.6093,44.20065],[28.60913,44.20077]]},"properties":{"line":"101M","dir":"0","mode":"bus"}},{"type":"Feature","geometry":{"type":"LineString","coordinates":[[28.60913,44.20077],[28.60902,44.20079],[28.60851,44.20096],[28.60839,44.20095],[28.60816,44.20074],[28.6092,44.20022],[28.60934,44.20031],[28.60942,44.20036],[28.60954,44.20049],[28.60966,44.20071],[28.60968,44.20077],[28.60965,44.20084],[28.60919,44.20098],[28.60895,44.20106],[28.60887,44.20109],[28.60873,44.20118],[28.60872,44.20123],[28.60865,44.20132],[28.60857,44.20135],[28.60848,44.20135],[28.60842,44.20133],[28.60836,44.2013],[28.60829,44.20123],[28.60782,44.20075],[28.60735,44.20028],[28.6071,44.20004],[28.60685,44.19981],[28.60638,44.19933],[28.60624,44.19919],[28.60608,44.199],[28.60597,44.19895],[28.60588,44.19883],[28.60578,44.19873],[28.60573,44.19868],[28.60572,44.19861],[28.60563,44.19852],[28.60551,44.19835],[28.60539,44.19817],[28.6053,44.19805],[28.60521,44.19792],[28.60505,44.19764],[28.60496,44.19746],[28.60477,44.19707],[28.60466,44.19689],[28.60461,44.19679],[28.60458,44.19674],[28.6045,44.19667],[28.60445,44.19662],[28.60436,44.19663],[28.60426,44.19661],[28.60415,44.19652],[28.60414,44.19646],[28.60416,44.19639],[28.60425,44.19632],[28.60426,44.19627],[28.60426,44.19622],[28.60426,44.19614],[28.60428,44.19609],[28.60416,44.19585],[28.60405,44.19564],[28.60383,44.19521],[28.6034,44.19436],[28.60317,44.19391],[28.60308,44.19384],[28.60295,44.19357],[28.6028,44.19325],[28.60271,44.19305],[28.60264,44.19292],[28.6026,44.19284],[28.60251,44.19268],[28.60242,44.19254],[28.60239,44.19247],[28.60238,44.19238],[28.60235,44.19232],[28.60227,44.19216],[28.60216,44.19195],[28.60204,44.19175],[28.60189,44.19168],[28.60185,44.19165],[28.6018,44.19159],[28.60177,44.19153],[28.60174,44.19147],[28.60171,44.1914],[28.60163,44.19127],[28.60156,44.19113],[28.60148,44.19097],[28.60139,44.19079],[28.60129,44.19059],[28.60119,44.19026],[28.60117,44.19015],[28.60121,44.19008],[28.60113,44.1899],[28.60101,44.18966],[28.60089,44.18941],[28.60084,44.18937],[28.60074,44.18926],[28.60069,44.18922],[28.60063,44.18919],[28.60056,44.18916],[28.60044,44.18917],[28.60038,44.18915],[28.60032,44.18913],[28.60024,44.18905],[28.60023,44.18898],[28.60024,44.18888],[28.60024,44.18877],[28.60024,44.18853],[28.60025,44.18832],[28.60026,44.18804],[28.60029,44.18795],[28.60019,44.18774],[28.6001,44.18754],[28.5998,44.1869],[28.59962,44.18651],[28.59949,44.18629],[28.59937,44.18606],[28.59926,44.18583],[28.59921,44.18571],[28.59915,44.18558],[28.59894,44.18512],[28.59867,44.18451],[28.59862,44.18441],[28.59853,44.1842],[28.59834,44.1838],[28.59819,44.18346],[28.59804,44.18311],[28.5979,44.18281],[28.59776,44.1825],[28.59748,44.18189],[28.59637,44.17945],[28.5961,44.17886],[28.596,44.17873],[28.59593,44.17862],[28.5959,44.17855],[28.59587,44.17844],[28.59585,44.17838],[28.59581,44.17828],[28.59576,44.17816],[28.59565,44.1779],[28.59553,44.17764],[28.59535,44.17724],[28.59515,44.17677],[28.59509,44.1766],[28.59503,44.17643],[28.59497,44.17629],[28.59491,44.17613],[28.59487,44.17599],[28.59483,44.17585],[28.59478,44.17567],[28.59473,44.17547],[28.59471,44.17537],[28.5947,44.17527],[28.59467,44.17506],[28.59464,44.17486],[28.59462,44.17477],[28.59461,44.17467],[28.59459,44.17428],[28.59459,44.17406],[28.59459,44.17384],[28.59459,44.17372],[28.59461,44.17359],[28.59462,44.17342],[28.59463,44.17333],[28.59462,44.17326],[28.59467,44.17306],[28.59461,44.17301],[28.59458,44.17292],[28.59463,44.17285],[28.5947,44.17281],[28.59475,44.17256],[28.59481,44.17219],[28.59486,44.17192],[28.5949,44.17164],[28.59493,44.17131],[28.59491,44.17117],[28.59496,44.17079],[28.59499,44.17041],[28.59502,44.16996],[28.59506,44.16973],[28.59508,44.16951],[28.59514,44.16898],[28.59522,44.16846],[28.59525,44.16812],[28.59528,44.16791],[28.59531,44.16771],[28.59534,44.16749],[28.59538,44.16733],[28.59543,44.16717],[28.59545,44.16709],[28.59549,44.167],[28.59556,44.16687],[28.59561,44.16677],[28.59566,44.16669],[28.59577,44.16654],[28.59589,44.16641],[28.59608,44.16625],[28.59619,44.16616],[28.59633,44.16606],[28.59649,44.16596],[28.59668,44.16586],[28.59695,44.16573],[28.59749,44.16545],[28.59758,44.16542],[28.59769,44.1654],[28.59774,44.16537],[28.59797,44.16524],[28.59815,44.16514],[28.59887,44.16476],[28.60024,44.16408],[28.60065,44.16388],[28.60099,44.16372],[28.60106,44.16369],[28.60192,44.16327],[28.60227,44.1631],[28.60263,44.16292],[28.60299,44.16274],[28.60334,44.16257],[28.60358,44.16245],[28.6038,44.16235],[28.60399,44.16213],[28.60439,44.16191],[28.60478,44.16174],[28.60515,44.16157],[28.60553,44.16139],[28.6067,44.16082],[28.60749,44.16052],[28.60819,44.16018],[28.60982,44.15938],[28.61001,44.15929],[28.61041,44.15909],[28.61087,44.15885],[28.61134,44.15862],[28.61137,44.15856],[28.61141,44.15853],[28.61154,44.15846],[28.6116,44.15838],[28.61165,44.15835],[28.6117,44.15835],[28.61174,44.15834],[28.61178,44.15835],[28.61194,44.15826],[28.61203,44.15825],[28.61225,44.15811],[28.61326,44.15748],[28.61354,44.15731],[28.61389,44.15709],[28.61413,44.15694],[28.61418,44.15687],[28.61439,44.1567],[28.61439,44.15666],[28.61441,44.15662],[28.61444,44.1566],[28.61447,44.15658],[28.61451,44.15656],[28.61461,44.15654],[28.61469,44.15656],[28.61476,44.15652],[28.61494,44.15644],[28.61504,44.15642],[28.61524,44.15629],[28.61535,44.15623],[28.61555,44.1561],[28.61633,44.15561],[28.61655,44.15546],[28.61763,44.15479],[28.61798,44.15457],[28.61827,44.15439],[28.61838,44.15431],[28.61896,44.15395],[28.62033,44.15303],[28.62035,44.153],[28.62039,44.15299],[28.62053,44.15298],[28.62061,44.15294],[28.62087,44.15279],[28.62131,44.15252],[28.62203,44.15207],[28.62215,44.15196],[28.62234,44.15182],[28.62253,44.15169],[28.62296,44.15141],[28.62326,44.15122],[28.62371,44.15094],[28.62394,44.15079],[28.62421,44.15066],[28.6244,44.15057],[28.62452,44.15052],[28.62461,44.15048],[28.62475,44.15042],[28.62493,44.15032],[28.62505,44.15023],[28.62516,44.15013],[28.62525,44.15004],[28.62528,44.14998],[28.62535,44.14984],[28.62539,44.14972],[28.62543,44.1496],[28.62548,44.14942],[28.62552,44.14926],[28.62548,44.14917],[28.62544,44.14908],[28.62541,44.14901],[28.62535,44.14891],[28.62531,44.14884],[28.6252,44.14873],[28.62512,44.14861],[28.62506,44.1485],[28.62434,44.14762],[28.62428,44.14755],[28.62397,44.14717],[28.62391,44.14709],[28.62384,44.14701],[28.62375,44.14689],[28.62369,44.1468],[28.62362,44.14674],[28.62359,44.14667],[28.62355,44.1466],[28.62351,44.14652],[28.62349,44.14643],[28.62347,44.14634],[28.62345,44.14624],[28.62345,44.14615],[28.62346,44.14607],[28.62348,44.14599],[28.6235,44.1459],[28.62352,44.14581],[28.62358,44.14566],[28.62365,44.14546],[28.62376,44.14521],[28.62381,44.14504],[28.62384,44.14492],[28.62382,44.14488],[28.62382,44.14485],[28.62382,44.14482],[28.62383,44.14479],[28.62384,44.14476],[28.62387,44.14474],[28.6239,44.14472],[28.62393,44.14469],[28.62397,44.14467],[28.62401,44.14466],[28.62407,44.14465],[28.62414,44.14465],[28.62421,44.14466],[28.62426,44.14468],[28.6243,44.1447],[28.62433,44.14475],[28.62435,44.14479],[28.62436,44.14484],[28.62435,44.14489],[28.62431,44.14494],[28.62427,44.14497],[28.62428,44.145],[28.6243,44.14515],[28.62464,44.14589],[28.62469,44.14598],[28.62482,44.14621],[28.62489,44.14632],[28.62495,44.14644],[28.62512,44.14675],[28.62526,44.14706],[28.62538,44.14729],[28.6255,44.14752],[28.62572,44.14798],[28.62602,44.14862],[28.62633,44.14925],[28.62658,44.14975],[28.62685,44.15025],[28.62693,44.15042],[28.62725,44.15105],[28.62757,44.15169],[28.62768,44.15191],[28.628,44.15253],[28.62813,44.15284],[28.6283,44.15316],[28.62854,44.15366],[28.62871,44.15404],[28.62873,44.15408],[28.62882,44.15425],[28.62903,44.1544],[28.62933,44.15488],[28.62934,44.15494],[28.62934,44.155],[28.63009,44.156],[28.63069,44.15678],[28.63127,44.15754],[28.63123,44.15755],[28.62992,44.15759],[28.62857,44.15762],[28.62859,44.15802],[28.6286,44.15811],[28.62862,44.1586],[28.62863,44.1589],[28.62867,44.15965],[28.62868,44.15974],[28.6287,44.15984],[28.62873,44.15994],[28.62901,44.16047],[28.62902,44.16049],[28.6293,44.16099],[28.62956,44.16147],[28.62969,44.16171],[28.62982,44.16195],[28.62989,44.16207],[28.63,44.16227],[28.63011,44.16247],[28.63017,44.1626],[28.63055,44.16335],[28.63085,44.16388],[28.63121,44.16453],[28.63145,44.16496],[28.63193,44.16581],[28.63197,44.16586],[28.63216,44.1661],[28.63226,44.16619],[28.63235,44.1663],[28.63239,44.16636],[28.63242,44.16643],[28.63252,44.16665],[28.63262,44.16688],[28.63268,44.16701],[28.63277,44.16721],[28.63282,44.16733],[28.63282,44.16738],[28.63282,44.16744],[28.63283,44.16751],[28.63286,44.16764],[28.63292,44.16792],[28.63293,44.16801],[28.63292,44.16808],[28.63269,44.16847],[28.6326,44.16863]]},"properties":{"line":"101M","dir":"1","mode":"bus"}},{"type":"Feature","geometry":{"type":"LineString","coordinates":[[28.58735,44.1589],[28.5882,44.15897],[28.58871,44.15903],[28.58921,44.15909],[28.59023,44.15919],[28.59045,44.15922],[28.59307,44.15949],[28.59364,44.15955],[28.59385,44.15957],[28.59417,44.15961],[28.59578,44.15978],[28.59674,44.15988],[28.59729,44.15993],[28.59756,44.15994],[28.59784,44.15996],[28.59817,44.15996],[28.59851,44.15996],[28.59883,44.15995],[28.59928,44.15993],[28.5995,44.15992],[28.59972,44.1599],[28.60017,44.15986],[28.60061,44.1598],[28.60104,44.15973],[28.60147,44.15966],[28.60192,44.15959],[28.60216,44.15958],[28.60234,44.15959],[28.60251,44.15961],[28.60269,44.15965],[28.60279,44.15968],[28.60289,44.15972],[28.60297,44.15975],[28.60311,44.15982],[28.60326,44.15991],[28.60338,44.16002],[28.6035,44.16014],[28.60382,44.16053],[28.60432,44.16109],[28.60464,44.16147],[28.60492,44.16185],[28.60517,44.16217],[28.60596,44.16318],[28.60599,44.16331],[28.60672,44.16423],[28.60705,44.16466],[28.6074,44.16514],[28.60765,44.16546],[28.60795,44.16587],[28.60804,44.166],[28.60846,44.16653],[28.6087,44.16683],[28.60894,44.16716],[28.60912,44.16743],[28.60925,44.16764],[28.60941,44.16792],[28.60951,44.16812],[28.60959,44.16832],[28.60971,44.16862],[28.60976,44.16876],[28.6098,44.16891],[28.60984,44.16905],[28.60988,44.16919],[28.60994,44.16949],[28.60997,44.16962],[28.60998,44.1697],[28.60999,44.16977],[28.61002,44.17003],[28.61004,44.17032],[28.61004,44.17038],[28.61009,44.17047],[28.61011,44.17052],[28.61012,44.17067],[28.61022,44.17072],[28.61027,44.17077],[28.61027,44.17089],[28.61022,44.17094],[28.61014,44.17098],[28.61014,44.17118],[28.61013,44.17125],[28.61015,44.17192],[28.61014,44.17214],[28.61014,44.17222],[28.61016,44.17243],[28.61017,44.17255],[28.61018,44.17261],[28.6102,44.17267],[28.61027,44.17279],[28.61034,44.17292],[28.61048,44.17315],[28.61068,44.17338],[28.61105,44.17379],[28.61188,44.17465],[28.61203,44.17479],[28.61273,44.17549],[28.61306,44.17581],[28.61344,44.17615],[28.6137,44.17643],[28.61375,44.17647],[28.61393,44.17662],[28.61409,44.17671],[28.61419,44.17672],[28.61427,44.17676],[28.61432,44.17682],[28.61433,44.17689],[28.61431,44.17694],[28.61444,44.17711],[28.61457,44.17729],[28.61463,44.17734],[28.61497,44.17767],[28.61578,44.17843],[28.61594,44.17858],[28.61613,44.17876],[28.61672,44.1793],[28.61727,44.17985],[28.61756,44.18012],[28.61774,44.18035],[28.61779,44.1804],[28.61807,44.18087],[28.61827,44.18118],[28.61836,44.18129],[28.61856,44.18153],[28.61866,44.18165],[28.61872,44.18172],[28.61883,44.18178],[28.61889,44.18187],[28.61906,44.18208],[28.6192,44.18227],[28.61966,44.18284],[28.6199,44.18314],[28.62018,44.18345],[28.62048,44.18381],[28.62079,44.18418],[28.62105,44.18448],[28.62113,44.18457],[28.62128,44.18475],[28.62136,44.18485],[28.6214,44.18494],[28.62182,44.1855],[28.62189,44.1856],[28.62217,44.18596],[28.62244,44.18633],[28.62289,44.18691],[28.62335,44.18748],[28.62351,44.18766],[28.62361,44.18779],[28.62382,44.18804],[28.62404,44.18832],[28.62416,44.18846],[28.62426,44.1886],[28.62431,44.18868],[28.62436,44.18875],[28.62441,44.18886],[28.62445,44.18897],[28.6245,44.18907],[28.62453,44.18917],[28.62457,44.18927],[28.62459,44.18937],[28.62462,44.18946],[28.62464,44.18955],[28.62465,44.18964],[28.62466,44.18974],[28.62468,44.18988],[28.62468,44.19002],[28.62468,44.19023],[28.62468,44.19029],[28.62471,44.19058],[28.62474,44.19061],[28.62475,44.19071],[28.62471,44.19075],[28.62467,44.19078],[28.62459,44.19098],[28.62451,44.19118],[28.62446,44.19146],[28.6243,44.19233],[28.62426,44.19255],[28.62423,44.1927],[28.62409,44.19339],[28.62402,44.19374],[28.62399,44.19391],[28.62397,44.19409],[28.62395,44.19419],[28.62394,44.19429],[28.62393,44.19442],[28.62393,44.19457],[28.62392,44.19468],[28.62395,44.19581],[28.62405,44.19674],[28.62418,44.19736],[28.62489,44.19864],[28.6262,44.19993],[28.62728,44.20073],[28.62791,44.20124],[28.62815,44.20135],[28.62836,44.20157],[28.62921,44.20201],[28.62956,44.20215],[28.62989,44.20224],[28.63191,44.20254],[28.63194,44.20255],[28.63215,44.20258],[28.63224,44.20256],[28.63272,44.20258],[28.63277,44.20254],[28.63295,44.20252],[28.63301,44.20255],[28.63306,44.20259],[28.63337,44.2026],[28.63352,44.20264],[28.63369,44.20265],[28.63379,44.20264],[28.63407,44.20264],[28.63426,44.20264],[28.63489,44.20262],[28.63515,44.20262],[28.63563,44.20261],[28.63585,44.20261],[28.63605,44.20258],[28.63623,44.20254],[28.6363,44.20255],[28.63633,44.20258],[28.63653,44.20261],[28.63671,44.20264],[28.63693,44.20265],[28.63722,44.20266],[28.63731,44.20267],[28.63842,44.2027],[28.6386,44.2027],[28.63921,44.20274],[28.63951,44.20276],[28.6399,44.20283],[28.64015,44.20288],[28.6404,44.20296],[28.64069,44.20306],[28.64098,44.20319],[28.64116,44.20329],[28.64147,44.20348],[28.64164,44.2036],[28.64179,44.2037],[28.64197,44.20382],[28.64216,44.20395],[28.64253,44.2042],[28.64278,44.20436],[28.64295,44.20446],[28.64306,44.20452],[28.64313,44.20454],[28.64319,44.20456],[28.64335,44.2046],[28.64353,44.20461],[28.64388,44.2047],[28.64401,44.20472],[28.6441,44.20474],[28.64428,44.20478],[28.64439,44.20482],[28.64454,44.20485],[28.64463,44.20487],[28.6451,44.20498],[28.64529,44.20503],[28.64654,44.20534],[28.64779,44.20568],[28.65009,44.20626],[28.64988,44.20669],[28.64992,44.20699],[28.64992,44.20734],[28.64979,44.20744],[28.64964,44.20751],[28.64945,44.20748],[28.64933,44.20734],[28.64947,44.20703],[28.64955,44.20697],[28.64968,44.20685],[28.64977,44.20675],[28.6499,44.20652],[28.64998,44.20628],[28.64872,44.20595],[28.64755,44.20565],[28.64741,44.20562],[28.64719,44.20556],[28.64453,44.20492],[28.64418,44.20558],[28.64406,44.20588],[28.64399,44.20606],[28.64393,44.20624],[28.64387,44.20642],[28.64382,44.2066],[28.64375,44.20688],[28.6437,44.20712],[28.64366,44.20737],[28.64362,44.20761],[28.64354,44.2081],[28.6435,44.20839],[28.64345,44.20868],[28.64342,44.2089],[28.6433,44.20966],[28.64324,44.21004],[28.64321,44.21023],[28.64318,44.21042],[28.64314,44.21067],[28.64312,44.21079],[28.64284,44.21299],[28.64255,44.21453],[28.6423,44.21517]]},"properties":{"line":"102","dir":"0","mode":"bus"}},{"type":"Feature","geometry":{"type":"LineString","coordinates":[[28.6423,44.21517],[28.6422,44.21539],[28.64212,44.21557],[28.64205,44.21565],[28.64204,44.21572],[28.64198,44.21577],[28.6418,44.21572],[28.6418,44.21563],[28.64187,44.21559],[28.64189,44.21555],[28.64194,44.21547],[28.64194,44.21524],[28.64202,44.21505],[28.64227,44.21485],[28.64292,44.21077],[28.64298,44.2104],[28.64303,44.21002],[28.64309,44.20966],[28.64315,44.20929],[28.64321,44.20892],[28.64329,44.20844],[28.64336,44.20797],[28.64345,44.20739],[28.6435,44.2071],[28.64356,44.20682],[28.64365,44.20649],[28.64375,44.20617],[28.64384,44.20594],[28.64389,44.20582],[28.64404,44.20547],[28.64413,44.20526],[28.64421,44.20512],[28.64428,44.20497],[28.64433,44.20485],[28.64422,44.20483],[28.64406,44.20479],[28.64383,44.20474],[28.6435,44.20467],[28.64313,44.20458],[28.643,44.20453],[28.64289,44.20446],[28.64252,44.20423],[28.64209,44.20394],[28.64192,44.20382],[28.6417,44.20367],[28.6415,44.20354],[28.64127,44.20339],[28.64107,44.20328],[28.6409,44.20319],[28.64069,44.2031],[28.64052,44.20303],[28.64032,44.20297],[28.64014,44.20291],[28.63989,44.20286],[28.63966,44.20281],[28.63951,44.20279],[28.63928,44.20277],[28.63905,44.20276],[28.63854,44.20273],[28.63841,44.20273],[28.63741,44.2027],[28.63734,44.20269],[28.63693,44.20268],[28.6368,44.20267],[28.63666,44.20266],[28.63652,44.20267],[28.6364,44.20268],[28.63631,44.20268],[28.63618,44.2027],[28.63614,44.20268],[28.63611,44.20266],[28.636,44.20265],[28.63585,44.20263],[28.63516,44.20264],[28.6349,44.20265],[28.63458,44.20266],[28.63426,44.20267],[28.63405,44.20267],[28.63379,44.20267],[28.6337,44.20268],[28.63351,44.20268],[28.63344,44.2027],[28.63321,44.2027],[28.63292,44.20278],[28.63287,44.20278],[28.63277,44.20275],[28.63272,44.20271],[28.63247,44.20269],[28.63232,44.20267],[28.6322,44.20264],[28.63214,44.2026],[28.63191,44.20257],[28.63104,44.20245],[28.63041,44.20236],[28.62983,44.20225],[28.62967,44.20222],[28.62953,44.20218],[28.62941,44.20215],[28.62928,44.2021],[28.62907,44.20203],[28.62891,44.20198],[28.62883,44.20199],[28.62875,44.20196],[28.62872,44.20189],[28.6285,44.20173],[28.62799,44.20135],[28.62751,44.20101],[28.62689,44.20055],[28.62671,44.20041],[28.62654,44.20026],[28.62561,44.19953],[28.62538,44.19934],[28.62526,44.19923],[28.62514,44.19912],[28.62501,44.199],[28.62488,44.19886],[28.62479,44.19877],[28.62468,44.19862],[28.62459,44.19849],[28.6245,44.19836],[28.62442,44.19821],[28.62435,44.19807],[28.62424,44.19781],[28.62413,44.19752],[28.62408,44.19734],[28.624,44.19716],[28.62392,44.19697],[28.62389,44.1969],[28.62387,44.19681],[28.62384,44.19666],[28.62379,44.19661],[28.6238,44.19654],[28.62378,44.19639],[28.62378,44.19626],[28.6238,44.19614],[28.62381,44.19603],[28.62385,44.19582],[28.62384,44.19572],[28.62385,44.19555],[28.62386,44.19538],[28.62386,44.19517],[28.62386,44.19501],[28.62388,44.19465],[28.6239,44.19429],[28.62393,44.19409],[28.62395,44.19391],[28.62398,44.19374],[28.62405,44.19339],[28.62412,44.19304],[28.62416,44.19287],[28.62417,44.19279],[28.62419,44.1927],[28.62422,44.19258],[28.62429,44.19219],[28.62432,44.192],[28.6244,44.19153],[28.62442,44.19148],[28.62444,44.19134],[28.62447,44.19118],[28.62447,44.19098],[28.62447,44.19086],[28.62445,44.19062],[28.6245,44.19058],[28.62453,44.19051],[28.62461,44.19032],[28.62464,44.19026],[28.62465,44.19002],[28.62463,44.18974],[28.62456,44.18938],[28.62449,44.18917],[28.62442,44.18897],[28.62433,44.18879],[28.62423,44.18861],[28.62381,44.18809],[28.6236,44.18783],[28.62344,44.18764],[28.62291,44.18699],[28.62265,44.18666],[28.6224,44.18632],[28.62213,44.18598],[28.62186,44.18563],[28.62172,44.18545],[28.62151,44.18518],[28.62133,44.18498],[28.62122,44.18491],[28.62098,44.18465],[28.62039,44.18397],[28.62033,44.18391],[28.62019,44.18375],[28.62006,44.18358],[28.61957,44.18296],[28.61908,44.18233],[28.61893,44.18215],[28.61879,44.18195],[28.61874,44.18189],[28.6187,44.18182],[28.61868,44.18174],[28.61827,44.18124],[28.61824,44.18121],[28.61805,44.1809],[28.61797,44.18078],[28.6177,44.18041],[28.61751,44.18017],[28.6173,44.17994],[28.61707,44.17969],[28.61682,44.17945],[28.61649,44.17914],[28.61612,44.17878],[28.61592,44.1786],[28.61576,44.17845],[28.61536,44.17807],[28.61496,44.1777],[28.61464,44.1774],[28.61461,44.17738],[28.61451,44.1773],[28.61432,44.17718],[28.61408,44.17703],[28.61403,44.17703],[28.6139,44.17697],[28.61388,44.17693],[28.61386,44.17688],[28.61389,44.17681],[28.61381,44.17668],[28.61369,44.1765],[28.61338,44.1762],[28.613,44.17584],[28.61269,44.17554],[28.61234,44.17519],[28.61197,44.17481],[28.61183,44.17467],[28.61142,44.17425],[28.61121,44.17403],[28.611,44.17381],[28.6108,44.17361],[28.61061,44.17341],[28.6105,44.1733],[28.61041,44.17318],[28.61033,44.17306],[28.61027,44.17293],[28.61021,44.1728],[28.61016,44.17267],[28.61012,44.17256],[28.61011,44.17243],[28.6101,44.17233],[28.61009,44.17227],[28.61009,44.17222],[28.6101,44.17207],[28.6101,44.17192],[28.61009,44.17177],[28.61009,44.17162],[28.61007,44.17154],[28.61007,44.17146],[28.61007,44.17141],[28.61004,44.17133],[28.61,44.17116],[28.60998,44.17098],[28.60988,44.17093],[28.60983,44.17088],[28.60982,44.17083],[28.60983,44.17078],[28.60988,44.17072],[28.60995,44.17068],[28.60995,44.17053],[28.60997,44.17045],[28.61,44.17037],[28.60997,44.17003],[28.60995,44.16977],[28.6099,44.1695],[28.60984,44.16921],[28.60977,44.16893],[28.60972,44.16878],[28.60966,44.16863],[28.60961,44.16848],[28.6095,44.16821],[28.60936,44.16792],[28.60929,44.16778],[28.60921,44.16765],[28.60908,44.16744],[28.60899,44.16731],[28.60891,44.16718],[28.60866,44.16684],[28.60843,44.16654],[28.60822,44.16628],[28.60812,44.16614],[28.60801,44.166],[28.60791,44.16588],[28.60776,44.16567],[28.60761,44.16547],[28.60728,44.16503],[28.60702,44.16468],[28.60671,44.16427],[28.60635,44.16381],[28.60597,44.16332],[28.6059,44.16323],[28.60549,44.16271],[28.6051,44.16219],[28.60497,44.16202],[28.60484,44.16185],[28.60468,44.16164],[28.60449,44.16144],[28.60434,44.1613],[28.60408,44.16096],[28.60377,44.16056],[28.6036,44.16036],[28.60345,44.16018],[28.60335,44.16007],[28.60321,44.15997],[28.60312,44.1599],[28.60303,44.15985],[28.60294,44.1598],[28.60279,44.15975],[28.60264,44.1597],[28.60249,44.15966],[28.60233,44.15965],[28.60217,44.15963],[28.60193,44.15964],[28.60184,44.15965],[28.60175,44.15967],[28.60145,44.1597],[28.60106,44.15977],[28.60062,44.15984],[28.60014,44.1599],[28.59971,44.15994],[28.59927,44.15997],[28.59883,44.15998],[28.59867,44.15998],[28.59851,44.15999],[28.59785,44.15998],[28.59751,44.15998],[28.59718,44.15995],[28.5968,44.15995],[28.59576,44.15984],[28.59498,44.15976],[28.59419,44.15968],[28.59382,44.15963],[28.59365,44.15961],[28.59342,44.15959],[28.59023,44.15926],[28.59002,44.15925],[28.58819,44.15904],[28.58793,44.15901],[28.58782,44.159],[28.58768,44.15898],[28.58717,44.15896],[28.58667,44.15888],[28.586,44.1588],[28.58606,44.15854],[28.5862,44.15842],[28.58644,44.15839],[28.58659,44.15844],[28.58669,44.15857],[28.58667,44.15882],[28.58735,44.1589]]},"properties":{"line":"102","dir":"1","mode":"bus"}},{"type":"Feature","geometry":{"type":"LineString","coordinates":[[28.63243,44.169],[28.63249,44.16894],[28.63275,44.16896],[28.63324,44.16917],[28.63335,44.16915],[28.63341,44.1691],[28.63357,44.1688],[28.63385,44.16824],[28.63423,44.16802],[28.63496,44.16771],[28.63499,44.16755],[28.63498,44.16741],[28.63488,44.16727],[28.6343,44.16683],[28.63395,44.1664],[28.63323,44.16501],[28.6332,44.16495],[28.63307,44.16471],[28.63294,44.16448],[28.63282,44.16425],[28.63276,44.16413],[28.6327,44.16402],[28.63267,44.16395],[28.63264,44.16387],[28.63257,44.16372],[28.6325,44.16356],[28.63248,44.16351],[28.63246,44.16346],[28.63237,44.1632],[28.63228,44.1629],[28.63222,44.16273],[28.63219,44.16263],[28.63211,44.16239],[28.63205,44.16218],[28.63199,44.16196],[28.63193,44.16171],[28.63187,44.16145],[28.63182,44.16116],[28.63177,44.16087],[28.63173,44.16058],[28.63169,44.16037],[28.63168,44.16032],[28.63167,44.16022],[28.63167,44.16012],[28.63166,44.15994],[28.63164,44.15974],[28.63162,44.15926],[28.63162,44.15897],[28.63161,44.15893],[28.6316,44.1585],[28.6315,44.15809],[28.63123,44.15759],[28.63237,44.15743],[28.63269,44.15813],[28.63301,44.15899],[28.63388,44.15975],[28.63437,44.1601],[28.63518,44.16047],[28.63606,44.16068],[28.63675,44.16077],[28.63766,44.16073],[28.63847,44.16062],[28.63869,44.16043],[28.63875,44.16025],[28.63866,44.16006],[28.63849,44.15992],[28.63819,44.15986],[28.63789,44.1599],[28.63755,44.16006],[28.63718,44.16048],[28.63712,44.16067],[28.6374,44.16228],[28.63752,44.16299],[28.63758,44.16328],[28.63768,44.16353],[28.6378,44.16389],[28.63811,44.16433],[28.63872,44.16488],[28.64002,44.16587],[28.64083,44.16646],[28.6416,44.16717],[28.64193,44.16735],[28.64235,44.16743],[28.64312,44.16738],[28.64461,44.16735],[28.64857,44.16696],[28.64901,44.16943],[28.64989,44.16936],[28.65005,44.17047],[28.65403,44.1714],[28.65616,44.17188],[28.65714,44.17194],[28.65813,44.16975],[28.65916,44.16992],[28.65924,44.16991],[28.65932,44.16994],[28.6595,44.16997],[28.6595,44.16981],[28.65948,44.16964],[28.65938,44.16937],[28.65929,44.16915],[28.65919,44.16888],[28.6591,44.16854],[28.65901,44.1682],[28.65887,44.16758],[28.65875,44.16692],[28.65863,44.16628],[28.65857,44.16591],[28.6585,44.16555],[28.6581,44.1633],[28.65799,44.16265],[28.65794,44.16232],[28.65792,44.16215],[28.65793,44.16206],[28.65793,44.16199],[28.65795,44.16193],[28.65786,44.16177],[28.65785,44.16171],[28.65784,44.16164],[28.65732,44.1617],[28.65718,44.16162],[28.65714,44.16125],[28.65771,44.16117],[28.65786,44.16118],[28.65786,44.16162],[28.65797,44.16208],[28.65861,44.16597],[28.65899,44.16793],[28.65923,44.16889],[28.65951,44.16967],[28.65945,44.17002],[28.65902,44.17003],[28.65896,44.16999],[28.65901,44.16992],[28.65908,44.16992],[28.65915,44.16993],[28.65953,44.16999],[28.6604,44.1703],[28.661,44.17053],[28.66125,44.17063],[28.66138,44.17078],[28.66221,44.17088],[28.66295,44.17098],[28.66307,44.17104],[28.66343,44.17117],[28.66446,44.17189],[28.66448,44.17205],[28.664,44.17278],[28.66408,44.17292],[28.66458,44.17311],[28.66468,44.17316],[28.66474,44.17326],[28.66462,44.17354],[28.66427,44.17404],[28.66418,44.17409],[28.66406,44.17411],[28.66399,44.17411],[28.66391,44.17409],[28.66377,44.17402],[28.66355,44.17384],[28.66316,44.17354],[28.66452,44.17352],[28.66459,44.17346],[28.66465,44.17338],[28.66468,44.17328],[28.66466,44.1732],[28.6646,44.17313],[28.66452,44.17309],[28.6643,44.17302],[28.66418,44.17299],[28.66412,44.17297],[28.66406,44.17294],[28.66401,44.17291],[28.66397,44.17287],[28.66395,44.17282],[28.66395,44.17272],[28.66401,44.17263],[28.66407,44.17254],[28.66421,44.17227],[28.66435,44.17199],[28.66433,44.17191],[28.66381,44.17153],[28.66324,44.17115],[28.66288,44.17104],[28.66209,44.17092],[28.66125,44.17078],[28.66125,44.17072],[28.66119,44.17066],[28.66059,44.17043],[28.66029,44.17031],[28.6601,44.17027],[28.65997,44.17029],[28.65987,44.17035],[28.65977,44.17043],[28.65957,44.1706],[28.65939,44.17084],[28.65935,44.17097],[28.65928,44.1711],[28.65917,44.17121],[28.65903,44.17139],[28.65881,44.17154],[28.65873,44.1716],[28.65867,44.17165],[28.65849,44.17186],[28.65828,44.17211],[28.65812,44.17232],[28.65793,44.17252],[28.65784,44.1726],[28.65774,44.17268],[28.65763,44.17277],[28.65754,44.17286],[28.65745,44.17292],[28.65737,44.17299],[28.65727,44.17308],[28.65716,44.17316],[28.65706,44.17323],[28.65695,44.17331],[28.65659,44.17352],[28.65629,44.17369],[28.6559,44.17388],[28.65577,44.17393],[28.65537,44.17409],[28.65501,44.17423],[28.65454,44.17439],[28.65405,44.17456],[28.65353,44.17475],[28.65318,44.17487],[28.65273,44.17503],[28.65249,44.17511],[28.65238,44.17514],[28.65229,44.17518],[28.65211,44.1753],[28.65172,44.17551],[28.65162,44.1758],[28.65258,44.17615],[28.65376,44.17669],[28.65526,44.17772],[28.65349,44.17939],[28.6525,44.18039],[28.64957,44.18288],[28.64905,44.18332],[28.64898,44.18338],[28.64883,44.1835],[28.6484,44.18385],[28.64809,44.18411],[28.64784,44.18432],[28.64766,44.18447],[28.64749,44.18462],[28.64718,44.18487],[28.64693,44.18508],[28.64668,44.1853],[28.6465,44.18545],[28.64672,44.18555],[28.64695,44.18566],[28.64718,44.18576],[28.64729,44.18581],[28.64751,44.18591],[28.64822,44.1862],[28.64864,44.18638],[28.64884,44.18646],[28.64904,44.18656],[28.64925,44.18668],[28.64936,44.18675],[28.64954,44.18688],[28.64971,44.187],[28.64983,44.18711],[28.64996,44.18722],[28.65004,44.18729],[28.65011,44.18736],[28.65025,44.18754],[28.65034,44.18768],[28.65042,44.18781],[28.6505,44.18795],[28.65057,44.18809],[28.6506,44.18819],[28.65064,44.18829],[28.65067,44.18839],[28.65071,44.18849],[28.65077,44.18867],[28.65081,44.18877],[28.65085,44.18886],[28.65097,44.18915],[28.65104,44.18936],[28.65106,44.18946],[28.65106,44.18951],[28.65107,44.18956],[28.65106,44.18962],[28.65105,44.1898],[28.651,44.19003],[28.65091,44.19039],[28.6508,44.19073],[28.65074,44.19093],[28.65046,44.19194],[28.65044,44.19199],[28.65029,44.19253],[28.65012,44.19307],[28.65009,44.19315],[28.64878,44.19612],[28.64656,44.20063],[28.64644,44.20093],[28.64617,44.20148],[28.64587,44.2021],[28.64559,44.20268],[28.6453,44.20326],[28.64504,44.2038],[28.64479,44.20433],[28.64468,44.20456],[28.64458,44.20478],[28.64453,44.2049],[28.64447,44.20502],[28.64434,44.2053],[28.64418,44.20558],[28.64406,44.20588],[28.64399,44.20606],[28.64393,44.20624],[28.64387,44.20642],[28.64382,44.2066],[28.64375,44.20688],[28.6437,44.20712],[28.64366,44.20737],[28.64362,44.20761],[28.64354,44.2081],[28.6435,44.20839],[28.64345,44.20868],[28.64342,44.2089],[28.6433,44.20966],[28.64324,44.21004],[28.64321,44.21023],[28.64318,44.21042],[28.64314,44.21067],[28.64312,44.21079],[28.64284,44.21299],[28.64255,44.21453],[28.6423,44.21517],[28.64225,44.21529],[28.6422,44.21539],[28.64205,44.21567],[28.64203,44.21574],[28.64195,44.21578],[28.64185,44.21587],[28.64161,44.21605],[28.64145,44.21618],[28.64138,44.21624],[28.64129,44.21632],[28.64107,44.21647],[28.64077,44.21663],[28.64052,44.21675],[28.64011,44.21691],[28.64,44.21696],[28.63937,44.21713],[28.63875,44.2173],[28.63849,44.21738],[28.63822,44.21746],[28.63796,44.21752],[28.63736,44.21767],[28.63676,44.21783],[28.63623,44.21795],[28.63569,44.21806],[28.63542,44.21812],[28.63513,44.21818],[28.63434,44.21835],[28.63389,44.21845],[28.63361,44.21851],[28.63311,44.21861],[28.63276,44.21869],[28.6318,44.21891],[28.63161,44.21897],[28.63138,44.21905],[28.63121,44.21912],[28.63104,44.21919],[28.63082,44.21931],[28.63065,44.21942],[28.6304,44.21956],[28.63019,44.21969],[28.62998,44.21989],[28.62991,44.21997],[28.62982,44.22006],[28.62975,44.22014],[28.62966,44.22025],[28.62947,44.22054],[28.62938,44.2207],[28.62927,44.22093],[28.6292,44.22115],[28.62915,44.22134],[28.62907,44.22181],[28.629,44.22228],[28.62899,44.22233],[28.62895,44.22259],[28.62894,44.22268],[28.62873,44.22383],[28.62865,44.2243],[28.6286,44.22462],[28.62853,44.22491],[28.62854,44.22498],[28.62849,44.22504],[28.62838,44.22518],[28.62831,44.22527],[28.62824,44.22535],[28.62815,44.22552],[28.62786,44.22605],[28.62757,44.22658],[28.62742,44.22685],[28.62738,44.22694],[28.62715,44.22743],[28.6271,44.22753],[28.62707,44.22761],[28.62704,44.22768],[28.62698,44.22783],[28.62688,44.22811],[28.62678,44.22839],[28.62657,44.22901],[28.62646,44.22927],[28.6263,44.22973],[28.62613,44.2302],[28.62606,44.2304],[28.626,44.23056],[28.62592,44.23078],[28.62581,44.23108],[28.62565,44.23148],[28.62548,44.23185],[28.62534,44.23213],[28.62531,44.23218],[28.62524,44.23233],[28.62518,44.23247],[28.62509,44.23266],[28.62499,44.23289],[28.62486,44.23317],[28.62476,44.23338],[28.6247,44.2335],[28.62468,44.23355],[28.6246,44.23372],[28.62434,44.23425],[28.62415,44.23463],[28.6241,44.23472],[28.62405,44.23482],[28.62399,44.2349],[28.62352,44.23561],[28.62348,44.23569],[28.62343,44.23578],[28.62339,44.23587],[28.62334,44.23596],[28.6233,44.23603],[28.62328,44.23611],[28.62309,44.23625],[28.62298,44.23635],[28.62286,44.23649],[28.62277,44.23661],[28.62267,44.23674],[28.62256,44.23689],[28.62244,44.23705],[28.62238,44.23714],[28.62231,44.23729],[28.62226,44.23739],[28.62223,44.23746],[28.62218,44.23761],[28.62211,44.23782],[28.62201,44.23815],[28.6219,44.23847],[28.62187,44.23858],[28.62179,44.23886],[28.6217,44.23915],[28.62148,44.23991],[28.62138,44.24028],[28.62128,44.24066],[28.62116,44.24109],[28.62105,44.24147],[28.62095,44.24186],[28.62079,44.24243],[28.62003,44.24524],[28.61995,44.24559],[28.61988,44.24595],[28.61977,44.24666],[28.61973,44.24702],[28.6197,44.24737],[28.61967,44.24773],[28.61965,44.24817],[28.61966,44.24828],[28.61969,44.24834],[28.61974,44.24841],[28.61973,44.24848],[28.61971,44.24854],[28.61962,44.24861],[28.61951,44.24911],[28.6195,44.24936],[28.61945,44.24979],[28.6194,44.25021],[28.61936,44.25063],[28.61932,44.25106],[28.61928,44.25149],[28.6191,44.2532],[28.61901,44.25406],[28.61895,44.25448],[28.61893,44.2547],[28.6189,44.25491],[28.61884,44.25552],[28.61877,44.25613],[28.6187,44.25674],[28.61866,44.25735],[28.61856,44.2583],[28.61859,44.25865],[28.61863,44.2587],[28.61863,44.25875],[28.61862,44.25879],[28.61859,44.25882],[28.61854,44.25885],[28.61847,44.25908],[28.61836,44.25979],[28.61836,44.25985],[28.61831,44.26036],[28.61831,44.26093],[28.61831,44.26149],[28.61831,44.26205],[28.61832,44.26317],[28.6183,44.26373],[28.6183,44.26393],[28.61831,44.26407],[28.61836,44.26429]]},"properties":{"line":"CiTy Tour","dir":"0","mode":"bus"}},{"type":"Feature","geometry":{"type":"LineString","coordinates":[[28.61837,44.26429],[28.61839,44.26441],[28.61846,44.26448],[28.61842,44.26459],[28.61831,44.26462],[28.61818,44.26456],[28.61815,44.26451],[28.61817,44.26445],[28.61817,44.26439],[28.61816,44.26425],[28.61816,44.2641],[28.61816,44.26381],[28.61815,44.26341],[28.61815,44.26302],[28.61815,44.26212],[28.61815,44.26168],[28.61815,44.26123],[28.61815,44.26066],[28.61816,44.26037],[28.61817,44.26007],[28.61823,44.25949],[28.61826,44.2592],[28.6183,44.25891],[28.61832,44.25872],[28.61836,44.25866],[28.61836,44.2586],[28.61836,44.25854],[28.61836,44.25839],[28.6184,44.258],[28.61844,44.25769],[28.6185,44.25718],[28.61854,44.25667],[28.61857,44.25641],[28.6186,44.25616],[28.61871,44.25514],[28.61877,44.25463],[28.61879,44.25438],[28.61886,44.25382],[28.61887,44.25371],[28.61892,44.25329],[28.61897,44.25287],[28.61902,44.25246],[28.61905,44.25225],[28.61908,44.25205],[28.61912,44.25163],[28.61919,44.25079],[28.61928,44.24995],[28.6193,44.24975],[28.61932,44.24954],[28.61933,44.24933],[28.61935,44.24912],[28.61938,44.24881],[28.61941,44.2485],[28.61939,44.24842],[28.61943,44.24823],[28.61948,44.24784],[28.61952,44.24745],[28.61959,44.24692],[28.61966,44.24639],[28.61974,44.24586],[28.61979,44.2456],[28.61986,44.24526],[28.62071,44.2421],[28.62116,44.24049],[28.62144,44.2395],[28.62186,44.2382],[28.62199,44.2378],[28.62206,44.23759],[28.62213,44.23741],[28.62215,44.23736],[28.62219,44.23726],[28.62223,44.23717],[28.62231,44.23702],[28.62281,44.23631],[28.62292,44.23616],[28.62302,44.23598],[28.62306,44.23593],[28.62317,44.23579],[28.62335,44.23557],[28.62344,44.23546],[28.62362,44.2352],[28.62374,44.23502],[28.62384,44.23485],[28.62409,44.23438],[28.62445,44.23367],[28.62452,44.23352],[28.62457,44.23341],[28.6246,44.23334],[28.62485,44.23284],[28.62515,44.23223],[28.62519,44.23214],[28.62564,44.23114],[28.6257,44.231],[28.62586,44.23054],[28.62592,44.23036],[28.62594,44.23029],[28.62599,44.23015],[28.6263,44.22929],[28.62645,44.22885],[28.62661,44.22841],[28.62667,44.22825],[28.62681,44.22786],[28.6269,44.22764],[28.62704,44.2273],[28.62724,44.22689],[28.62742,44.22655],[28.62757,44.22626],[28.62772,44.22598],[28.62807,44.22534],[28.62813,44.22524],[28.62822,44.22506],[28.62825,44.22498],[28.62827,44.22493],[28.62831,44.22487],[28.62834,44.22478],[28.62841,44.22461],[28.6285,44.22421],[28.62859,44.22382],[28.62868,44.22326],[28.62877,44.22267],[28.62879,44.22259],[28.62881,44.22244],[28.62884,44.22227],[28.62888,44.22199],[28.62905,44.22133],[28.6291,44.22113],[28.62917,44.22092],[28.62928,44.22067],[28.62936,44.22051],[28.62947,44.2203],[28.62988,44.21962],[28.62995,44.2195],[28.62999,44.21938],[28.63,44.21923],[28.63,44.21915],[28.62999,44.21908],[28.63008,44.21897],[28.63033,44.2189],[28.63055,44.2189],[28.63069,44.21892],[28.63085,44.21892],[28.63104,44.21891],[28.63121,44.21888],[28.63148,44.21882],[28.63178,44.21875],[28.63209,44.21869],[28.63308,44.21849],[28.63355,44.21839],[28.63371,44.21834],[28.63389,44.2183],[28.63406,44.21826],[28.63425,44.21822],[28.63449,44.21817],[28.63508,44.21804],[28.6352,44.21801],[28.63536,44.21798],[28.63549,44.21795],[28.63562,44.21792],[28.63611,44.21781],[28.63671,44.21768],[28.637,44.21761],[28.63729,44.21754],[28.63791,44.21738],[28.63814,44.21732],[28.63883,44.2171],[28.63937,44.21693],[28.63981,44.21679],[28.63997,44.21674],[28.64024,44.21665],[28.64039,44.2166],[28.64045,44.21657],[28.64052,44.21654],[28.6407,44.21644],[28.64084,44.21637],[28.64097,44.21629],[28.64121,44.21612],[28.64131,44.21605],[28.64166,44.21578],[28.64184,44.21561],[28.64188,44.21557],[28.64197,44.21542],[28.64197,44.21536],[28.64196,44.21521],[28.64202,44.21505],[28.64227,44.21485],[28.64292,44.21077],[28.64298,44.2104],[28.64303,44.21002],[28.64309,44.20966],[28.64315,44.20929],[28.64321,44.20892],[28.64329,44.20844],[28.64336,44.20797],[28.64345,44.20739],[28.6435,44.2071],[28.64356,44.20682],[28.64365,44.20649],[28.64375,44.20617],[28.64384,44.20594],[28.64385,44.20592],[28.64404,44.20546],[28.64413,44.20526],[28.64427,44.20496],[28.64433,44.20483],[28.64439,44.20473],[28.6446,44.20429],[28.64486,44.20376],[28.64512,44.20322],[28.6454,44.20263],[28.64566,44.2021],[28.64579,44.20181],[28.64597,44.20143],[28.64624,44.2009],[28.64637,44.20064],[28.64649,44.20038],[28.6466,44.20015],[28.64666,44.20003],[28.64667,44.19997],[28.64669,44.19992],[28.64683,44.19965],[28.64697,44.19937],[28.647,44.19931],[28.64709,44.19914],[28.64717,44.19896],[28.64725,44.19878],[28.6473,44.19869],[28.64734,44.1986],[28.64751,44.19823],[28.64775,44.19773],[28.64797,44.1973],[28.64807,44.19709],[28.64817,44.19689],[28.64821,44.19682],[28.64825,44.19672],[28.64846,44.19627],[28.64869,44.19579],[28.6489,44.19537],[28.64912,44.19491],[28.64915,44.19485],[28.64934,44.19444],[28.64956,44.19398],[28.64967,44.19372],[28.64977,44.19348],[28.64994,44.19297],[28.65002,44.19269],[28.6501,44.1924],[28.65018,44.19212],[28.65025,44.19184],[28.65039,44.1914],[28.65054,44.19091],[28.65062,44.19068],[28.65072,44.19029],[28.65079,44.19],[28.65082,44.18986],[28.65082,44.18981],[28.65082,44.18969],[28.65082,44.18962],[28.65082,44.18955],[28.65081,44.18942],[28.65079,44.18929],[28.65071,44.18905],[28.65065,44.18889],[28.6506,44.18876],[28.65055,44.18861],[28.65045,44.18838],[28.65036,44.18814],[28.65022,44.18788],[28.65004,44.18762],[28.64992,44.18747],[28.64979,44.18732],[28.64954,44.1871],[28.64926,44.18689],[28.64912,44.1868],[28.64897,44.18671],[28.6487,44.18658],[28.64799,44.1863],[28.6466,44.18567],[28.64548,44.18491],[28.64671,44.18361],[28.65001,44.18029],[28.65173,44.17857],[28.64978,44.17762],[28.64951,44.17749],[28.64908,44.17728],[28.64898,44.17723],[28.64874,44.17711],[28.64861,44.17704],[28.64812,44.1768],[28.64725,44.17638],[28.64622,44.17588],[28.64581,44.17568],[28.64472,44.17513],[28.64425,44.17491],[28.64408,44.17482],[28.64391,44.17474],[28.64324,44.17442],[28.64257,44.17408],[28.64222,44.17391],[28.64216,44.17387],[28.64167,44.1735],[28.64142,44.1733],[28.64094,44.17294],[28.64086,44.17288],[28.64066,44.17273],[28.64045,44.17257],[28.63977,44.17207],[28.63878,44.17128],[28.63837,44.17095],[28.63793,44.1707],[28.63722,44.17041],[28.63333,44.16927],[28.63291,44.16922],[28.6324,44.16908],[28.63242,44.169]]},"properties":{"line":"CiTy Tour","dir":"1","mode":"bus"}}]}