{"type":"FeatureCollection","features":[{"type":"Feature","geometry":{"type":"Point","coordinates":[28.602885,44.151719]},"properties":{"lines":"1, 5-40, 5b","color":"#0059a9","mode":"bus","arr":["1","5-40","5b"],"angle":-42.3}},{"type":"Feature","geometry":{"type":"Point","coordinates":[28.607519,44.155204]},"properties":{"lines":"1","color":"#0059a9","mode":"bus","arr":["1"],"angle":-47}},{"type":"Feature","geometry":{"type":"Point","coordinates":[28.604483,44.152867]},"properties":{"lines":"1","color":"#0059a9","mode":"bus","arr":["1"],"angle":-47,"extra":1,"ei":0}},{"type":"Feature","geometry":{"type":"Point","coordinates":[28.606277,44.154249]},"properties":{"lines":"1","color":"#0059a9","mode":"bus","arr":["1"],"angle":-47,"extra":1,"ei":1}},{"type":"Feature","geometry":{"type":"Point","coordinates":[28.609866,44.157012]},"properties":{"lines":"1","color":"#0059a9","mode":"bus","arr":["1"],"angle":-47,"extra":1,"ei":2}},{"type":"Feature","geometry":{"type":"Point","coordinates":[28.608288,44.160178]},"properties":{"lines":"1, 13, 101, 101M","color":"#0059a9","mode":"bus","arr":["1","13","101","101M"],"angle":34.5}},{"type":"Feature","geometry":{"type":"Point","coordinates":[28.605967,44.161321]},"properties":{"lines":"1, 13, 101, 101M","color":"#0059a9","mode":"bus","arr":["1","13","101","101M"],"angle":34.5,"extra":1,"ei":0}},{"type":"Feature","geometry":{"type":"Point","coordinates":[28.610308,44.159185]},"properties":{"lines":"1, 13, 101, 101M","color":"#0059a9","mode":"bus","arr":["1","13","101","101M"],"angle":34.3,"extra":1,"ei":1}},{"type":"Feature","geometry":{"type":"Point","coordinates":[28.601506,44.163523]},"properties":{"lines":"1, 101, 101M","color":"#0059a9","mode":"bus","arr":["1","101","101M"],"angle":34.5}},{"type":"Feature","geometry":{"type":"Point","coordinates":[28.603798,44.162391]},"properties":{"lines":"1, 101, 101M","color":"#0059a9","mode":"bus","arr":["1","101","101M"],"angle":34.5,"extra":1,"ei":0}},{"type":"Feature","geometry":{"type":"Point","coordinates":[28.599461,44.164533]},"properties":{"lines":"1, 101, 101M","color":"#0059a9","mode":"bus","arr":["1","101","101M"],"angle":34.6,"extra":1,"ei":1}},{"type":"Feature","geometry":{"type":"Point","coordinates":[28.59502,44.171082]},"properties":{"lines":"1, 101M","color":"#0059a9","mode":"bus","arr":["1","101M"],"angle":-50.9,"mi":2}},{"type":"Feature","geometry":{"type":"Point","coordinates":[28.598459,44.183876]},"properties":{"lines":"1, 101M","color":"#0059a9","mode":"bus","arr":["1","101M"],"angle":-71.9,"side":-1,"mi":5}},{"type":"Feature","geometry":{"type":"Point","coordinates":[28.59493,44.175902]},"properties":{"lines":"1, 101M","color":"#0059a9","mode":"bus","arr":["1","101M"],"angle":-78.5}},{"type":"Feature","geometry":{"type":"Point","coordinates":[28.594847,44.172505]},"properties":{"lines":"1, 101M","color":"#0059a9","mode":"bus","arr":["1","101M"],"angle":81.5,"mi":1}},{"type":"Feature","geometry":{"type":"Point","coordinates":[28.597575,44.165488]},"properties":{"lines":"1, 101M","color":"#0059a9","mode":"bus","arr":["1","101M"],"angle":35.5,"mi":4}},{"type":"Feature","geometry":{"type":"Point","coordinates":[28.595664,44.177802]},"properties":{"lines":"1, 101M","color":"#0059a9","mode":"bus","arr":["1","101M"],"angle":-72.1,"extra":1,"ei":0}},{"type":"Feature","geometry":{"type":"Point","coordinates":[28.594654,44.174111]},"properties":{"lines":"1, 101M","color":"#0059a9","mode":"bus","arr":["1","101M"],"angle":-89.3,"extra":1,"ei":1}},{"type":"Feature","geometry":{"type":"Point","coordinates":[28.596566,44.179722]},"properties":{"lines":"1, 101M","color":"#0059a9","mode":"bus","arr":["1","101M"],"angle":-72.2,"extra":1,"ei":0,"side":-1}},{"type":"Feature","geometry":{"type":"Point","coordinates":[28.597384,44.181517]},"properties":{"lines":"1, 101M","color":"#0059a9","mode":"bus","arr":["1","101M"],"angle":-71.9,"extra":1,"ei":1,"side":-1}},{"type":"Feature","geometry":{"type":"Point","coordinates":[28.599019,44.185107]},"properties":{"lines":"1, 101M","color":"#0059a9","mode":"bus","arr":["1","101M"],"angle":-71.9,"extra":1,"ei":2,"side":-1}},{"type":"Feature","geometry":{"type":"Point","coordinates":[28.599837,44.186902]},"properties":{"lines":"1, 101M","color":"#0059a9","mode":"bus","arr":["1","101M"],"angle":-71.9,"extra":1,"ei":3,"side":-1}},{"type":"Feature","geometry":{"type":"Point","coordinates":[28.600646,44.188699]},"properties":{"lines":"1, 101M","color":"#0059a9","mode":"bus","arr":["1","101M"],"angle":-76.2,"extra":1,"ei":4,"side":-1}},{"type":"Feature","geometry":{"type":"Point","coordinates":[28.596096,44.166449]},"properties":{"lines":"1, 101M","color":"#0059a9","mode":"bus","arr":["1","101M"],"angle":53.5,"extra":1,"ei":0}},{"type":"Feature","geometry":{"type":"Point","coordinates":[28.595428,44.168242]},"properties":{"lines":"1, 101M","color":"#0059a9","mode":"bus","arr":["1","101M"],"angle":85.7,"extra":1,"ei":1}},{"type":"Feature","geometry":{"type":"Point","coordinates":[28.601756,44.190988]},"properties":{"lines":"1, 3b, 101M","color":"#0059a9","mode":"bus","arr":["1","3b","101M"],"angle":-70.2,"side":-1}},{"type":"Feature","geometry":{"type":"Point","coordinates":[28.606121,44.199]},"properties":{"lines":"1, 3b, 44, 101M","color":"#0059a9","mode":"bus","arr":["1","3b","44","101M"],"angle":-53,"mi":1}},{"type":"Feature","geometry":{"type":"Point","coordinates":[28.603651,44.194712]},"properties":{"lines":"1, 3b, 44, 101M","color":"#0059a9","mode":"bus","arr":["1","3b","44","101M"],"angle":-69.3,"mi":2}},{"type":"Feature","geometry":{"type":"Point","coordinates":[28.607594,44.200465]},"properties":{"lines":"1, 3b, 44, 101M","color":"#0059a9","mode":"bus","arr":["1","3b","44","101M"],"angle":-53.9,"extra":1,"ei":0}},{"type":"Feature","geometry":{"type":"Point","coordinates":[28.604981,44.197219]},"properties":{"lines":"1, 3b, 44, 101M","color":"#0059a9","mode":"bus","arr":["1","3b","44","101M"],"angle":-68.7,"extra":1,"ei":1}},{"type":"Feature","geometry":{"type":"Point","coordinates":[28.60944,44.202244]},"properties":{"lines":"1, 3b, 14, 43M, 44","color":"#0059a9","mode":"bus","arr":["1","3b","14","43M","44"],"angle":-53.1}},{"type":"Feature","geometry":{"type":"Point","coordinates":[28.612745,44.205407]},"properties":{"lines":"1, 3b, 43M","color":"#0059a9","mode":"bus","arr":["1","3b","43M"],"angle":-53.5,"side":-1,"mi":1}},{"type":"Feature","geometry":{"type":"Point","coordinates":[28.611288,44.203986]},"properties":{"lines":"1, 3b, 43M","color":"#0059a9","mode":"bus","arr":["1","3b","43M"],"angle":-53.7,"extra":1,"ei":0,"side":-1}},{"type":"Feature","geometry":{"type":"Point","coordinates":[28.614335,44.207063]},"properties":{"lines":"1, 3b, 43M","color":"#0059a9","mode":"bus","arr":["1","3b","43M"],"angle":-57.1,"extra":1,"ei":1,"side":-1}},{"type":"Feature","geometry":{"type":"Point","coordinates":[28.615406,44.207633]},"properties":{"lines":"1, 3b, 43M","color":"#0059a9","mode":"bus","arr":["1","3b","43M"],"angle":1.3,"side":-1}},{"type":"Feature","geometry":{"type":"Point","coordinates":[28.619096,44.205436]},"properties":{"lines":"1, 3, 3b, 43C, 43M","color":"#0059a9","mode":"bus","arr":["1","3","3b","43C","43M"],"angle":42.3}},{"type":"Feature","geometry":{"type":"Point","coordinates":[28.621868,44.203657]},"properties":{"lines":"1, 3, 3b, 43C, 43M","color":"#0059a9","mode":"bus","arr":["1","3","3b","43C","43M"],"angle":41.1,"extra":1,"ei":0}},{"type":"Feature","geometry":{"type":"Point","coordinates":[28.616019,44.207461]},"properties":{"lines":"1, 3, 3b, 43C, 43M","color":"#0059a9","mode":"bus","arr":["1","3","3b","43C","43M"],"angle":49.4,"extra":1,"ei":1}},{"type":"Feature","geometry":{"type":"Point","coordinates":[28.62363,44.203688]},"properties":{"lines":"1, 2-43, 3b, 42","color":"#0059a9","mode":"bus","arr":["1","2-43","3b","42"],"angle":-56.4}},{"type":"Feature","geometry":{"type":"Point","coordinates":[28.626133,44.20778]},"properties":{"lines":"1, 3","color":"#0059a9","mode":"bus","arr":["1","3"],"angle":-70.7}},{"type":"Feature","geometry":{"type":"Point","coordinates":[28.624938,44.205434]},"properties":{"lines":"1, 3","color":"#0059a9","mode":"bus","arr":["1","3"],"angle":-63.7,"extra":1,"ei":0}},{"type":"Feature","geometry":{"type":"Point","coordinates":[28.626713,44.208988]},"properties":{"lines":"1, 3","color":"#0059a9","mode":"bus","arr":["1","3"],"angle":-71.1,"extra":1,"ei":1}},{"type":"Feature","geometry":{"type":"Point","coordinates":[28.628326,44.210252]},"properties":{"lines":"1, 3","color":"#0059a9","mode":"bus","arr":["1","3"],"angle":-6.6,"extra":1,"ei":2}},{"type":"Feature","geometry":{"type":"Point","coordinates":[28.629334,44.206524]},"properties":{"lines":"1, 3, 13, 100C, 100M","color":"#0059a9","mode":"bus","arr":["1","3","13","100C","100M"],"angle":81.9,"side":-1}},{"type":"Feature","geometry":{"type":"Point","coordinates":[28.628843,44.209343]},"properties":{"lines":"1, 3, 13, 100C, 100M","color":"#0059a9","mode":"bus","arr":["1","3","13","100C","100M"],"angle":84,"extra":1,"ei":0,"side":-1}},{"type":"Feature","geometry":{"type":"Point","coordinates":[28.630007,44.203742]},"properties":{"lines":"1, 3, 13, 100C, 100M","color":"#0059a9","mode":"bus","arr":["1","3","13","100C","100M"],"angle":79.8,"extra":1,"ei":1,"side":-1}},{"type":"Feature","geometry":{"type":"Point","coordinates":[28.630182,44.20255]},"properties":{"lines":"1, 3, 13","color":"#0059a9","mode":"bus","arr":["1","3","13"],"angle":-68.8}},{"type":"Feature","geometry":{"type":"Point","coordinates":[28.627732,44.201201]},"properties":{"lines":"1, 3, 13, 102","color":"#0059a9","mode":"bus","arr":["1","3","13","102"],"angle":-44}},{"type":"Feature","geometry":{"type":"Point","coordinates":[28.629464,44.202177]},"properties":{"lines":"1, 3, 13, 102","color":"#0059a9","mode":"bus","arr":["1","3","13","102"],"angle":-25.3,"mi":1}},{"type":"Feature","geometry":{"type":"Point","coordinates":[28.624771,44.201731]},"properties":{"lines":"1, 2-43, 3, 42, 43C, 43M","color":"#0059a9","mode":"bus","arr":["1","2-43","3","42","43C","43M"],"angle":42.9}},{"type":"Feature","geometry":{"type":"Point","coordinates":[28.612903,44.20565]},"properties":{"lines":"1, 3b, 14, 43M","color":"#0059a9","mode":"bus","arr":["1","3b","14","43M"],"angle":-53.6}},{"type":"Feature","geometry":{"type":"Point","coordinates":[28.614459,44.207359]},"properties":{"lines":"1, 3b, 14, 43M","color":"#0059a9","mode":"bus","arr":["1","3b","14","43M"],"angle":-52,"extra":1,"ei":0}},{"type":"Feature","geometry":{"type":"Point","coordinates":[28.611477,44.204252]},"properties":{"lines":"1, 3b, 14, 43M","color":"#0059a9","mode":"bus","arr":["1","3b","14","43M"],"angle":-53.9,"extra":1,"ei":1}},{"type":"Feature","geometry":{"type":"Point","coordinates":[28.604945,44.197626]},"properties":{"lines":"1, 3b, 44, 101M","color":"#0059a9","mode":"bus","arr":["1","3b","44","101M"],"angle":-59.8}},{"type":"Feature","geometry":{"type":"Point","coordinates":[28.601911,44.191669]},"properties":{"lines":"1, 3b, 101M","color":"#0059a9","mode":"bus","arr":["1","3b","101M"],"angle":-56.4,"mi":2}},{"type":"Feature","geometry":{"type":"Point","coordinates":[28.601333,44.190494]},"properties":{"lines":"1, 3b, 101M","color":"#0059a9","mode":"bus","arr":["1","3b","101M"],"angle":-74.9,"mi":1}},{"type":"Feature","geometry":{"type":"Point","coordinates":[28.601687,44.191215]},"properties":{"lines":"1","color":"#0059a9","mode":"bus","arr":["1"],"angle":-70.5}},{"type":"Feature","geometry":{"type":"Point","coordinates":[28.596017,44.178775]},"properties":{"lines":"1, 101M","color":"#0059a9","mode":"bus","arr":["1","101M"],"angle":-73.3,"mi":3}},{"type":"Feature","geometry":{"type":"Point","coordinates":[28.596479,44.1599]},"properties":{"lines":"14, 101, 102","color":"#0059a9","mode":"bus","arr":["14","101","102"],"angle":-7.8}},{"type":"Feature","geometry":{"type":"Point","coordinates":[28.603995,44.160746]},"properties":{"lines":"14, 101, 102","color":"#0059a9","mode":"bus","arr":["14","101","102"],"angle":-60.5,"extra":1,"ei":0}},{"type":"Feature","geometry":{"type":"Point","coordinates":[28.602127,44.159601]},"properties":{"lines":"14, 101, 102","color":"#0059a9","mode":"bus","arr":["14","101","102"],"angle":2.8,"extra":1,"ei":1}},{"type":"Feature","geometry":{"type":"Point","coordinates":[28.599546,44.159964]},"properties":{"lines":"14, 101, 102","color":"#0059a9","mode":"bus","arr":["14","101","102"],"angle":6.4,"extra":1,"ei":2}},{"type":"Feature","geometry":{"type":"Point","coordinates":[28.594316,44.15967]},"properties":{"lines":"14, 101, 102","color":"#0059a9","mode":"bus","arr":["14","101","102"],"angle":-8.6,"extra":1,"ei":3}},{"type":"Feature","geometry":{"type":"Point","coordinates":[28.591712,44.159392]},"properties":{"lines":"14, 101, 102","color":"#0059a9","mode":"bus","arr":["14","101","102"],"angle":-8.5,"extra":1,"ei":4}},{"type":"Feature","geometry":{"type":"Point","coordinates":[28.589108,44.159118]},"properties":{"lines":"14, 101, 102","color":"#0059a9","mode":"bus","arr":["14","101","102"],"angle":-8.5,"extra":1,"ei":5}},{"type":"Feature","geometry":{"type":"Point","coordinates":[28.624133,44.210954]},"properties":{"lines":"2-43, 3, 3b, 42","color":"#0059a9","mode":"bus","arr":["2-43","3","3b","42"],"angle":35.7,"mi":2}},{"type":"Feature","geometry":{"type":"Point","coordinates":[28.619813,44.207849]},"properties":{"lines":"2-43, 3, 3b, 42","color":"#0059a9","mode":"bus","arr":["2-43","3","3b","42"],"angle":79.8,"mi":1}},{"type":"Feature","geometry":{"type":"Point","coordinates":[28.622464,44.210755]},"properties":{"lines":"2-43, 3, 3b, 42","color":"#0059a9","mode":"bus","arr":["2-43","3","3b","42"],"angle":-44,"extra":1,"ei":0}},{"type":"Feature","geometry":{"type":"Point","coordinates":[28.620635,44.209398]},"properties":{"lines":"2-43, 3, 3b, 42","color":"#0059a9","mode":"bus","arr":["2-43","3","3b","42"],"angle":-49.8,"extra":1,"ei":1}},{"type":"Feature","geometry":{"type":"Point","coordinates":[28.621602,44.206308]},"properties":{"lines":"2-43, 3, 3b, 42","color":"#0059a9","mode":"bus","arr":["2-43","3","3b","42"],"angle":43.3,"extra":1,"ei":2}},{"type":"Feature","geometry":{"type":"Point","coordinates":[28.623537,44.205029]},"properties":{"lines":"2-43, 3, 3b, 42","color":"#0059a9","mode":"bus","arr":["2-43","3","3b","42"],"angle":43.5,"extra":1,"ei":3}},{"type":"Feature","geometry":{"type":"Point","coordinates":[28.632453,44.196667]},"properties":{"lines":"2-43, 42, 43C, 43M","color":"#0059a9","mode":"bus","arr":["2-43","42","43C","43M"],"angle":42.7}},{"type":"Feature","geometry":{"type":"Point","coordinates":[28.641532,44.189303]},"properties":{"lines":"2-43, 42, 43C, 43M","color":"#0059a9","mode":"bus","arr":["2-43","42","43C","43M"],"angle":58.1}},{"type":"Feature","geometry":{"type":"Point","coordinates":[28.627819,44.199716]},"properties":{"lines":"2-43, 42, 43C, 43M","color":"#0059a9","mode":"bus","arr":["2-43","42","43C","43M"],"angle":42.1,"extra":1,"ei":0}},{"type":"Feature","geometry":{"type":"Point","coordinates":[28.62976,44.19844]},"properties":{"lines":"2-43, 42, 43C, 43M","color":"#0059a9","mode":"bus","arr":["2-43","42","43C","43M"],"angle":42.9,"extra":1,"ei":1}},{"type":"Feature","geometry":{"type":"Point","coordinates":[28.635621,44.194644]},"properties":{"lines":"2-43, 42, 43C, 43M","color":"#0059a9","mode":"bus","arr":["2-43","42","43C","43M"],"angle":41.7,"extra":1,"ei":2}},{"type":"Feature","geometry":{"type":"Point","coordinates":[28.637563,44.193369]},"properties":{"lines":"2-43, 42, 43C, 43M","color":"#0059a9","mode":"bus","arr":["2-43","42","43C","43M"],"angle":43.3,"extra":1,"ei":3}},{"type":"Feature","geometry":{"type":"Point","coordinates":[28.644751,44.185672]},"properties":{"lines":"2-43, 42, 43C, 43M","color":"#0059a9","mode":"bus","arr":["2-43","42","43C","43M"],"angle":54.7,"extra":1,"ei":0}},{"type":"Feature","geometry":{"type":"Point","coordinates":[28.643301,44.187248]},"properties":{"lines":"2-43, 42, 43C, 43M","color":"#0059a9","mode":"bus","arr":["2-43","42","43C","43M"],"angle":57.3,"extra":1,"ei":1}},{"type":"Feature","geometry":{"type":"Point","coordinates":[28.640531,44.19046]},"properties":{"lines":"2-43, 42, 43C, 43M","color":"#0059a9","mode":"bus","arr":["2-43","42","43C","43M"],"angle":58.1,"extra":1,"ei":2}},{"type":"Feature","geometry":{"type":"Point","coordinates":[28.639137,44.192062]},"properties":{"lines":"2-43, 42, 43C, 43M","color":"#0059a9","mode":"bus","arr":["2-43","42","43C","43M"],"angle":55.4,"extra":1,"ei":3}},{"type":"Feature","geometry":{"type":"Point","coordinates":[28.648643,44.181735]},"properties":{"lines":"2-43, 5-40, 43C, 43M, CiTy Tour","color":"#0059a9","mode":"bus","arr":["2-43","5-40","43C","43M","CiTy Tour"],"angle":54.5}},{"type":"Feature","geometry":{"type":"Point","coordinates":[28.646266,44.184129]},"properties":{"lines":"2-43, 5-40, 43C, 43M, CiTy Tour","color":"#0059a9","mode":"bus","arr":["2-43","5-40","43C","43M","CiTy Tour"],"angle":55.4,"extra":1,"ei":0}},{"type":"Feature","geometry":{"type":"Point","coordinates":[28.650832,44.179506]},"properties":{"lines":"2-43, 5-40, 43C, 43M, CiTy Tour","color":"#0059a9","mode":"bus","arr":["2-43","5-40","43C","43M","CiTy Tour"],"angle":54.8,"extra":1,"ei":1}},{"type":"Feature","geometry":{"type":"Point","coordinates":[28.649961,44.177677]},"properties":{"lines":"2-43, 5-40, 43C, 43M, CiTy Tour","color":"#0059a9","mode":"bus","arr":["2-43","5-40","43C","43M","CiTy Tour"],"angle":-34.4,"mi":2}},{"type":"Feature","geometry":{"type":"Point","coordinates":[28.648499,44.176959]},"properties":{"lines":"2-43, 5-40, 43C, 43M, CiTy Tour","color":"#0059a9","mode":"bus","arr":["2-43","5-40","43C","43M","CiTy Tour"],"angle":-34.3,"extra":1,"ei":0}},{"type":"Feature","geometry":{"type":"Point","coordinates":[28.64409,44.174795]},"properties":{"lines":"2-43, 5-40, 43C, 43M, 48, 101, CiTy Tour","color":"#0059a9","mode":"bus","arr":["2-43","5-40","43C","43M","48","101","CiTy Tour"],"angle":-34.4}},{"type":"Feature","geometry":{"type":"Point","coordinates":[28.64696,44.176204]},"properties":{"lines":"2-43, 5-40, 43C, 43M, 48, 101, CiTy Tour","color":"#0059a9","mode":"bus","arr":["2-43","5-40","43C","43M","48","101","CiTy Tour"],"angle":-34.4,"extra":1,"ei":0}},{"type":"Feature","geometry":{"type":"Point","coordinates":[28.642614,44.174071]},"properties":{"lines":"2-43, 5-40, 43C, 43M, 48, 101, CiTy Tour","color":"#0059a9","mode":"bus","arr":["2-43","5-40","43C","43M","48","101","CiTy Tour"],"angle":-34.5,"extra":1,"ei":1}},{"type":"Feature","geometry":{"type":"Point","coordinates":[28.640734,44.172758]},"properties":{"lines":"2-43, 5-40, 43C, 43M, 48, 101, CiTy Tour","color":"#0059a9","mode":"bus","arr":["2-43","5-40","43C","43M","48","101","CiTy Tour"],"angle":-47.1,"extra":1,"ei":2,"side":-1}},{"type":"Feature","geometry":{"type":"Point","coordinates":[28.638934,44.171369]},"properties":{"lines":"2-43, 5-40, 43C, 43M, 101, CiTy Tour","color":"#0059a9","mode":"bus","arr":["2-43","5-40","43C","43M","101","CiTy Tour"],"angle":-47}},{"type":"Feature","geometry":{"type":"Point","coordinates":[28.637703,44.170558]},"properties":{"lines":"2-43, 5-40, 43C, 43M, 101, CiTy Tour","color":"#0059a9","mode":"bus","arr":["2-43","5-40","43C","43M","101","CiTy Tour"],"angle":-31.8,"extra":1,"ei":0}},{"type":"Feature","geometry":{"type":"Point","coordinates":[28.635288,44.169803]},"properties":{"lines":"2-43, 5-40, 43C, 43M, 100C, 101, CiTy Tour","color":"#0059a9","mode":"bus","arr":["2-43","5-40","43C","43M","100C","101","CiTy Tour"],"angle":-22.2}},{"type":"Feature","geometry":{"type":"Point","coordinates":[28.633527,44.169285]},"properties":{"lines":"2-43, 5-40, 43C, 43M, 100C, 101, CiTy Tour","color":"#0059a9","mode":"bus","arr":["2-43","5-40","43C","43M","100C","101","CiTy Tour"],"angle":-22.4,"extra":1,"ei":0}},{"type":"Feature","geometry":{"type":"Point","coordinates":[28.633539,44.168997]},"properties":{"lines":"2-43, 5-40, 5b, 100M, 101, CiTy Tour","color":"#0059a9","mode":"bus","arr":["2-43","5-40","5b","100M","101","CiTy Tour"],"angle":68,"side":-1}},{"type":"Feature","geometry":{"type":"Point","coordinates":[28.633953,44.168285]},"properties":{"lines":"2-43, 5-40, 5b, 100M, 101, 101M, CiTy Tour","color":"#0059a9","mode":"bus","arr":["2-43","5-40","5b","100M","101","101M","CiTy Tour"],"angle":55.9}},{"type":"Feature","geometry":{"type":"Point","coordinates":[28.634735,44.167849]},"properties":{"lines":"2-43, 5-40, 5b, 100M, CiTy Tour","color":"#0059a9","mode":"bus","arr":["2-43","5-40","5b","100M","CiTy Tour"],"angle":29.9}},{"type":"Feature","geometry":{"type":"Point","coordinates":[28.635007,44.167482]},"properties":{"lines":"2-43, 5-40, 5b, CiTy Tour","color":"#0059a9","mode":"bus","arr":["2-43","5-40","5b","CiTy Tour"],"angle":-78.9}},{"type":"Feature","geometry":{"type":"Point","coordinates":[28.632177,44.162586]},"properties":{"lines":"2-43, 5-40, 5b, CiTy Tour","color":"#0059a9","mode":"bus","arr":["2-43","5-40","5b","CiTy Tour"],"angle":-77.7,"mi":1}},{"type":"Feature","geometry":{"type":"Point","coordinates":[28.63408,44.166496]},"properties":{"lines":"2-43, 5-40, 5b, CiTy Tour","color":"#0059a9","mode":"bus","arr":["2-43","5-40","5b","CiTy Tour"],"angle":-65.5,"extra":1,"ei":0}},{"type":"Feature","geometry":{"type":"Point","coordinates":[28.633074,44.16475]},"properties":{"lines":"2-43, 5-40, 5b, CiTy Tour","color":"#0059a9","mode":"bus","arr":["2-43","5-40","5b","CiTy Tour"],"angle":-68,"extra":1,"ei":1}},{"type":"Feature","geometry":{"type":"Point","coordinates":[28.631806,44.161095]},"properties":{"lines":"2-43, 5-40, 5b, CiTy Tour","color":"#0059a9","mode":"bus","arr":["2-43","5-40","5b","CiTy Tour"],"angle":-83,"extra":1,"ei":2}},{"type":"Feature","geometry":{"type":"Point","coordinates":[28.631627,44.159212]},"properties":{"lines":"2-43, 5-40, 5b, CiTy Tour","color":"#0059a9","mode":"bus","arr":["2-43","5-40","5b","CiTy Tour"],"angle":-88,"extra":1,"ei":3}},{"type":"Feature","geometry":{"type":"Point","coordinates":[28.631806,44.157499]},"properties":{"lines":"2-43, CiTy Tour","color":"#0059a9","mode":"bus","arr":["2-43","CiTy Tour"],"angle":11.3}},{"type":"Feature","geometry":{"type":"Point","coordinates":[28.630199,44.152455]},"properties":{"lines":"2-43","color":"#0059a9","mode":"bus","arr":["2-43"],"angle":-70.1,"mi":2}},{"type":"Feature","geometry":{"type":"Point","coordinates":[28.631829,44.156536]},"properties":{"lines":"2-43","color":"#0059a9","mode":"bus","arr":["2-43"],"angle":-64.7,"extra":1,"ei":0}},{"type":"Feature","geometry":{"type":"Point","coordinates":[28.631178,44.154719]},"properties":{"lines":"2-43","color":"#0059a9","mode":"bus","arr":["2-43"],"angle":-77,"extra":1,"ei":1}},{"type":"Feature","geometry":{"type":"Point","coordinates":[28.629534,44.151134]},"properties":{"lines":"2-43","color":"#0059a9","mode":"bus","arr":["2-43"],"angle":-70.2,"extra":1,"ei":2}},{"type":"Feature","geometry":{"type":"Point","coordinates":[28.62864,44.149357]},"properties":{"lines":"2-43","color":"#0059a9","mode":"bus","arr":["2-43"],"angle":-70.3,"extra":1,"ei":3}},{"type":"Feature","geometry":{"type":"Point","coordinates":[28.627746,44.147581]},"properties":{"lines":"2-43","color":"#0059a9","mode":"bus","arr":["2-43"],"angle":-70.2,"extra":1,"ei":4}},{"type":"Feature","geometry":{"type":"Point","coordinates":[28.629404,44.148228]},"properties":{"lines":"2-43","color":"#0059a9","mode":"bus","arr":["2-43"],"angle":19.8}},{"type":"Feature","geometry":{"type":"Point","coordinates":[28.631884,44.143025]},"properties":{"lines":"2-43","color":"#0059a9","mode":"bus","arr":["2-43"],"angle":-90,"mi":3}},{"type":"Feature","geometry":{"type":"Point","coordinates":[28.630937,44.147016]},"properties":{"lines":"2-43","color":"#0059a9","mode":"bus","arr":["2-43"],"angle":76.3,"extra":1,"ei":0}},{"type":"Feature","geometry":{"type":"Point","coordinates":[28.631568,44.145182]},"properties":{"lines":"2-43","color":"#0059a9","mode":"bus","arr":["2-43"],"angle":76.1,"extra":1,"ei":1}},{"type":"Feature","geometry":{"type":"Point","coordinates":[28.631883,44.14143]},"properties":{"lines":"2-43","color":"#0059a9","mode":"bus","arr":["2-43"],"angle":-90,"extra":1,"ei":2}},{"type":"Feature","geometry":{"type":"Point","coordinates":[28.631844,44.139544]},"properties":{"lines":"2-43","color":"#0059a9","mode":"bus","arr":["2-43"],"angle":-89.8,"extra":1,"ei":3}},{"type":"Feature","geometry":{"type":"Point","coordinates":[28.628058,44.142262]},"properties":{"lines":"2-43","color":"#0059a9","mode":"bus","arr":["2-43"],"angle":78.9,"mi":4}},{"type":"Feature","geometry":{"type":"Point","coordinates":[28.63082,44.138589]},"properties":{"lines":"2-43","color":"#0059a9","mode":"bus","arr":["2-43"],"angle":48.2,"extra":1,"ei":0}},{"type":"Feature","geometry":{"type":"Point","coordinates":[28.629117,44.140029]},"properties":{"lines":"2-43","color":"#0059a9","mode":"bus","arr":["2-43"],"angle":53.3,"extra":1,"ei":1}},{"type":"Feature","geometry":{"type":"Point","coordinates":[28.627677,44.143627]},"properties":{"lines":"2-43","color":"#0059a9","mode":"bus","arr":["2-43"],"angle":78.4,"extra":1,"ei":2}},{"type":"Feature","geometry":{"type":"Point","coordinates":[28.627169,44.14548]},"properties":{"lines":"2-43","color":"#0059a9","mode":"bus","arr":["2-43"],"angle":79.3,"extra":1,"ei":3}},{"type":"Feature","geometry":{"type":"Point","coordinates":[28.626698,44.147338]},"properties":{"lines":"2-43","color":"#0059a9","mode":"bus","arr":["2-43"],"angle":80,"extra":1,"ei":4}},{"type":"Feature","geometry":{"type":"Point","coordinates":[28.627211,44.147474]},"properties":{"lines":"2-43","color":"#0059a9","mode":"bus","arr":["2-43"],"angle":-12.9,"mi":1}},{"type":"Feature","geometry":{"type":"Point","coordinates":[28.631682,44.157625]},"properties":{"lines":"2-43","color":"#0059a9","mode":"bus","arr":["2-43"],"angle":47.8,"mi":5}},{"type":"Feature","geometry":{"type":"Point","coordinates":[28.635126,44.16742]},"properties":{"lines":"2-43, 5-40, 5b","color":"#0059a9","mode":"bus","arr":["2-43","5-40","5b"],"angle":-42.8,"side":-1}},{"type":"Feature","geometry":{"type":"Point","coordinates":[28.633613,44.16912]},"properties":{"lines":"2-43, 5-40","color":"#0059a9","mode":"bus","arr":["2-43","5-40"],"angle":-77.8,"side":-1}},{"type":"Feature","geometry":{"type":"Point","coordinates":[28.652759,44.17905]},"properties":{"lines":"2-43, 5-40, 43C, 43M","color":"#0059a9","mode":"bus","arr":["2-43","5-40","43C","43M"],"angle":-34.4}},{"type":"Feature","geometry":{"type":"Point","coordinates":[28.649922,44.182588]},"properties":{"lines":"2-43, 5-40, 43C, 43M, CiTy Tour","color":"#0059a9","mode":"bus","arr":["2-43","5-40","43C","43M","CiTy Tour"],"angle":49.4,"mi":1}},{"type":"Feature","geometry":{"type":"Point","coordinates":[28.65244,44.180453]},"properties":{"lines":"2-43, 5-40, 43C, 43M, CiTy Tour","color":"#0059a9","mode":"bus","arr":["2-43","5-40","43C","43M","CiTy Tour"],"angle":54.8,"extra":1,"ei":0}},{"type":"Feature","geometry":{"type":"Point","coordinates":[28.647311,44.18476]},"properties":{"lines":"2-43, 5-40, 43C, 43M, CiTy Tour","color":"#0059a9","mode":"bus","arr":["2-43","5-40","43C","43M","CiTy Tour"],"angle":49.8,"extra":1,"ei":1}},{"type":"Feature","geometry":{"type":"Point","coordinates":[28.642728,44.189127]},"properties":{"lines":"2-43, 42, 43C, 43M","color":"#0059a9","mode":"bus","arr":["2-43","42","43C","43M"],"angle":58.5,"mi":1}},{"type":"Feature","geometry":{"type":"Point","coordinates":[28.645643,44.186129]},"properties":{"lines":"2-43, 42, 43C, 43M","color":"#0059a9","mode":"bus","arr":["2-43","42","43C","43M"],"angle":48.2,"extra":1,"ei":0}},{"type":"Feature","geometry":{"type":"Point","coordinates":[28.644057,44.187631]},"properties":{"lines":"2-43, 42, 43C, 43M","color":"#0059a9","mode":"bus","arr":["2-43","42","43C","43M"],"angle":56.8,"extra":1,"ei":1}},{"type":"Feature","geometry":{"type":"Point","coordinates":[28.641282,44.190841]},"properties":{"lines":"2-43, 42, 43C, 43M","color":"#0059a9","mode":"bus","arr":["2-43","42","43C","43M"],"angle":58.8,"extra":1,"ei":2}},{"type":"Feature","geometry":{"type":"Point","coordinates":[28.639896,44.192446]},"properties":{"lines":"2-43, 42, 43C, 43M","color":"#0059a9","mode":"bus","arr":["2-43","42","43C","43M"],"angle":57.7,"extra":1,"ei":3}},{"type":"Feature","geometry":{"type":"Point","coordinates":[28.623113,44.203064]},"properties":{"lines":"2-43, 42","color":"#0059a9","mode":"bus","arr":["2-43","42"],"angle":-88.3,"side":-1}},{"type":"Feature","geometry":{"type":"Point","coordinates":[28.622901,44.208115]},"properties":{"lines":"2-43, 3, 3b, 42","color":"#0059a9","mode":"bus","arr":["2-43","3","3b","42"],"angle":-73.2}},{"type":"Feature","geometry":{"type":"Point","coordinates":[28.622648,44.206183]},"properties":{"lines":"2-43, 3, 3b, 42","color":"#0059a9","mode":"bus","arr":["2-43","3","3b","42"],"angle":79.4,"extra":1,"ei":0}},{"type":"Feature","geometry":{"type":"Point","coordinates":[28.62383,44.209806]},"properties":{"lines":"2-43, 3, 3b, 42","color":"#0059a9","mode":"bus","arr":["2-43","3","3b","42"],"angle":-65.8,"extra":1,"ei":1}},{"type":"Feature","geometry":{"type":"Point","coordinates":[28.614925,44.208552]},"properties":{"lines":"3, 43C","color":"#0059a9","mode":"bus","arr":["3","43C"],"angle":50.1}},{"type":"Feature","geometry":{"type":"Point","coordinates":[28.612073,44.210633]},"properties":{"lines":"3, 13, 43C, 100C","color":"#0059a9","mode":"bus","arr":["3","13","43C","100C"],"angle":45,"side":-1}},{"type":"Feature","geometry":{"type":"Point","coordinates":[28.613454,44.209724]},"properties":{"lines":"3, 13, 43C, 100C","color":"#0059a9","mode":"bus","arr":["3","13","43C","100C"],"angle":45.1,"extra":1,"ei":0}},{"type":"Feature","geometry":{"type":"Point","coordinates":[28.609751,44.212409]},"properties":{"lines":"3, 13, 43C, 100C","color":"#0059a9","mode":"bus","arr":["3","13","43C","100C"],"angle":45.5,"extra":1,"ei":1}},{"type":"Feature","geometry":{"type":"Point","coordinates":[28.614967,44.2084]},"properties":{"lines":"3, 13, 43C, 100C","color":"#0059a9","mode":"bus","arr":["3","13","43C","100C"],"angle":49.9,"extra":1,"ei":0,"side":-1}},{"type":"Feature","geometry":{"type":"Point","coordinates":[28.604066,44.216507]},"properties":{"lines":"3","color":"#0059a9","mode":"bus","arr":["3"],"angle":45.3,"mi":6}},{"type":"Feature","geometry":{"type":"Point","coordinates":[28.595264,44.222801]},"properties":{"lines":"3","color":"#0059a9","mode":"bus","arr":["3"],"angle":44.4}},{"type":"Feature","geometry":{"type":"Point","coordinates":[28.608766,44.213119]},"properties":{"lines":"3","color":"#0059a9","mode":"bus","arr":["3"],"angle":45.2,"extra":1,"ei":0}},{"type":"Feature","geometry":{"type":"Point","coordinates":[28.606907,44.214457]},"properties":{"lines":"3","color":"#0059a9","mode":"bus","arr":["3"],"angle":45,"extra":1,"ei":1}},{"type":"Feature","geometry":{"type":"Point","coordinates":[28.601328,44.218467]},"properties":{"lines":"3","color":"#0059a9","mode":"bus","arr":["3"],"angle":44.6,"extra":1,"ei":2}},{"type":"Feature","geometry":{"type":"Point","coordinates":[28.599472,44.219806]},"properties":{"lines":"3","color":"#0059a9","mode":"bus","arr":["3"],"angle":44.6,"extra":1,"ei":3}},{"type":"Feature","geometry":{"type":"Point","coordinates":[28.59724,44.221396]},"properties":{"lines":"3","color":"#0059a9","mode":"bus","arr":["3"],"angle":44.8,"extra":1,"ei":0}},{"type":"Feature","geometry":{"type":"Point","coordinates":[28.593499,44.224053]},"properties":{"lines":"3","color":"#0059a9","mode":"bus","arr":["3"],"angle":44,"extra":1,"ei":1}},{"type":"Feature","geometry":{"type":"Point","coordinates":[28.596559,44.227944]},"properties":{"lines":"3","color":"#0059a9","mode":"bus","arr":["3"],"angle":-47,"mi":5}},{"type":"Feature","geometry":{"type":"Point","coordinates":[28.597479,44.231169]},"properties":{"lines":"3","color":"#0059a9","mode":"bus","arr":["3"],"angle":-83.2,"extra":1,"ei":0}},{"type":"Feature","geometry":{"type":"Point","coordinates":[28.597203,44.22929]},"properties":{"lines":"3","color":"#0059a9","mode":"bus","arr":["3"],"angle":-83.5,"extra":1,"ei":1}},{"type":"Feature","geometry":{"type":"Point","coordinates":[28.594255,44.226322]},"properties":{"lines":"3","color":"#0059a9","mode":"bus","arr":["3"],"angle":-44.4,"extra":1,"ei":2}},{"type":"Feature","geometry":{"type":"Point","coordinates":[28.592375,44.224999]},"properties":{"lines":"3","color":"#0059a9","mode":"bus","arr":["3"],"angle":-44.4,"extra":1,"ei":3}},{"type":"Feature","geometry":{"type":"Point","coordinates":[28.602335,44.231216]},"properties":{"lines":"3","color":"#0059a9","mode":"bus","arr":["3"],"angle":1.5,"mi":7}},{"type":"Feature","geometry":{"type":"Point","coordinates":[28.598952,44.231914]},"properties":{"lines":"3","color":"#0059a9","mode":"bus","arr":["3"],"angle":11.3,"extra":1,"ei":0}},{"type":"Feature","geometry":{"type":"Point","coordinates":[28.604047,44.231197]},"properties":{"lines":"3","color":"#0059a9","mode":"bus","arr":["3"],"angle":1.3,"extra":1,"ei":1}},{"type":"Feature","geometry":{"type":"Point","coordinates":[28.606637,44.231354]},"properties":{"lines":"3","color":"#0059a9","mode":"bus","arr":["3"],"angle":-18.9,"extra":1,"ei":2}},{"type":"Feature","geometry":{"type":"Point","coordinates":[28.599166,44.226259]},"properties":{"lines":"3","color":"#0059a9","mode":"bus","arr":["3"],"angle":-85.3,"mi":2}},{"type":"Feature","geometry":{"type":"Point","coordinates":[28.59968,44.230847]},"properties":{"lines":"3","color":"#0059a9","mode":"bus","arr":["3"],"angle":-85.4,"extra":1,"ei":0}},{"type":"Feature","geometry":{"type":"Point","coordinates":[28.599473,44.228964]},"properties":{"lines":"3","color":"#0059a9","mode":"bus","arr":["3"],"angle":-85.5,"extra":1,"ei":1}},{"type":"Feature","geometry":{"type":"Point","coordinates":[28.598786,44.223321]},"properties":{"lines":"3","color":"#0059a9","mode":"bus","arr":["3"],"angle":-85.1,"extra":1,"ei":2}},{"type":"Feature","geometry":{"type":"Point","coordinates":[28.598544,44.22144]},"properties":{"lines":"3","color":"#0059a9","mode":"bus","arr":["3"],"angle":-84.9,"extra":1,"ei":3}},{"type":"Feature","geometry":{"type":"Point","coordinates":[28.596267,44.219391]},"properties":{"lines":"3","color":"#0059a9","mode":"bus","arr":["3"],"angle":-45.8,"mi":3}},{"type":"Feature","geometry":{"type":"Point","coordinates":[28.597843,44.220459]},"properties":{"lines":"3","color":"#0059a9","mode":"bus","arr":["3"],"angle":-16.1,"mi":1}},{"type":"Feature","geometry":{"type":"Point","coordinates":[28.595585,44.218295]},"properties":{"lines":"3","color":"#0059a9","mode":"bus","arr":["3"],"angle":44.8,"mi":4}},{"type":"Feature","geometry":{"type":"Point","coordinates":[28.627842,44.201122]},"properties":{"lines":"3, 13, 102","color":"#0059a9","mode":"bus","arr":["3","13","102"],"angle":-46,"side":-1}},{"type":"Feature","geometry":{"type":"Point","coordinates":[28.626635,44.203271]},"properties":{"lines":"3","color":"#0059a9","mode":"bus","arr":["3"],"angle":39.9}},{"type":"Feature","geometry":{"type":"Point","coordinates":[28.622948,44.203244]},"properties":{"lines":"3b","color":"#0059a9","mode":"bus","arr":["3b"],"angle":-14.2}},{"type":"Feature","geometry":{"type":"Point","coordinates":[28.601553,44.191294]},"properties":{"lines":"3b, 101M","color":"#0059a9","mode":"bus","arr":["3b","101M"],"angle":-71.3}},{"type":"Feature","geometry":{"type":"Point","coordinates":[28.599253,44.190783]},"properties":{"lines":"3b","color":"#0059a9","mode":"bus","arr":["3b"],"angle":62.1,"mi":1}},{"type":"Feature","geometry":{"type":"Point","coordinates":[28.594178,44.197638]},"properties":{"lines":"3b","color":"#0059a9","mode":"bus","arr":["3b"],"angle":62}},{"type":"Feature","geometry":{"type":"Point","coordinates":[28.597359,44.193344]},"properties":{"lines":"3b","color":"#0059a9","mode":"bus","arr":["3b"],"angle":61.9,"extra":1,"ei":0}},{"type":"Feature","geometry":{"type":"Point","coordinates":[28.596122,44.195011]},"properties":{"lines":"3b","color":"#0059a9","mode":"bus","arr":["3b"],"angle":62,"extra":1,"ei":1}},{"type":"Feature","geometry":{"type":"Point","coordinates":[28.592426,44.200018]},"properties":{"lines":"3b","color":"#0059a9","mode":"bus","arr":["3b"],"angle":63.6,"extra":1,"ei":2}},{"type":"Feature","geometry":{"type":"Point","coordinates":[28.59134,44.201737]},"properties":{"lines":"3b","color":"#0059a9","mode":"bus","arr":["3b"],"angle":68.9,"extra":1,"ei":3}},{"type":"Feature","geometry":{"type":"Point","coordinates":[28.607504,44.148504]},"properties":{"lines":"5-40, 5b","color":"#0059a9","mode":"bus","arr":["5-40","5b"],"angle":52.9}},{"type":"Feature","geometry":{"type":"Point","coordinates":[28.604392,44.15143]},"properties":{"lines":"5-40, 5b","color":"#0059a9","mode":"bus","arr":["5-40","5b"],"angle":52.2,"extra":1,"ei":0}},{"type":"Feature","geometry":{"type":"Point","coordinates":[28.606003,44.149936]},"properties":{"lines":"5-40, 5b","color":"#0059a9","mode":"bus","arr":["5-40","5b"],"angle":52.3,"extra":1,"ei":1}},{"type":"Feature","geometry":{"type":"Point","coordinates":[28.609183,44.146926]},"properties":{"lines":"5-40, 5b","color":"#0059a9","mode":"bus","arr":["5-40","5b"],"angle":52.8,"extra":1,"ei":2}},{"type":"Feature","geometry":{"type":"Point","coordinates":[28.610771,44.14542]},"properties":{"lines":"5-40, 5b","color":"#0059a9","mode":"bus","arr":["5-40","5b"],"angle":53.3,"extra":1,"ei":3}},{"type":"Feature","geometry":{"type":"Point","coordinates":[28.614848,44.143936]},"properties":{"lines":"5-40","color":"#0059a9","mode":"bus","arr":["5-40"],"angle":23.1,"mi":1}},{"type":"Feature","geometry":{"type":"Point","coordinates":[28.612721,44.144595]},"properties":{"lines":"5-40","color":"#0059a9","mode":"bus","arr":["5-40"],"angle":23.6,"extra":1,"ei":0}},{"type":"Feature","geometry":{"type":"Point","coordinates":[28.61756,44.143107]},"properties":{"lines":"5-40","color":"#0059a9","mode":"bus","arr":["5-40"],"angle":23.1,"extra":1,"ei":1}},{"type":"Feature","geometry":{"type":"Point","coordinates":[28.612298,44.142199]},"properties":{"lines":"5-40","color":"#0059a9","mode":"bus","arr":["5-40"],"angle":-53.6}},{"type":"Feature","geometry":{"type":"Point","coordinates":[28.611487,44.140908]},"properties":{"lines":"5-40","color":"#0059a9","mode":"bus","arr":["5-40"],"angle":-72.6,"extra":1,"ei":0}},{"type":"Feature","geometry":{"type":"Point","coordinates":[28.614216,44.1441]},"properties":{"lines":"5-40","color":"#0059a9","mode":"bus","arr":["5-40"],"angle":-53.9,"extra":1,"ei":1}},{"type":"Feature","geometry":{"type":"Point","coordinates":[28.615878,44.138933]},"properties":{"lines":"5-40, 5b","color":"#0059a9","mode":"bus","arr":["5-40","5b"],"angle":17.3}},{"type":"Feature","geometry":{"type":"Point","coordinates":[28.612356,44.139726]},"properties":{"lines":"5-40, 5b","color":"#0059a9","mode":"bus","arr":["5-40","5b"],"angle":17.4,"extra":1,"ei":0}},{"type":"Feature","geometry":{"type":"Point","coordinates":[28.619891,44.13803]},"properties":{"lines":"5-40, 5b","color":"#0059a9","mode":"bus","arr":["5-40","5b"],"angle":17.3,"extra":1,"ei":1}},{"type":"Feature","geometry":{"type":"Point","coordinates":[28.622448,44.141362]},"properties":{"lines":"5-40, 5b, 13","color":"#0059a9","mode":"bus","arr":["5-40","5b","13"],"angle":-70.3,"side":-1,"mi":1}},{"type":"Feature","geometry":{"type":"Point","coordinates":[28.619196,44.134847]},"properties":{"lines":"5-40, 5b, 13","color":"#0059a9","mode":"bus","arr":["5-40","5b","13"],"angle":-69.9}},{"type":"Feature","geometry":{"type":"Point","coordinates":[28.620219,44.136971]},"properties":{"lines":"5-40, 5b, 13","color":"#0059a9","mode":"bus","arr":["5-40","5b","13"],"angle":-71.1,"extra":1,"ei":0}},{"type":"Feature","geometry":{"type":"Point","coordinates":[28.61845,44.133414]},"properties":{"lines":"5-40, 5b, 13","color":"#0059a9","mode":"bus","arr":["5-40","5b","13"],"angle":-69.5,"extra":1,"ei":1}},{"type":"Feature","geometry":{"type":"Point","coordinates":[28.621238,44.138905]},"properties":{"lines":"5-40, 5b, 13","color":"#0059a9","mode":"bus","arr":["5-40","5b","13"],"angle":-70.4,"extra":1,"ei":0,"side":-1}},{"type":"Feature","geometry":{"type":"Point","coordinates":[28.62301,44.142462]},"properties":{"lines":"5-40, 5b, 13","color":"#0059a9","mode":"bus","arr":["5-40","5b","13"],"angle":-69.7,"extra":1,"ei":1,"side":-1}},{"type":"Feature","geometry":{"type":"Point","coordinates":[28.623908,44.144237]},"properties":{"lines":"5-40, 5b, 13","color":"#0059a9","mode":"bus","arr":["5-40","5b","13"],"angle":-69.1,"extra":1,"ei":2,"side":-1}},{"type":"Feature","geometry":{"type":"Point","coordinates":[28.618674,44.13366]},"properties":{"lines":"5-40, 5b","color":"#0059a9","mode":"bus","arr":["5-40","5b"],"angle":-70.3,"side":-1,"mi":1}},{"type":"Feature","geometry":{"type":"Point","coordinates":[28.626541,44.149693]},"properties":{"lines":"5-40, 5b, 101, 101M","color":"#0059a9","mode":"bus","arr":["5-40","5b","101","101M"],"angle":-70.1,"mi":1}},{"type":"Feature","geometry":{"type":"Point","coordinates":[28.624622,44.145843]},"properties":{"lines":"5-40, 5b, 101, 101M","color":"#0059a9","mode":"bus","arr":["5-40","5b","101","101M"],"angle":-70.8,"extra":1,"ei":0}},{"type":"Feature","geometry":{"type":"Point","coordinates":[28.625496,44.147624]},"properties":{"lines":"5-40, 5b, 101, 101M","color":"#0059a9","mode":"bus","arr":["5-40","5b","101","101M"],"angle":-70.2,"extra":1,"ei":1}},{"type":"Feature","geometry":{"type":"Point","coordinates":[28.627277,44.151179]},"properties":{"lines":"5-40, 5b, 101, 101M","color":"#0059a9","mode":"bus","arr":["5-40","5b","101","101M"],"angle":-70.7,"extra":1,"ei":2}},{"type":"Feature","geometry":{"type":"Point","coordinates":[28.628137,44.152964]},"properties":{"lines":"5-40, 5b, 101, 101M","color":"#0059a9","mode":"bus","arr":["5-40","5b","101","101M"],"angle":-71.1,"extra":1,"ei":3}},{"type":"Feature","geometry":{"type":"Point","coordinates":[28.630023,44.156013]},"properties":{"lines":"5-40, 5b, 101, 101M","color":"#0059a9","mode":"bus","arr":["5-40","5b","101","101M"],"angle":-61.5}},{"type":"Feature","geometry":{"type":"Point","coordinates":[28.646518,44.200881]},"properties":{"lines":"5-40, CiTy Tour","color":"#0059a9","mode":"bus","arr":["5-40","CiTy Tour"],"angle":71.6,"mi":2}},{"type":"Feature","geometry":{"type":"Point","coordinates":[28.649466,44.186993]},"properties":{"lines":"5-40, CiTy Tour","color":"#0059a9","mode":"bus","arr":["5-40","CiTy Tour"],"angle":-45.8,"mi":1}},{"type":"Feature","geometry":{"type":"Point","coordinates":[28.649652,44.193909]},"properties":{"lines":"5-40, CiTy Tour","color":"#0059a9","mode":"bus","arr":["5-40","CiTy Tour"],"angle":72.7,"side":-1}},{"type":"Feature","geometry":{"type":"Point","coordinates":[28.647614,44.18596]},"properties":{"lines":"5-40, CiTy Tour","color":"#0059a9","mode":"bus","arr":["5-40","CiTy Tour"],"angle":-32,"extra":1,"ei":0,"side":-1}},{"type":"Feature","geometry":{"type":"Point","coordinates":[28.650861,44.188734]},"properties":{"lines":"5-40, CiTy Tour","color":"#0059a9","mode":"bus","arr":["5-40","CiTy Tour"],"angle":-73.7,"extra":1,"ei":1,"side":-1}},{"type":"Feature","geometry":{"type":"Point","coordinates":[28.648007,44.197773]},"properties":{"lines":"5-40, CiTy Tour","color":"#0059a9","mode":"bus","arr":["5-40","CiTy Tour"],"angle":71,"extra":1,"ei":0}},{"type":"Feature","geometry":{"type":"Point","coordinates":[28.647142,44.199557]},"properties":{"lines":"5-40, CiTy Tour","color":"#0059a9","mode":"bus","arr":["5-40","CiTy Tour"],"angle":70.5,"extra":1,"ei":1}},{"type":"Feature","geometry":{"type":"Point","coordinates":[28.645427,44.203128]},"properties":{"lines":"5-40, CiTy Tour","color":"#0059a9","mode":"bus","arr":["5-40","CiTy Tour"],"angle":70.6,"extra":1,"ei":2}},{"type":"Feature","geometry":{"type":"Point","coordinates":[28.648697,44.195939]},"properties":{"lines":"5-40, CiTy Tour","color":"#0059a9","mode":"bus","arr":["5-40","CiTy Tour"],"angle":71.8,"extra":1,"ei":0,"side":-1}},{"type":"Feature","geometry":{"type":"Point","coordinates":[28.650164,44.192318]},"properties":{"lines":"5-40, CiTy Tour","color":"#0059a9","mode":"bus","arr":["5-40","CiTy Tour"],"angle":78.2,"extra":1,"ei":1,"side":-1}},{"type":"Feature","geometry":{"type":"Point","coordinates":[28.645974,44.185254]},"properties":{"lines":"5-40, CiTy Tour","color":"#0059a9","mode":"bus","arr":["5-40","CiTy Tour"],"angle":-42.9,"extra":1,"ei":0}},{"type":"Feature","geometry":{"type":"Point","coordinates":[28.636225,44.217936]},"properties":{"lines":"5-40, 14, CiTy Tour","color":"#0059a9","mode":"bus","arr":["5-40","14","CiTy Tour"],"angle":17}},{"type":"Feature","geometry":{"type":"Point","coordinates":[28.646331,44.200855]},"properties":{"lines":"5-40, 14, CiTy Tour","color":"#0059a9","mode":"bus","arr":["5-40","14","CiTy Tour"],"angle":71.5,"side":-1,"mi":1}},{"type":"Feature","geometry":{"type":"Point","coordinates":[28.649997,44.193511]},"properties":{"lines":"5-40, 14, CiTy Tour","color":"#0059a9","mode":"bus","arr":["5-40","14","CiTy Tour"],"angle":76.1}},{"type":"Feature","geometry":{"type":"Point","coordinates":[28.650768,44.190962]},"properties":{"lines":"5-40, 14, CiTy Tour","color":"#0059a9","mode":"bus","arr":["5-40","14","CiTy Tour"],"angle":78,"extra":1,"ei":0}},{"type":"Feature","geometry":{"type":"Point","coordinates":[28.648649,44.196411]},"properties":{"lines":"5-40, 14, CiTy Tour","color":"#0059a9","mode":"bus","arr":["5-40","14","CiTy Tour"],"angle":71.6,"extra":1,"ei":1}},{"type":"Feature","geometry":{"type":"Point","coordinates":[28.641082,44.216465]},"properties":{"lines":"5-40, 14, CiTy Tour","color":"#0059a9","mode":"bus","arr":["5-40","14","CiTy Tour"],"angle":39.2,"extra":1,"ei":0}},{"type":"Feature","geometry":{"type":"Point","coordinates":[28.638746,44.217317]},"properties":{"lines":"5-40, 14, CiTy Tour","color":"#0059a9","mode":"bus","arr":["5-40","14","CiTy Tour"],"angle":21.8,"extra":1,"ei":1}},{"type":"Feature","geometry":{"type":"Point","coordinates":[28.633741,44.218485]},"properties":{"lines":"5-40, 14, CiTy Tour","color":"#0059a9","mode":"bus","arr":["5-40","14","CiTy Tour"],"angle":17.8,"extra":1,"ei":2}},{"type":"Feature","geometry":{"type":"Point","coordinates":[28.631264,44.219112]},"properties":{"lines":"5-40, 14, CiTy Tour","color":"#0059a9","mode":"bus","arr":["5-40","14","CiTy Tour"],"angle":30.9,"extra":1,"ei":3}},{"type":"Feature","geometry":{"type":"Point","coordinates":[28.644809,44.203982]},"properties":{"lines":"5-40, 14, CiTy Tour","color":"#0059a9","mode":"bus","arr":["5-40","14","CiTy Tour"],"angle":71.4,"extra":1,"ei":0,"side":-1}},{"type":"Feature","geometry":{"type":"Point","coordinates":[28.645688,44.202202]},"properties":{"lines":"5-40, 14, CiTy Tour","color":"#0059a9","mode":"bus","arr":["5-40","14","CiTy Tour"],"angle":70.2,"extra":1,"ei":1,"side":-1}},{"type":"Feature","geometry":{"type":"Point","coordinates":[28.64741,44.198633]},"properties":{"lines":"5-40, 14, CiTy Tour","color":"#0059a9","mode":"bus","arr":["5-40","14","CiTy Tour"],"angle":70.3,"extra":1,"ei":2,"side":-1}},{"type":"Feature","geometry":{"type":"Point","coordinates":[28.642814,44.213074]},"properties":{"lines":"5-40, 14, 102, CiTy Tour","color":"#0059a9","mode":"bus","arr":["5-40","14","102","CiTy Tour"],"angle":83.9}},{"type":"Feature","geometry":{"type":"Point","coordinates":[28.643084,44.211353]},"properties":{"lines":"5-40, 14, 102, CiTy Tour","color":"#0059a9","mode":"bus","arr":["5-40","14","102","CiTy Tour"],"angle":83.4,"extra":1,"ei":0}},{"type":"Feature","geometry":{"type":"Point","coordinates":[28.64241,44.215096]},"properties":{"lines":"5-40, 14, 102, CiTy Tour","color":"#0059a9","mode":"bus","arr":["5-40","14","102","CiTy Tour"],"angle":71.7,"extra":1,"ei":1}},{"type":"Feature","geometry":{"type":"Point","coordinates":[28.643482,44.207646]},"properties":{"lines":"5-40, 102, CiTy Tour","color":"#0059a9","mode":"bus","arr":["5-40","102","CiTy Tour"],"angle":83.5,"side":-1}},{"type":"Feature","geometry":{"type":"Point","coordinates":[28.644121,44.205864]},"properties":{"lines":"5-40, 102, CiTy Tour","color":"#0059a9","mode":"bus","arr":["5-40","102","CiTy Tour"],"angle":73.8,"extra":1,"ei":0}},{"type":"Feature","geometry":{"type":"Point","coordinates":[28.643331,44.209592]},"properties":{"lines":"5-40, 102, CiTy Tour","color":"#0059a9","mode":"bus","arr":["5-40","102","CiTy Tour"],"angle":83.4,"extra":1,"ei":1}},{"type":"Feature","geometry":{"type":"Point","coordinates":[28.62899,44.221932]},"properties":{"lines":"5-40, 14, 100M, CiTy Tour","color":"#0059a9","mode":"bus","arr":["5-40","14","100M","CiTy Tour"],"angle":83.6,"side":-1}},{"type":"Feature","geometry":{"type":"Point","coordinates":[28.629546,44.220562]},"properties":{"lines":"5-40, 14, 100M, CiTy Tour","color":"#0059a9","mode":"bus","arr":["5-40","14","100M","CiTy Tour"],"angle":66.5,"extra":1,"ei":0}},{"type":"Feature","geometry":{"type":"Point","coordinates":[28.628714,44.224277]},"properties":{"lines":"5-40, 14, 100M, CiTy Tour","color":"#0059a9","mode":"bus","arr":["5-40","14","100M","CiTy Tour"],"angle":81.1,"extra":1,"ei":1}},{"type":"Feature","geometry":{"type":"Point","coordinates":[28.628985,44.21773]},"properties":{"lines":"5-40, 14, 100M","color":"#0059a9","mode":"bus","arr":["5-40","14","100M"],"angle":-53.6,"side":-1}},{"type":"Feature","geometry":{"type":"Point","coordinates":[28.627846,44.216852]},"properties":{"lines":"5-40, 14","color":"#0059a9","mode":"bus","arr":["5-40","14"],"angle":-59}},{"type":"Feature","geometry":{"type":"Point","coordinates":[28.625288,44.214859]},"properties":{"lines":"5-40, 13, 14, 100C","color":"#0059a9","mode":"bus","arr":["5-40","13","14","100C"],"angle":-44.9}},{"type":"Feature","geometry":{"type":"Point","coordinates":[28.624024,44.213965]},"properties":{"lines":"5-40, 13, 14, 100C","color":"#0059a9","mode":"bus","arr":["5-40","13","14","100C"],"angle":-43.6,"extra":1,"ei":0}},{"type":"Feature","geometry":{"type":"Point","coordinates":[28.626601,44.215701]},"properties":{"lines":"5-40, 13, 14, 100C","color":"#0059a9","mode":"bus","arr":["5-40","13","14","100C"],"angle":-45.6,"extra":1,"ei":0,"side":-1}},{"type":"Feature","geometry":{"type":"Point","coordinates":[28.642042,44.2151]},"properties":{"lines":"5-40, 14, 102, CiTy Tour","color":"#0059a9","mode":"bus","arr":["5-40","14","102","CiTy Tour"],"angle":72.2,"side":-1,"mi":1}},{"type":"Feature","geometry":{"type":"Point","coordinates":[28.623289,44.14317]},"properties":{"lines":"5-40, 5b, 13, 101, 101M","color":"#0059a9","mode":"bus","arr":["5-40","5b","13","101","101M"],"angle":-70.1}},{"type":"Feature","geometry":{"type":"Point","coordinates":[28.622731,44.142064]},"properties":{"lines":"5-40, 5b, 13, 101, 101M","color":"#0059a9","mode":"bus","arr":["5-40","5b","13","101","101M"],"angle":-70.1,"extra":1,"ei":0}},{"type":"Feature","geometry":{"type":"Point","coordinates":[28.620344,44.142259]},"properties":{"lines":"5-40, 13, 101, 101M","color":"#0059a9","mode":"bus","arr":["5-40","13","101","101M"],"angle":23}},{"type":"Feature","geometry":{"type":"Point","coordinates":[28.607407,44.141232]},"properties":{"lines":"5b","color":"#0059a9","mode":"bus","arr":["5b"],"angle":-53.3,"mi":2}},{"type":"Feature","geometry":{"type":"Point","coordinates":[28.604172,44.138207]},"properties":{"lines":"5b","color":"#0059a9","mode":"bus","arr":["5b"],"angle":-51.9,"extra":1,"ei":0}},{"type":"Feature","geometry":{"type":"Point","coordinates":[28.605787,44.139699]},"properties":{"lines":"5b","color":"#0059a9","mode":"bus","arr":["5b"],"angle":-52.8,"extra":1,"ei":1}},{"type":"Feature","geometry":{"type":"Point","coordinates":[28.608976,44.142704]},"properties":{"lines":"5b","color":"#0059a9","mode":"bus","arr":["5b"],"angle":-51.2,"extra":1,"ei":2}},{"type":"Feature","geometry":{"type":"Point","coordinates":[28.610618,44.14418]},"properties":{"lines":"5b","color":"#0059a9","mode":"bus","arr":["5b"],"angle":-50.4,"extra":1,"ei":3}},{"type":"Feature","geometry":{"type":"Point","coordinates":[28.606546,44.137145]},"properties":{"lines":"5b","color":"#0059a9","mode":"bus","arr":["5b"],"angle":7.9,"mi":1}},{"type":"Feature","geometry":{"type":"Point","coordinates":[28.604663,44.137333]},"properties":{"lines":"5b","color":"#0059a9","mode":"bus","arr":["5b"],"angle":7.9,"extra":1,"ei":0}},{"type":"Feature","geometry":{"type":"Point","coordinates":[28.610422,44.138412]},"properties":{"lines":"5b","color":"#0059a9","mode":"bus","arr":["5b"],"angle":-73}},{"type":"Feature","geometry":{"type":"Point","coordinates":[28.633051,44.169146]},"properties":{"lines":"5b, 43C, 43M, 100C, 100M, 101, CiTy Tour","color":"#0059a9","mode":"bus","arr":["5b","43C","43M","100C","100M","101","CiTy Tour"],"angle":-33.4,"side":-1}},{"type":"Feature","geometry":{"type":"Point","coordinates":[28.633035,44.168921]},"properties":{"lines":"5b, 43C, 43M, 100C","color":"#0059a9","mode":"bus","arr":["5b","43C","43M","100C"],"angle":69.4}},{"type":"Feature","geometry":{"type":"Point","coordinates":[28.633241,44.168296]},"properties":{"lines":"43C, 43M, 100C","color":"#0059a9","mode":"bus","arr":["43C","43M","100C"],"angle":17.2,"side":-1}},{"type":"Feature","geometry":{"type":"Point","coordinates":[28.621619,44.139834]},"properties":{"lines":"5b, 13","color":"#0059a9","mode":"bus","arr":["5b","13"],"angle":-70.5}},{"type":"Feature","geometry":{"type":"Point","coordinates":[28.621179,44.134593]},"properties":{"lines":"13","color":"#0059a9","mode":"bus","arr":["13"],"angle":45.8}},{"type":"Feature","geometry":{"type":"Point","coordinates":[28.619693,44.135158]},"properties":{"lines":"13","color":"#0059a9","mode":"bus","arr":["13"],"angle":63.6,"extra":1,"ei":0}},{"type":"Feature","geometry":{"type":"Point","coordinates":[28.62002,44.131468]},"properties":{"lines":"13","color":"#0059a9","mode":"bus","arr":["13"],"angle":-21.9,"mi":1}},{"type":"Feature","geometry":{"type":"Point","coordinates":[28.620647,44.132559]},"properties":{"lines":"13","color":"#0059a9","mode":"bus","arr":["13"],"angle":-66.3,"extra":1,"ei":0}},{"type":"Feature","geometry":{"type":"Point","coordinates":[28.618847,44.14424]},"properties":{"lines":"13, 101, 101M","color":"#0059a9","mode":"bus","arr":["13","101","101M"],"angle":-70.4,"mi":4}},{"type":"Feature","geometry":{"type":"Point","coordinates":[28.621808,44.148149]},"properties":{"lines":"13, 101, 101M","color":"#0059a9","mode":"bus","arr":["13","101","101M"],"angle":-55.6,"mi":3}},{"type":"Feature","geometry":{"type":"Point","coordinates":[28.620247,44.146345]},"properties":{"lines":"13, 101, 101M","color":"#0059a9","mode":"bus","arr":["13","101","101M"],"angle":-60,"extra":1,"ei":0,"side":-1}},{"type":"Feature","geometry":{"type":"Point","coordinates":[28.623106,44.149507]},"properties":{"lines":"13, 101, 101M","color":"#0059a9","mode":"bus","arr":["13","101","101M"],"angle":-55.5,"extra":1,"ei":1}},{"type":"Feature","geometry":{"type":"Point","coordinates":[28.623041,44.151587]},"properties":{"lines":"13, 101, 101M","color":"#0059a9","mode":"bus","arr":["13","101","101M"],"angle":38.9,"mi":1}},{"type":"Feature","geometry":{"type":"Point","coordinates":[28.617629,44.154851]},"properties":{"lines":"13, 101, 101M","color":"#0059a9","mode":"bus","arr":["13","101","101M"],"angle":41.4,"mi":2}},{"type":"Feature","geometry":{"type":"Point","coordinates":[28.613188,44.157591]},"properties":{"lines":"13, 101, 101M","color":"#0059a9","mode":"bus","arr":["13","101","101M"],"angle":40.1,"mi":5}},{"type":"Feature","geometry":{"type":"Point","coordinates":[28.621393,44.152527]},"properties":{"lines":"13, 101, 101M","color":"#0059a9","mode":"bus","arr":["13","101","101M"],"angle":40.3}},{"type":"Feature","geometry":{"type":"Point","coordinates":[28.615801,44.156008]},"properties":{"lines":"13, 101, 101M","color":"#0059a9","mode":"bus","arr":["13","101","101M"],"angle":41.4,"extra":1,"ei":0}},{"type":"Feature","geometry":{"type":"Point","coordinates":[28.619769,44.153525]},"properties":{"lines":"13, 101, 101M","color":"#0059a9","mode":"bus","arr":["13","101","101M"],"angle":40.6,"extra":1,"ei":1}},{"type":"Feature","geometry":{"type":"Point","coordinates":[28.625066,44.150797]},"properties":{"lines":"13, 101, 101M","color":"#0059a9","mode":"bus","arr":["13","101","101M"],"angle":73,"extra":1,"ei":0}},{"type":"Feature","geometry":{"type":"Point","coordinates":[28.606503,44.163915]},"properties":{"lines":"13, 14, 102","color":"#0059a9","mode":"bus","arr":["13","14","102"],"angle":-60.9,"mi":4}},{"type":"Feature","geometry":{"type":"Point","coordinates":[28.610033,44.170484]},"properties":{"lines":"13, 14, 102","color":"#0059a9","mode":"bus","arr":["13","14","102"],"angle":85.5}},{"type":"Feature","geometry":{"type":"Point","coordinates":[28.605534,44.162676]},"properties":{"lines":"13, 14, 102","color":"#0059a9","mode":"bus","arr":["13","14","102"],"angle":-60.6,"extra":1,"ei":0}},{"type":"Feature","geometry":{"type":"Point","coordinates":[28.608062,44.165989]},"properties":{"lines":"13, 14, 102","color":"#0059a9","mode":"bus","arr":["13","14","102"],"angle":-60.5,"extra":1,"ei":1}},{"type":"Feature","geometry":{"type":"Point","coordinates":[28.609471,44.168027]},"properties":{"lines":"13, 14, 102","color":"#0059a9","mode":"bus","arr":["13","14","102"],"angle":-70.1,"mi":1}},{"type":"Feature","geometry":{"type":"Point","coordinates":[28.609942,44.169308]},"properties":{"lines":"13, 14, 102","color":"#0059a9","mode":"bus","arr":["13","14","102"],"angle":-79.3,"extra":1,"ei":0}},{"type":"Feature","geometry":{"type":"Point","coordinates":[28.610964,44.173691]},"properties":{"lines":"13, 14, 102","color":"#0059a9","mode":"bus","arr":["13","14","102"],"angle":-56.4,"mi":2}},{"type":"Feature","geometry":{"type":"Point","coordinates":[28.613582,44.176283]},"properties":{"lines":"13, 14, 102","color":"#0059a9","mode":"bus","arr":["13","14","102"],"angle":-49.1,"mi":3}},{"type":"Feature","geometry":{"type":"Point","coordinates":[28.610108,44.171856]},"properties":{"lines":"13, 14, 102","color":"#0059a9","mode":"bus","arr":["13","14","102"],"angle":-85,"extra":1,"ei":0}},{"type":"Feature","geometry":{"type":"Point","coordinates":[28.612401,44.175166]},"properties":{"lines":"13, 14, 102","color":"#0059a9","mode":"bus","arr":["13","14","102"],"angle":-54.3,"extra":1,"ei":1}},{"type":"Feature","geometry":{"type":"Point","coordinates":[28.61806,44.180798]},"properties":{"lines":"13, 102","color":"#0059a9","mode":"bus","arr":["13","102"],"angle":-63.6,"mi":4}},{"type":"Feature","geometry":{"type":"Point","coordinates":[28.62073,44.184043]},"properties":{"lines":"13, 102","color":"#0059a9","mode":"bus","arr":["13","102"],"angle":-59,"extra":1,"ei":0,"side":-1}},{"type":"Feature","geometry":{"type":"Point","coordinates":[28.619376,44.182424]},"properties":{"lines":"13, 102","color":"#0059a9","mode":"bus","arr":["13","102"],"angle":-59.4,"extra":1,"ei":1,"side":-1}},{"type":"Feature","geometry":{"type":"Point","coordinates":[28.616659,44.179226]},"properties":{"lines":"13, 102","color":"#0059a9","mode":"bus","arr":["13","102"],"angle":-53.1,"extra":1,"ei":0}},{"type":"Feature","geometry":{"type":"Point","coordinates":[28.615066,44.177722]},"properties":{"lines":"13, 102","color":"#0059a9","mode":"bus","arr":["13","102"],"angle":-50.8,"extra":1,"ei":1}},{"type":"Feature","geometry":{"type":"Point","coordinates":[28.623458,44.187641]},"properties":{"lines":"13, 102","color":"#0059a9","mode":"bus","arr":["13","102"],"angle":-60.2,"mi":1}},{"type":"Feature","geometry":{"type":"Point","coordinates":[28.624043,44.193631]},"properties":{"lines":"13, 102","color":"#0059a9","mode":"bus","arr":["13","102"],"angle":82.7}},{"type":"Feature","geometry":{"type":"Point","coordinates":[28.624832,44.198747]},"properties":{"lines":"13, 102","color":"#0059a9","mode":"bus","arr":["13","102"],"angle":-61.4,"mi":2}},{"type":"Feature","geometry":{"type":"Point","coordinates":[28.62967,44.20214]},"properties":{"lines":"13, 102","color":"#0059a9","mode":"bus","arr":["13","102"],"angle":-20.6,"side":-1,"mi":3}},{"type":"Feature","geometry":{"type":"Point","coordinates":[28.621963,44.185706]},"properties":{"lines":"13, 102","color":"#0059a9","mode":"bus","arr":["13","102"],"angle":-61.3,"extra":1,"ei":0}},{"type":"Feature","geometry":{"type":"Point","coordinates":[28.624447,44.18903]},"properties":{"lines":"13, 102","color":"#0059a9","mode":"bus","arr":["13","102"],"angle":-72.3,"extra":1,"ei":1}},{"type":"Feature","geometry":{"type":"Point","coordinates":[28.624416,44.191687]},"properties":{"lines":"13, 102","color":"#0059a9","mode":"bus","arr":["13","102"],"angle":82.2,"extra":1,"ei":0}},{"type":"Feature","geometry":{"type":"Point","coordinates":[28.623879,44.195439]},"properties":{"lines":"13, 102","color":"#0059a9","mode":"bus","arr":["13","102"],"angle":89.7,"extra":1,"ei":1}},{"type":"Feature","geometry":{"type":"Point","coordinates":[28.624299,44.197591]},"properties":{"lines":"13, 102","color":"#0059a9","mode":"bus","arr":["13","102"],"angle":-74,"extra":1,"ei":0,"side":-1}},{"type":"Feature","geometry":{"type":"Point","coordinates":[28.62585,44.199734]},"properties":{"lines":"13, 102","color":"#0059a9","mode":"bus","arr":["13","102"],"angle":-49,"extra":1,"ei":0}},{"type":"Feature","geometry":{"type":"Point","coordinates":[28.628968,44.209148]},"properties":{"lines":"13, 100C, 100M","color":"#0059a9","mode":"bus","arr":["13","100C","100M"],"angle":83.9}},{"type":"Feature","geometry":{"type":"Point","coordinates":[28.630257,44.203239]},"properties":{"lines":"13, 100C, 100M","color":"#0059a9","mode":"bus","arr":["13","100C","100M"],"angle":79.6,"extra":1,"ei":0}},{"type":"Feature","geometry":{"type":"Point","coordinates":[28.629756,44.205093]},"properties":{"lines":"13, 100C, 100M","color":"#0059a9","mode":"bus","arr":["13","100C","100M"],"angle":80,"extra":1,"ei":1}},{"type":"Feature","geometry":{"type":"Point","coordinates":[28.62936,44.20696]},"properties":{"lines":"13, 100C, 100M","color":"#0059a9","mode":"bus","arr":["13","100C","100M"],"angle":82.3,"extra":1,"ei":2}},{"type":"Feature","geometry":{"type":"Point","coordinates":[28.628754,44.210712]},"properties":{"lines":"13, 100C, 100M","color":"#0059a9","mode":"bus","arr":["13","100C","100M"],"angle":85.3,"extra":1,"ei":3}},{"type":"Feature","geometry":{"type":"Point","coordinates":[28.628557,44.212595]},"properties":{"lines":"13, 100C, 100M","color":"#0059a9","mode":"bus","arr":["13","100C","100M"],"angle":87.2,"extra":1,"ei":4}},{"type":"Feature","geometry":{"type":"Point","coordinates":[28.628448,44.214482]},"properties":{"lines":"13, 100C, 100M","color":"#0059a9","mode":"bus","arr":["13","100C","100M"],"angle":87.5,"extra":1,"ei":5}},{"type":"Feature","geometry":{"type":"Point","coordinates":[28.627101,44.216105]},"properties":{"lines":"13, 100C","color":"#0059a9","mode":"bus","arr":["13","100C"],"angle":-35.5}},{"type":"Feature","geometry":{"type":"Point","coordinates":[28.61959,44.210837]},"properties":{"lines":"13, 14, 100C","color":"#0059a9","mode":"bus","arr":["13","14","100C"],"angle":-44.3,"side":-1}},{"type":"Feature","geometry":{"type":"Point","coordinates":[28.622656,44.213008]},"properties":{"lines":"13, 14, 100C","color":"#0059a9","mode":"bus","arr":["13","14","100C"],"angle":-44.3,"extra":1,"ei":0}},{"type":"Feature","geometry":{"type":"Point","coordinates":[28.620763,44.211696]},"properties":{"lines":"13, 14, 100C","color":"#0059a9","mode":"bus","arr":["13","14","100C"],"angle":-43.7,"extra":1,"ei":1}},{"type":"Feature","geometry":{"type":"Point","coordinates":[28.616962,44.209083]},"properties":{"lines":"13, 14, 100C","color":"#0059a9","mode":"bus","arr":["13","14","100C"],"angle":-44.2,"extra":1,"ei":2}},{"type":"Feature","geometry":{"type":"Point","coordinates":[28.61837,44.209993]},"properties":{"lines":"13, 14, 100C","color":"#0059a9","mode":"bus","arr":["13","14","100C"],"angle":-43.8,"extra":1,"ei":0,"side":-1}},{"type":"Feature","geometry":{"type":"Point","coordinates":[28.615523,44.208781]},"properties":{"lines":"13, 100C","color":"#0059a9","mode":"bus","arr":["13","100C"],"angle":4.8}},{"type":"Feature","geometry":{"type":"Point","coordinates":[28.627057,44.215821]},"properties":{"lines":"13, 100C","color":"#0059a9","mode":"bus","arr":["13","100C"],"angle":-4.8,"side":-1,"mi":1}},{"type":"Feature","geometry":{"type":"Point","coordinates":[28.60857,44.213396]},"properties":{"lines":"13, 43C, 100C","color":"#0059a9","mode":"bus","arr":["13","43C","100C"],"angle":56.7,"mi":1}},{"type":"Feature","geometry":{"type":"Point","coordinates":[28.607086,44.213827]},"properties":{"lines":"13, 43C, 100C","color":"#0059a9","mode":"bus","arr":["13","43C","100C"],"angle":54.1,"side":-1,"mi":2}},{"type":"Feature","geometry":{"type":"Point","coordinates":[28.608277,44.213238]},"properties":{"lines":"13, 43C, 100C","color":"#0059a9","mode":"bus","arr":["13","43C","100C"],"angle":-9.2,"side":-1}},{"type":"Feature","geometry":{"type":"Point","coordinates":[28.606786,44.212071]},"properties":{"lines":"13, 43C, 100C","color":"#0059a9","mode":"bus","arr":["13","43C","100C"],"angle":-43.7,"mi":3}},{"type":"Feature","geometry":{"type":"Point","coordinates":[28.610263,44.177415]},"properties":{"lines":"51","color":"#0059a9","mode":"bus","arr":["51"],"angle":-48.7,"mi":1}},{"type":"Feature","geometry":{"type":"Point","coordinates":[28.613006,44.17748]},"properties":{"lines":"51","color":"#0059a9","mode":"bus","arr":["51"],"angle":34.1,"extra":1,"ei":0}},{"type":"Feature","geometry":{"type":"Point","coordinates":[28.609039,44.176121]},"properties":{"lines":"51","color":"#0059a9","mode":"bus","arr":["51"],"angle":-56.2,"extra":1,"ei":1}},{"type":"Feature","geometry":{"type":"Point","coordinates":[28.584881,44.169198]},"properties":{"lines":"48","color":"#0059a9","mode":"bus","arr":["48"],"angle":-5.1}},{"type":"Feature","geometry":{"type":"Point","coordinates":[28.631092,44.172186]},"properties":{"lines":"48","color":"#0059a9","mode":"bus","arr":["48"],"angle":-5.1,"mi":1}},{"type":"Feature","geometry":{"type":"Point","coordinates":[28.599036,44.170125]},"properties":{"lines":"48","color":"#0059a9","mode":"bus","arr":["48"],"angle":-5.3,"mi":6}},{"type":"Feature","geometry":{"type":"Point","coordinates":[28.620321,44.17149]},"properties":{"lines":"48","color":"#0059a9","mode":"bus","arr":["48"],"angle":-5.1}},{"type":"Feature","geometry":{"type":"Point","coordinates":[28.607105,44.170639]},"properties":{"lines":"48","color":"#0059a9","mode":"bus","arr":["48"],"angle":-5,"mi":5}},{"type":"Feature","geometry":{"type":"Point","coordinates":[28.612948,44.171013]},"properties":{"lines":"48","color":"#0059a9","mode":"bus","arr":["48"],"angle":-5.2,"mi":2}},{"type":"Feature","geometry":{"type":"Point","coordinates":[28.638375,44.172661]},"properties":{"lines":"48","color":"#0059a9","mode":"bus","arr":["48"],"angle":-5.1,"mi":3}},{"type":"Feature","geometry":{"type":"Point","coordinates":[28.640359,44.172798]},"properties":{"lines":"48","color":"#0059a9","mode":"bus","arr":["48"],"angle":-7.9,"mi":4}},{"type":"Feature","geometry":{"type":"Point","coordinates":[28.577661,44.168731]},"properties":{"lines":"48","color":"#0059a9","mode":"bus","arr":["48"],"angle":-5.1,"extra":1,"ei":0}},{"type":"Feature","geometry":{"type":"Point","coordinates":[28.580283,44.168901]},"properties":{"lines":"48","color":"#0059a9","mode":"bus","arr":["48"],"angle":-5.2,"extra":1,"ei":1}},{"type":"Feature","geometry":{"type":"Point","coordinates":[28.582904,44.169072]},"properties":{"lines":"48","color":"#0059a9","mode":"bus","arr":["48"],"angle":-5.2,"extra":1,"ei":2}},{"type":"Feature","geometry":{"type":"Point","coordinates":[28.588147,44.169415]},"properties":{"lines":"48","color":"#0059a9","mode":"bus","arr":["48"],"angle":-4.9,"extra":1,"ei":3}},{"type":"Feature","geometry":{"type":"Point","coordinates":[28.590769,44.169584]},"properties":{"lines":"48","color":"#0059a9","mode":"bus","arr":["48"],"angle":-5.3,"extra":1,"ei":4}},{"type":"Feature","geometry":{"type":"Point","coordinates":[28.593393,44.169737]},"properties":{"lines":"48","color":"#0059a9","mode":"bus","arr":["48"],"angle":-4.1,"extra":1,"ei":5}},{"type":"Feature","geometry":{"type":"Point","coordinates":[28.635309,44.172459]},"properties":{"lines":"48","color":"#0059a9","mode":"bus","arr":["48"],"angle":-5.1,"extra":1,"ei":0}},{"type":"Feature","geometry":{"type":"Point","coordinates":[28.627444,44.171951]},"properties":{"lines":"48","color":"#0059a9","mode":"bus","arr":["48"],"angle":-5.1,"extra":1,"ei":1}},{"type":"Feature","geometry":{"type":"Point","coordinates":[28.623602,44.171703]},"properties":{"lines":"48","color":"#0059a9","mode":"bus","arr":["48"],"angle":-5.1,"extra":1,"ei":0}},{"type":"Feature","geometry":{"type":"Point","coordinates":[28.618359,44.171364]},"properties":{"lines":"48","color":"#0059a9","mode":"bus","arr":["48"],"angle":-5.1,"extra":1,"ei":1}},{"type":"Feature","geometry":{"type":"Point","coordinates":[28.615734,44.171224]},"properties":{"lines":"48","color":"#0059a9","mode":"bus","arr":["48"],"angle":-2.6,"extra":1,"ei":2}},{"type":"Feature","geometry":{"type":"Point","coordinates":[28.602799,44.170368]},"properties":{"lines":"48","color":"#0059a9","mode":"bus","arr":["48"],"angle":-5.1,"extra":1,"ei":0}},{"type":"Feature","geometry":{"type":"Point","coordinates":[28.620028,44.146209]},"properties":{"lines":"13","color":"#0059a9","mode":"bus","arr":["13"],"angle":-60}},{"type":"Feature","geometry":{"type":"Point","coordinates":[28.621111,44.176538]},"properties":{"lines":"14, 51","color":"#0059a9","mode":"bus","arr":["14","51"],"angle":-5.5,"mi":1}},{"type":"Feature","geometry":{"type":"Point","coordinates":[28.615342,44.176268]},"properties":{"lines":"14, 51","color":"#0059a9","mode":"bus","arr":["14","51"],"angle":19.7,"extra":1,"ei":0,"side":-1}},{"type":"Feature","geometry":{"type":"Point","coordinates":[28.626646,44.177709]},"properties":{"lines":"14, 51","color":"#0059a9","mode":"bus","arr":["14","51"],"angle":-17.6,"extra":1,"ei":0}},{"type":"Feature","geometry":{"type":"Point","coordinates":[28.624136,44.17714]},"properties":{"lines":"14, 51","color":"#0059a9","mode":"bus","arr":["14","51"],"angle":-17.8,"extra":1,"ei":1}},{"type":"Feature","geometry":{"type":"Point","coordinates":[28.619003,44.176398]},"properties":{"lines":"14, 51","color":"#0059a9","mode":"bus","arr":["14","51"],"angle":-5,"extra":1,"ei":2}},{"type":"Feature","geometry":{"type":"Point","coordinates":[28.630523,44.178929]},"properties":{"lines":"14, 51","color":"#0059a9","mode":"bus","arr":["14","51"],"angle":-24.6}},{"type":"Feature","geometry":{"type":"Point","coordinates":[28.634769,44.180091]},"properties":{"lines":"14, 44, 51","color":"#0059a9","mode":"bus","arr":["14","44","51"],"angle":-2}},{"type":"Feature","geometry":{"type":"Point","coordinates":[28.635362,44.184373]},"properties":{"lines":"14, 100C, 100M","color":"#0059a9","mode":"bus","arr":["14","100C","100M"],"angle":82.2}},{"type":"Feature","geometry":{"type":"Point","coordinates":[28.635772,44.181053]},"properties":{"lines":"14, 100C, 100M","color":"#0059a9","mode":"bus","arr":["14","100C","100M"],"angle":87.5,"extra":1,"ei":0}},{"type":"Feature","geometry":{"type":"Point","coordinates":[28.635619,44.182938]},"properties":{"lines":"14, 100C, 100M","color":"#0059a9","mode":"bus","arr":["14","100C","100M"],"angle":83.6,"extra":1,"ei":1}},{"type":"Feature","geometry":{"type":"Point","coordinates":[28.634707,44.186654]},"properties":{"lines":"14, 100C, 100M","color":"#0059a9","mode":"bus","arr":["14","100C","100M"],"angle":77.1,"extra":1,"ei":2}},{"type":"Feature","geometry":{"type":"Point","coordinates":[28.6341,44.188491]},"properties":{"lines":"14, 100C, 100M","color":"#0059a9","mode":"bus","arr":["14","100C","100M"],"angle":76.4,"extra":1,"ei":3}},{"type":"Feature","geometry":{"type":"Point","coordinates":[28.642981,44.187743]},"properties":{"lines":"14","color":"#0059a9","mode":"bus","arr":["14"],"angle":-34,"mi":3}},{"type":"Feature","geometry":{"type":"Point","coordinates":[28.636493,44.185087]},"properties":{"lines":"14","color":"#0059a9","mode":"bus","arr":["14"],"angle":-30.4,"extra":1,"ei":0}},{"type":"Feature","geometry":{"type":"Point","coordinates":[28.638765,44.18604]},"properties":{"lines":"14","color":"#0059a9","mode":"bus","arr":["14"],"angle":-30.4,"extra":1,"ei":1}},{"type":"Feature","geometry":{"type":"Point","coordinates":[28.641073,44.186948]},"properties":{"lines":"14","color":"#0059a9","mode":"bus","arr":["14"],"angle":-28.5,"extra":1,"ei":2}},{"type":"Feature","geometry":{"type":"Point","coordinates":[28.64561,44.188859]},"properties":{"lines":"14","color":"#0059a9","mode":"bus","arr":["14"],"angle":-29.6,"extra":1,"ei":3}},{"type":"Feature","geometry":{"type":"Point","coordinates":[28.647902,44.189788]},"properties":{"lines":"14","color":"#0059a9","mode":"bus","arr":["14"],"angle":-29.7,"extra":1,"ei":4}},{"type":"Feature","geometry":{"type":"Point","coordinates":[28.650184,44.190729]},"properties":{"lines":"14","color":"#0059a9","mode":"bus","arr":["14"],"angle":-30,"extra":1,"ei":5}},{"type":"Feature","geometry":{"type":"Point","coordinates":[28.650884,44.190131]},"properties":{"lines":"14","color":"#0059a9","mode":"bus","arr":["14"],"angle":53.2,"side":-1,"mi":5}},{"type":"Feature","geometry":{"type":"Point","coordinates":[28.635642,44.180305]},"properties":{"lines":"14","color":"#0059a9","mode":"bus","arr":["14"],"angle":-52.1,"mi":7}},{"type":"Feature","geometry":{"type":"Point","coordinates":[28.643826,44.194944]},"properties":{"lines":"14","color":"#0059a9","mode":"bus","arr":["14"],"angle":-30.7,"mi":1}},{"type":"Feature","geometry":{"type":"Point","coordinates":[28.650188,44.197331]},"properties":{"lines":"14","color":"#0059a9","mode":"bus","arr":["14"],"angle":-19.5,"mi":6}},{"type":"Feature","geometry":{"type":"Point","coordinates":[28.638831,44.192796]},"properties":{"lines":"14","color":"#0059a9","mode":"bus","arr":["14"],"angle":-34.9,"side":-1}},{"type":"Feature","geometry":{"type":"Point","coordinates":[28.64715,44.196363]},"properties":{"lines":"14","color":"#0059a9","mode":"bus","arr":["14"],"angle":-30.8,"extra":1,"ei":0}},{"type":"Feature","geometry":{"type":"Point","coordinates":[28.640356,44.193475]},"properties":{"lines":"14","color":"#0059a9","mode":"bus","arr":["14"],"angle":-30.6,"extra":1,"ei":1}},{"type":"Feature","geometry":{"type":"Point","coordinates":[28.64734,44.206085]},"properties":{"lines":"14","color":"#0059a9","mode":"bus","arr":["14"],"angle":68.5,"mi":8}},{"type":"Feature","geometry":{"type":"Point","coordinates":[28.651468,44.198657]},"properties":{"lines":"14","color":"#0059a9","mode":"bus","arr":["14"],"angle":68.1,"extra":1,"ei":0}},{"type":"Feature","geometry":{"type":"Point","coordinates":[28.650482,44.200408]},"properties":{"lines":"14","color":"#0059a9","mode":"bus","arr":["14"],"angle":69.6,"extra":1,"ei":1}},{"type":"Feature","geometry":{"type":"Point","coordinates":[28.649521,44.202166]},"properties":{"lines":"14","color":"#0059a9","mode":"bus","arr":["14"],"angle":68.2,"extra":1,"ei":2}},{"type":"Feature","geometry":{"type":"Point","coordinates":[28.648543,44.20392]},"properties":{"lines":"14","color":"#0059a9","mode":"bus","arr":["14"],"angle":68.3,"extra":1,"ei":3}},{"type":"Feature","geometry":{"type":"Point","coordinates":[28.646629,44.207435]},"properties":{"lines":"14","color":"#0059a9","mode":"bus","arr":["14"],"angle":79,"extra":1,"ei":4}},{"type":"Feature","geometry":{"type":"Point","coordinates":[28.646374,44.209314]},"properties":{"lines":"14","color":"#0059a9","mode":"bus","arr":["14"],"angle":82.4,"extra":1,"ei":5}},{"type":"Feature","geometry":{"type":"Point","coordinates":[28.646018,44.211186]},"properties":{"lines":"14","color":"#0059a9","mode":"bus","arr":["14"],"angle":82.2,"extra":1,"ei":6}},{"type":"Feature","geometry":{"type":"Point","coordinates":[28.645222,44.212904]},"properties":{"lines":"14","color":"#0059a9","mode":"bus","arr":["14"],"angle":36.5,"extra":1,"ei":7}},{"type":"Feature","geometry":{"type":"Point","coordinates":[28.61611,44.208495]},"properties":{"lines":"14","color":"#0059a9","mode":"bus","arr":["14"],"angle":-44.1}},{"type":"Feature","geometry":{"type":"Point","coordinates":[28.609545,44.200641]},"properties":{"lines":"14, 43M, 101M","color":"#0059a9","mode":"bus","arr":["14","43M","101M"],"angle":-52.2}},{"type":"Feature","geometry":{"type":"Point","coordinates":[28.609271,44.200427]},"properties":{"lines":"14, 43M, 101M","color":"#0059a9","mode":"bus","arr":["14","43M","101M"],"angle":16.8,"mi":1}},{"type":"Feature","geometry":{"type":"Point","coordinates":[28.646053,44.205281]},"properties":{"lines":"14, 102","color":"#0059a9","mode":"bus","arr":["14","102"],"angle":-18.5,"mi":1}},{"type":"Feature","geometry":{"type":"Point","coordinates":[28.642965,44.204467]},"properties":{"lines":"14, 102","color":"#0059a9","mode":"bus","arr":["14","102"],"angle":-35.7}},{"type":"Feature","geometry":{"type":"Point","coordinates":[28.637221,44.1908]},"properties":{"lines":"14","color":"#0059a9","mode":"bus","arr":["14"],"angle":-65.4,"mi":2}},{"type":"Feature","geometry":{"type":"Point","coordinates":[28.635042,44.18872]},"properties":{"lines":"14","color":"#0059a9","mode":"bus","arr":["14"],"angle":-13.3,"mi":4}},{"type":"Feature","geometry":{"type":"Point","coordinates":[28.644474,44.18357]},"properties":{"lines":"42","color":"#0059a9","mode":"bus","arr":["42"],"angle":-48.1,"side":-1}},{"type":"Feature","geometry":{"type":"Point","coordinates":[28.642947,44.182787]},"properties":{"lines":"42","color":"#0059a9","mode":"bus","arr":["42"],"angle":-40.8,"extra":1,"ei":0}},{"type":"Feature","geometry":{"type":"Point","coordinates":[28.646477,44.185396]},"properties":{"lines":"42","color":"#0059a9","mode":"bus","arr":["42"],"angle":-42.8,"extra":1,"ei":0,"side":-1}},{"type":"Feature","geometry":{"type":"Point","coordinates":[28.646173,44.178498]},"properties":{"lines":"42, 44, 48, 51, 101","color":"#0059a9","mode":"bus","arr":["42","44","48","51","101"],"angle":50.1,"mi":2}},{"type":"Feature","geometry":{"type":"Point","coordinates":[28.643091,44.181137]},"properties":{"lines":"42, 44, 48, 51, 101","color":"#0059a9","mode":"bus","arr":["42","44","48","51","101"],"angle":50.2,"extra":1,"ei":0}},{"type":"Feature","geometry":{"type":"Point","coordinates":[28.644781,44.179689]},"properties":{"lines":"42, 44, 48, 51, 101","color":"#0059a9","mode":"bus","arr":["42","44","48","51","101"],"angle":50.1,"extra":1,"ei":1}},{"type":"Feature","geometry":{"type":"Point","coordinates":[28.648164,44.176795]},"properties":{"lines":"42, 44, 48, 51, 101","color":"#0059a9","mode":"bus","arr":["42","44","48","51","101"],"angle":50,"extra":1,"ei":2}},{"type":"Feature","geometry":{"type":"Point","coordinates":[28.649879,44.175362]},"properties":{"lines":"42, 44, 48, 51, 101","color":"#0059a9","mode":"bus","arr":["42","44","48","51","101"],"angle":34.1,"extra":1,"ei":3}},{"type":"Feature","geometry":{"type":"Point","coordinates":[28.650899,44.175454]},"properties":{"lines":"42, 44, 48, 51, 101","color":"#0059a9","mode":"bus","arr":["42","44","48","51","101"],"angle":-30.6}},{"type":"Feature","geometry":{"type":"Point","coordinates":[28.651866,44.175283]},"properties":{"lines":"42, 44, 48, 51, 101","color":"#0059a9","mode":"bus","arr":["42","44","48","51","101"],"angle":41.8,"side":-1,"mi":1}},{"type":"Feature","geometry":{"type":"Point","coordinates":[28.657048,44.173259]},"properties":{"lines":"42, 44, 51, 101, CiTy Tour","color":"#0059a9","mode":"bus","arr":["42","44","51","101","CiTy Tour"],"angle":43.7,"mi":1}},{"type":"Feature","geometry":{"type":"Point","coordinates":[28.651961,44.175381]},"properties":{"lines":"42, 44, 51, 101, CiTy Tour","color":"#0059a9","mode":"bus","arr":["42","44","51","101","CiTy Tour"],"angle":44}},{"type":"Feature","geometry":{"type":"Point","coordinates":[28.653946,44.174609]},"properties":{"lines":"42, 44, 51, 101, CiTy Tour","color":"#0059a9","mode":"bus","arr":["42","44","51","101","CiTy Tour"],"angle":26.5,"extra":1,"ei":0}},{"type":"Feature","geometry":{"type":"Point","coordinates":[28.659474,44.170778]},"properties":{"lines":"42, 44, 51, 101, CiTy Tour","color":"#0059a9","mode":"bus","arr":["42","44","51","101","CiTy Tour"],"angle":61.8,"extra":1,"ei":1}},{"type":"Feature","geometry":{"type":"Point","coordinates":[28.657844,44.172528]},"properties":{"lines":"42, 44, 51, 101","color":"#0059a9","mode":"bus","arr":["42","44","51","101"],"angle":58.4,"side":-1,"mi":1}},{"type":"Feature","geometry":{"type":"Point","coordinates":[28.659525,44.17049]},"properties":{"lines":"42, 44, 51, 101","color":"#0059a9","mode":"bus","arr":["42","44","51","101"],"angle":68,"side":-1}},{"type":"Feature","geometry":{"type":"Point","coordinates":[28.658775,44.171499]},"properties":{"lines":"42, 44, 51","color":"#0059a9","mode":"bus","arr":["42","44","51"],"angle":57.9}},{"type":"Feature","geometry":{"type":"Point","coordinates":[28.660691,44.17043]},"properties":{"lines":"42, CiTy Tour","color":"#0059a9","mode":"bus","arr":["42","CiTy Tour"],"angle":-26.3,"mi":3}},{"type":"Feature","geometry":{"type":"Point","coordinates":[28.663071,44.17107]},"properties":{"lines":"42, CiTy Tour","color":"#0059a9","mode":"bus","arr":["42","CiTy Tour"],"angle":-24.8}},{"type":"Feature","geometry":{"type":"Point","coordinates":[28.664273,44.172317]},"properties":{"lines":"42, CiTy Tour","color":"#0059a9","mode":"bus","arr":["42","CiTy Tour"],"angle":66.2,"mi":1}},{"type":"Feature","geometry":{"type":"Point","coordinates":[28.663445,44.173572]},"properties":{"lines":"42, CiTy Tour","color":"#0059a9","mode":"bus","arr":["42","CiTy Tour"],"angle":18.8,"mi":2}},{"type":"Feature","geometry":{"type":"Point","coordinates":[28.643719,44.177893]},"properties":{"lines":"44, 51","color":"#0059a9","mode":"bus","arr":["44","51"],"angle":-40.5,"mi":2}},{"type":"Feature","geometry":{"type":"Point","coordinates":[28.641657,44.176953]},"properties":{"lines":"44, 48, 51, 101","color":"#0059a9","mode":"bus","arr":["44","48","51","101"],"angle":51.3}},{"type":"Feature","geometry":{"type":"Point","coordinates":[28.638999,44.179208]},"properties":{"lines":"44, 51","color":"#0059a9","mode":"bus","arr":["44","51"],"angle":49.5,"mi":1}},{"type":"Feature","geometry":{"type":"Point","coordinates":[28.640391,44.178023]},"properties":{"lines":"44, 51","color":"#0059a9","mode":"bus","arr":["44","51"],"angle":49.9,"extra":1,"ei":0}},{"type":"Feature","geometry":{"type":"Point","coordinates":[28.636353,44.180096]},"properties":{"lines":"44, 51","color":"#0059a9","mode":"bus","arr":["44","51"],"angle":3.8,"extra":1,"ei":1}},{"type":"Feature","geometry":{"type":"Point","coordinates":[28.633776,44.180156]},"properties":{"lines":"44","color":"#0059a9","mode":"bus","arr":["44"],"angle":23}},{"type":"Feature","geometry":{"type":"Point","coordinates":[28.612021,44.188343]},"properties":{"lines":"44","color":"#0059a9","mode":"bus","arr":["44"],"angle":35.4}},{"type":"Feature","geometry":{"type":"Point","coordinates":[28.627857,44.182707]},"properties":{"lines":"44","color":"#0059a9","mode":"bus","arr":["44"],"angle":25.1,"mi":1}},{"type":"Feature","geometry":{"type":"Point","coordinates":[28.622597,44.184459]},"properties":{"lines":"44","color":"#0059a9","mode":"bus","arr":["44"],"angle":24.9,"extra":1,"ei":0}},{"type":"Feature","geometry":{"type":"Point","coordinates":[28.624981,44.183658]},"properties":{"lines":"44","color":"#0059a9","mode":"bus","arr":["44"],"angle":24.7,"extra":1,"ei":1}},{"type":"Feature","geometry":{"type":"Point","coordinates":[28.629762,44.182077]},"properties":{"lines":"44","color":"#0059a9","mode":"bus","arr":["44"],"angle":24.8,"extra":1,"ei":2}},{"type":"Feature","geometry":{"type":"Point","coordinates":[28.63215,44.181282]},"properties":{"lines":"44","color":"#0059a9","mode":"bus","arr":["44"],"angle":25.1,"extra":1,"ei":3}},{"type":"Feature","geometry":{"type":"Point","coordinates":[28.620132,44.185268]},"properties":{"lines":"44","color":"#0059a9","mode":"bus","arr":["44"],"angle":24.4,"extra":1,"ei":0}},{"type":"Feature","geometry":{"type":"Point","coordinates":[28.617739,44.186056]},"properties":{"lines":"44","color":"#0059a9","mode":"bus","arr":["44"],"angle":24.6,"extra":1,"ei":1}},{"type":"Feature","geometry":{"type":"Point","coordinates":[28.61535,44.186849]},"properties":{"lines":"44","color":"#0059a9","mode":"bus","arr":["44"],"angle":25.5,"extra":1,"ei":2}},{"type":"Feature","geometry":{"type":"Point","coordinates":[28.608791,44.189989]},"properties":{"lines":"44","color":"#0059a9","mode":"bus","arr":["44"],"angle":35.4,"extra":1,"ei":3}},{"type":"Feature","geometry":{"type":"Point","coordinates":[28.606645,44.191083]},"properties":{"lines":"44","color":"#0059a9","mode":"bus","arr":["44"],"angle":35.4,"extra":1,"ei":4}},{"type":"Feature","geometry":{"type":"Point","coordinates":[28.604499,44.192176]},"properties":{"lines":"44","color":"#0059a9","mode":"bus","arr":["44"],"angle":35.3,"extra":1,"ei":5}},{"type":"Feature","geometry":{"type":"Point","coordinates":[28.61662,44.199242]},"properties":{"lines":"44","color":"#0059a9","mode":"bus","arr":["44"],"angle":30.6}},{"type":"Feature","geometry":{"type":"Point","coordinates":[28.622575,44.196825]},"properties":{"lines":"44","color":"#0059a9","mode":"bus","arr":["44"],"angle":13.7,"extra":1,"ei":0}},{"type":"Feature","geometry":{"type":"Point","coordinates":[28.620153,44.19752]},"properties":{"lines":"44","color":"#0059a9","mode":"bus","arr":["44"],"angle":32.7,"extra":1,"ei":0}},{"type":"Feature","geometry":{"type":"Point","coordinates":[28.61804,44.198639]},"properties":{"lines":"44","color":"#0059a9","mode":"bus","arr":["44"],"angle":30.5,"extra":1,"ei":1}},{"type":"Feature","geometry":{"type":"Point","coordinates":[28.61369,44.200721]},"properties":{"lines":"44","color":"#0059a9","mode":"bus","arr":["44"],"angle":50.7,"extra":1,"ei":2}},{"type":"Feature","geometry":{"type":"Point","coordinates":[28.611943,44.202133]},"properties":{"lines":"44","color":"#0059a9","mode":"bus","arr":["44"],"angle":47.4,"extra":1,"ei":3}},{"type":"Feature","geometry":{"type":"Point","coordinates":[28.641476,44.179584]},"properties":{"lines":"44, 51","color":"#0059a9","mode":"bus","arr":["44","51"],"angle":88.3}},{"type":"Feature","geometry":{"type":"Point","coordinates":[28.641548,44.17817]},"properties":{"lines":"44, 51","color":"#0059a9","mode":"bus","arr":["44","51"],"angle":88.4,"extra":1,"ei":0}},{"type":"Feature","geometry":{"type":"Point","coordinates":[28.57685,44.168897]},"properties":{"lines":"48","color":"#0059a9","mode":"bus","arr":["48"],"angle":4.8,"mi":1}},{"type":"Feature","geometry":{"type":"Point","coordinates":[28.651907,44.175338]},"properties":{"lines":"48","color":"#0059a9","mode":"bus","arr":["48"],"angle":39.9,"mi":7}},{"type":"Feature","geometry":{"type":"Point","coordinates":[28.641302,44.179659]},"properties":{"lines":"48, 101","color":"#0059a9","mode":"bus","arr":["48","101"],"angle":87.9,"side":-1,"mi":1}},{"type":"Feature","geometry":{"type":"Point","coordinates":[28.641723,44.181066]},"properties":{"lines":"48, 101","color":"#0059a9","mode":"bus","arr":["48","101"],"angle":-72.6,"extra":1,"ei":0}},{"type":"Feature","geometry":{"type":"Point","coordinates":[28.641451,44.177336]},"properties":{"lines":"48, 101","color":"#0059a9","mode":"bus","arr":["48","101"],"angle":87.1,"extra":1,"ei":1}},{"type":"Feature","geometry":{"type":"Point","coordinates":[28.643012,44.175795]},"properties":{"lines":"48, 101","color":"#0059a9","mode":"bus","arr":["48","101"],"angle":50.2}},{"type":"Feature","geometry":{"type":"Point","coordinates":[28.606949,44.174227]},"properties":{"lines":"51","color":"#0059a9","mode":"bus","arr":["51"],"angle":-77.7}},{"type":"Feature","geometry":{"type":"Point","coordinates":[28.601613,44.1756]},"properties":{"lines":"51","color":"#0059a9","mode":"bus","arr":["51"],"angle":34.2,"mi":2}},{"type":"Feature","geometry":{"type":"Point","coordinates":[28.605461,44.17366]},"properties":{"lines":"51","color":"#0059a9","mode":"bus","arr":["51"],"angle":35.2,"extra":1,"ei":0}},{"type":"Feature","geometry":{"type":"Point","coordinates":[28.603314,44.174752]},"properties":{"lines":"51","color":"#0059a9","mode":"bus","arr":["51"],"angle":34.9,"extra":1,"ei":1}},{"type":"Feature","geometry":{"type":"Point","coordinates":[28.599036,44.176953]},"properties":{"lines":"51","color":"#0059a9","mode":"bus","arr":["51"],"angle":37.5,"extra":1,"ei":2}},{"type":"Feature","geometry":{"type":"Point","coordinates":[28.596932,44.178087]},"properties":{"lines":"51","color":"#0059a9","mode":"bus","arr":["51"],"angle":38.9,"extra":1,"ei":3}},{"type":"Feature","geometry":{"type":"Point","coordinates":[28.632108,44.195665]},"properties":{"lines":"100C, 100M","color":"#0059a9","mode":"bus","arr":["100C","100M"],"angle":78.9}},{"type":"Feature","geometry":{"type":"Point","coordinates":[28.630481,44.201866]},"properties":{"lines":"100C, 100M","color":"#0059a9","mode":"bus","arr":["100C","100M"],"angle":79.2,"extra":1,"ei":0}},{"type":"Feature","geometry":{"type":"Point","coordinates":[28.630952,44.200008]},"properties":{"lines":"100C, 100M","color":"#0059a9","mode":"bus","arr":["100C","100M"],"angle":79.7,"extra":1,"ei":1}},{"type":"Feature","geometry":{"type":"Point","coordinates":[28.631419,44.198149]},"properties":{"lines":"100C, 100M","color":"#0059a9","mode":"bus","arr":["100C","100M"],"angle":79.9,"extra":1,"ei":2}},{"type":"Feature","geometry":{"type":"Point","coordinates":[28.632442,44.194445]},"properties":{"lines":"100C, 100M","color":"#0059a9","mode":"bus","arr":["100C","100M"],"angle":78.8,"extra":1,"ei":3}},{"type":"Feature","geometry":{"type":"Point","coordinates":[28.632953,44.192592]},"properties":{"lines":"100C, 100M","color":"#0059a9","mode":"bus","arr":["100C","100M"],"angle":78.9,"extra":1,"ei":4}},{"type":"Feature","geometry":{"type":"Point","coordinates":[28.633468,44.19074]},"properties":{"lines":"100C, 100M","color":"#0059a9","mode":"bus","arr":["100C","100M"],"angle":78.5,"extra":1,"ei":5}},{"type":"Feature","geometry":{"type":"Point","coordinates":[28.633971,44.188886]},"properties":{"lines":"100C, 100M","color":"#0059a9","mode":"bus","arr":["100C","100M"],"angle":78.1,"extra":1,"ei":6}},{"type":"Feature","geometry":{"type":"Point","coordinates":[28.636145,44.175196]},"properties":{"lines":"100C, 100M","color":"#0059a9","mode":"bus","arr":["100C","100M"],"angle":85.9}},{"type":"Feature","geometry":{"type":"Point","coordinates":[28.635902,44.179167]},"properties":{"lines":"100C, 100M","color":"#0059a9","mode":"bus","arr":["100C","100M"],"angle":88,"extra":1,"ei":0}},{"type":"Feature","geometry":{"type":"Point","coordinates":[28.635996,44.177279]},"properties":{"lines":"100C, 100M","color":"#0059a9","mode":"bus","arr":["100C","100M"],"angle":87.9,"extra":1,"ei":1}},{"type":"Feature","geometry":{"type":"Point","coordinates":[28.636418,44.173518]},"properties":{"lines":"100C, 100M","color":"#0059a9","mode":"bus","arr":["100C","100M"],"angle":81.6,"extra":1,"ei":2}},{"type":"Feature","geometry":{"type":"Point","coordinates":[28.636784,44.171648]},"properties":{"lines":"100C, 100M","color":"#0059a9","mode":"bus","arr":["100C","100M"],"angle":82.6,"extra":1,"ei":3,"side":-1}},{"type":"Feature","geometry":{"type":"Point","coordinates":[28.637151,44.16873]},"properties":{"lines":"100M","color":"#0059a9","mode":"bus","arr":["100M"],"angle":-64.4,"side":-1}},{"type":"Feature","geometry":{"type":"Point","coordinates":[28.635822,44.167875]},"properties":{"lines":"100M","color":"#0059a9","mode":"bus","arr":["100M"],"angle":-41.4,"extra":1,"ei":0}},{"type":"Feature","geometry":{"type":"Point","coordinates":[28.630357,44.21958]},"properties":{"lines":"100M","color":"#0059a9","mode":"bus","arr":["100M"],"angle":63.6,"side":-1,"mi":1}},{"type":"Feature","geometry":{"type":"Point","coordinates":[28.620789,44.242139]},"properties":{"lines":"100M, CiTy Tour","color":"#0059a9","mode":"bus","arr":["100M","CiTy Tour"],"angle":79.2,"side":-1}},{"type":"Feature","geometry":{"type":"Point","coordinates":[28.625963,44.230523]},"properties":{"lines":"100M, CiTy Tour","color":"#0059a9","mode":"bus","arr":["100M","CiTy Tour"],"angle":76,"side":-1}},{"type":"Feature","geometry":{"type":"Point","coordinates":[28.618953,44.253591]},"properties":{"lines":"100M, CiTy Tour","color":"#0059a9","mode":"bus","arr":["100M","CiTy Tour"],"angle":85.8,"side":-1}},{"type":"Feature","geometry":{"type":"Point","coordinates":[28.618339,44.261635]},"properties":{"lines":"100M, CiTy Tour","color":"#0059a9","mode":"bus","arr":["100M","CiTy Tour"],"angle":-89.8,"side":-1,"mi":1}},{"type":"Feature","geometry":{"type":"Point","coordinates":[28.627995,44.225914]},"properties":{"lines":"100M, CiTy Tour","color":"#0059a9","mode":"bus","arr":["100M","CiTy Tour"],"angle":68.8,"extra":1,"ei":0}},{"type":"Feature","geometry":{"type":"Point","coordinates":[28.627101,44.22769]},"properties":{"lines":"100M, CiTy Tour","color":"#0059a9","mode":"bus","arr":["100M","CiTy Tour"],"angle":73.7,"extra":1,"ei":1}},{"type":"Feature","geometry":{"type":"Point","coordinates":[28.624921,44.233131]},"properties":{"lines":"100M, CiTy Tour","color":"#0059a9","mode":"bus","arr":["100M","CiTy Tour"],"angle":70.6,"extra":1,"ei":2}},{"type":"Feature","geometry":{"type":"Point","coordinates":[28.624035,44.234909]},"properties":{"lines":"100M, CiTy Tour","color":"#0059a9","mode":"bus","arr":["100M","CiTy Tour"],"angle":66.7,"extra":1,"ei":3}},{"type":"Feature","geometry":{"type":"Point","coordinates":[28.622558,44.236928]},"properties":{"lines":"100M, CiTy Tour","color":"#0059a9","mode":"bus","arr":["100M","CiTy Tour"],"angle":63.3,"extra":1,"ei":0}},{"type":"Feature","geometry":{"type":"Point","coordinates":[28.621867,44.238744]},"properties":{"lines":"100M, CiTy Tour","color":"#0059a9","mode":"bus","arr":["100M","CiTy Tour"],"angle":77.7,"extra":1,"ei":1}},{"type":"Feature","geometry":{"type":"Point","coordinates":[28.621331,44.240593]},"properties":{"lines":"100M, CiTy Tour","color":"#0059a9","mode":"bus","arr":["100M","CiTy Tour"],"angle":78.7,"extra":1,"ei":2}},{"type":"Feature","geometry":{"type":"Point","coordinates":[28.620312,44.244299]},"properties":{"lines":"100M, CiTy Tour","color":"#0059a9","mode":"bus","arr":["100M","CiTy Tour"],"angle":78.9,"extra":1,"ei":3}},{"type":"Feature","geometry":{"type":"Point","coordinates":[28.619898,44.246163]},"properties":{"lines":"100M, CiTy Tour","color":"#0059a9","mode":"bus","arr":["100M","CiTy Tour"],"angle":83.5,"extra":1,"ei":4}},{"type":"Feature","geometry":{"type":"Point","coordinates":[28.619687,44.248045]},"properties":{"lines":"100M, CiTy Tour","color":"#0059a9","mode":"bus","arr":["100M","CiTy Tour"],"angle":-88.8,"extra":1,"ei":5,"side":-1}},{"type":"Feature","geometry":{"type":"Point","coordinates":[28.619524,44.249471]},"properties":{"lines":"100M, CiTy Tour","color":"#0059a9","mode":"bus","arr":["100M","CiTy Tour"],"angle":85.8,"extra":1,"ei":0}},{"type":"Feature","geometry":{"type":"Point","coordinates":[28.619322,44.251354]},"properties":{"lines":"100M, CiTy Tour","color":"#0059a9","mode":"bus","arr":["100M","CiTy Tour"],"angle":85.6,"extra":1,"ei":1}},{"type":"Feature","geometry":{"type":"Point","coordinates":[28.618901,44.255119]},"properties":{"lines":"100M, CiTy Tour","color":"#0059a9","mode":"bus","arr":["100M","CiTy Tour"],"angle":85.5,"extra":1,"ei":2}},{"type":"Feature","geometry":{"type":"Point","coordinates":[28.618696,44.257002]},"properties":{"lines":"100M, CiTy Tour","color":"#0059a9","mode":"bus","arr":["100M","CiTy Tour"],"angle":85.5,"extra":1,"ei":3}},{"type":"Feature","geometry":{"type":"Point","coordinates":[28.618389,44.259719]},"properties":{"lines":"100M, CiTy Tour","color":"#0059a9","mode":"bus","arr":["100M","CiTy Tour"],"angle":86.3,"extra":1,"ei":0}},{"type":"Feature","geometry":{"type":"Point","coordinates":[28.618344,44.263495]},"properties":{"lines":"100M, CiTy Tour","color":"#0059a9","mode":"bus","arr":["100M","CiTy Tour"],"angle":-89.6,"extra":1,"ei":1,"side":-1}},{"type":"Feature","geometry":{"type":"Point","coordinates":[28.628368,44.217246]},"properties":{"lines":"100M","color":"#0059a9","mode":"bus","arr":["100M"],"angle":-54.3}},{"type":"Feature","geometry":{"type":"Point","coordinates":[28.632706,44.169153]},"properties":{"lines":"100M, CiTy Tour","color":"#0059a9","mode":"bus","arr":["100M","CiTy Tour"],"angle":-23.2}},{"type":"Feature","geometry":{"type":"Point","coordinates":[28.590427,44.163451]},"properties":{"lines":"101","color":"#0059a9","mode":"bus","arr":["101"],"angle":78.5}},{"type":"Feature","geometry":{"type":"Point","coordinates":[28.586451,44.159804]},"properties":{"lines":"101","color":"#0059a9","mode":"bus","arr":["101"],"angle":80.6,"extra":1,"ei":0}},{"type":"Feature","geometry":{"type":"Point","coordinates":[28.587595,44.161174]},"properties":{"lines":"101","color":"#0059a9","mode":"bus","arr":["101"],"angle":-30.2,"extra":1,"ei":1}},{"type":"Feature","geometry":{"type":"Point","coordinates":[28.589869,44.162125]},"properties":{"lines":"101","color":"#0059a9","mode":"bus","arr":["101"],"angle":-30.2,"extra":1,"ei":2}},{"type":"Feature","geometry":{"type":"Point","coordinates":[28.592456,44.164421]},"properties":{"lines":"101","color":"#0059a9","mode":"bus","arr":["101"],"angle":-11.2,"extra":1,"ei":3}},{"type":"Feature","geometry":{"type":"Point","coordinates":[28.595044,44.164769]},"properties":{"lines":"101","color":"#0059a9","mode":"bus","arr":["101"],"angle":-10.5,"extra":1,"ei":4}},{"type":"Feature","geometry":{"type":"Point","coordinates":[28.597629,44.165127]},"properties":{"lines":"101","color":"#0059a9","mode":"bus","arr":["101"],"angle":-11.1,"extra":1,"ei":5}},{"type":"Feature","geometry":{"type":"Point","coordinates":[28.62449,44.147724]},"properties":{"lines":"101, 101M","color":"#0059a9","mode":"bus","arr":["101","101M"],"angle":-60.8}},{"type":"Feature","geometry":{"type":"Point","coordinates":[28.625494,44.149673]},"properties":{"lines":"101, 101M","color":"#0059a9","mode":"bus","arr":["101","101M"],"angle":76,"extra":1,"ei":0}},{"type":"Feature","geometry":{"type":"Point","coordinates":[28.623543,44.146253]},"properties":{"lines":"101, 101M","color":"#0059a9","mode":"bus","arr":["101","101M"],"angle":-86.3,"extra":1,"ei":1}},{"type":"Feature","geometry":{"type":"Point","coordinates":[28.629981,44.157599]},"properties":{"lines":"101, 101M","color":"#0059a9","mode":"bus","arr":["101","101M"],"angle":2.1,"mi":1}},{"type":"Feature","geometry":{"type":"Point","coordinates":[28.63022,44.162632]},"properties":{"lines":"101, 101M","color":"#0059a9","mode":"bus","arr":["101","101M"],"angle":-68.9}},{"type":"Feature","geometry":{"type":"Point","coordinates":[28.632848,44.167449]},"properties":{"lines":"101, 101M","color":"#0059a9","mode":"bus","arr":["101","101M"],"angle":64.3,"mi":3}},{"type":"Feature","geometry":{"type":"Point","coordinates":[28.628665,44.158659]},"properties":{"lines":"101, 101M","color":"#0059a9","mode":"bus","arr":["101","101M"],"angle":-87.6,"extra":1,"ei":0}},{"type":"Feature","geometry":{"type":"Point","coordinates":[28.629068,44.160505]},"properties":{"lines":"101, 101M","color":"#0059a9","mode":"bus","arr":["101","101M"],"angle":-68.7,"extra":1,"ei":1}},{"type":"Feature","geometry":{"type":"Point","coordinates":[28.630954,44.164031]},"properties":{"lines":"101, 101M","color":"#0059a9","mode":"bus","arr":["101","101M"],"angle":-68.9,"extra":1,"ei":2}},{"type":"Feature","geometry":{"type":"Point","coordinates":[28.631947,44.16578]},"properties":{"lines":"101, 101M","color":"#0059a9","mode":"bus","arr":["101","101M"],"angle":-63.9,"extra":1,"ei":3}},{"type":"Feature","geometry":{"type":"Point","coordinates":[28.658671,44.171453]},"properties":{"lines":"101","color":"#0059a9","mode":"bus","arr":["101"],"angle":57.8,"side":-1}},{"type":"Feature","geometry":{"type":"Point","coordinates":[28.630898,44.157421]},"properties":{"lines":"101, 101M","color":"#0059a9","mode":"bus","arr":["101","101M"],"angle":63.6,"side":-1,"mi":2}},{"type":"Feature","geometry":{"type":"Point","coordinates":[28.586325,44.158834]},"properties":{"lines":"101","color":"#0059a9","mode":"bus","arr":["101"],"angle":-8.9,"mi":1}},{"type":"Feature","geometry":{"type":"Point","coordinates":[28.633049,44.202733]},"properties":{"lines":"102","color":"#0059a9","mode":"bus","arr":["102"],"angle":2.7,"mi":4}},{"type":"Feature","geometry":{"type":"Point","coordinates":[28.638874,44.202707]},"properties":{"lines":"102","color":"#0059a9","mode":"bus","arr":["102"],"angle":-4.2,"side":-1,"mi":1}},{"type":"Feature","geometry":{"type":"Point","coordinates":[28.634853,44.202666]},"properties":{"lines":"102","color":"#0059a9","mode":"bus","arr":["102"],"angle":0.9,"extra":1,"ei":0}},{"type":"Feature","geometry":{"type":"Point","coordinates":[28.648826,44.205955]},"properties":{"lines":"102","color":"#0059a9","mode":"bus","arr":["102"],"angle":-19.2,"mi":2}},{"type":"Feature","geometry":{"type":"Point","coordinates":[28.644929,44.205043]},"properties":{"lines":"102","color":"#0059a9","mode":"bus","arr":["102"],"angle":-17}},{"type":"Feature","geometry":{"type":"Point","coordinates":[28.649535,44.207503]},"properties":{"lines":"102","color":"#0059a9","mode":"bus","arr":["102"],"angle":-15.1,"mi":3}},{"type":"Feature","geometry":{"type":"Point","coordinates":[28.632949,44.158744]},"properties":{"lines":"CiTy Tour","color":"#0059a9","mode":"bus","arr":["CiTy Tour"],"angle":-75.7}},{"type":"Feature","geometry":{"type":"Point","coordinates":[28.646498,44.167162]},"properties":{"lines":"CiTy Tour","color":"#0059a9","mode":"bus","arr":["CiTy Tour"],"angle":7.4}},{"type":"Feature","geometry":{"type":"Point","coordinates":[28.638737,44.160381]},"properties":{"lines":"CiTy Tour","color":"#0059a9","mode":"bus","arr":["CiTy Tour"],"angle":78.6,"extra":1,"ei":0}},{"type":"Feature","geometry":{"type":"Point","coordinates":[28.637478,44.162526]},"properties":{"lines":"CiTy Tour","color":"#0059a9","mode":"bus","arr":["CiTy Tour"],"angle":-82.9,"extra":1,"ei":1}},{"type":"Feature","geometry":{"type":"Point","coordinates":[28.638109,44.164334]},"properties":{"lines":"CiTy Tour","color":"#0059a9","mode":"bus","arr":["CiTy Tour"],"angle":-58.5,"extra":1,"ei":2}},{"type":"Feature","geometry":{"type":"Point","coordinates":[28.639898,44.16571]},"properties":{"lines":"CiTy Tour","color":"#0059a9","mode":"bus","arr":["CiTy Tour"],"angle":-44.1,"extra":1,"ei":3}},{"type":"Feature","geometry":{"type":"Point","coordinates":[28.641581,44.167155]},"properties":{"lines":"CiTy Tour","color":"#0059a9","mode":"bus","arr":["CiTy Tour"],"angle":-47.9,"extra":1,"ei":4}},{"type":"Feature","geometry":{"type":"Point","coordinates":[28.644089,44.167347]},"properties":{"lines":"CiTy Tour","color":"#0059a9","mode":"bus","arr":["CiTy Tour"],"angle":3.9,"extra":1,"ei":5}},{"type":"Feature","geometry":{"type":"Point","coordinates":[28.648699,44.167472]},"properties":{"lines":"CiTy Tour","color":"#0059a9","mode":"bus","arr":["CiTy Tour"],"angle":-82.8,"extra":1,"ei":6}},{"type":"Feature","geometry":{"type":"Point","coordinates":[28.649028,44.169346]},"properties":{"lines":"CiTy Tour","color":"#0059a9","mode":"bus","arr":["CiTy Tour"],"angle":-65.7,"extra":1,"ei":7}},{"type":"Feature","geometry":{"type":"Point","coordinates":[28.65013,44.170516]},"properties":{"lines":"CiTy Tour","color":"#0059a9","mode":"bus","arr":["CiTy Tour"],"angle":-47,"extra":1,"ei":8}},{"type":"Feature","geometry":{"type":"Point","coordinates":[28.652636,44.171095]},"properties":{"lines":"CiTy Tour","color":"#0059a9","mode":"bus","arr":["CiTy Tour"],"angle":-17.7,"extra":1,"ei":9}},{"type":"Feature","geometry":{"type":"Point","coordinates":[28.655142,44.171673]},"properties":{"lines":"CiTy Tour","color":"#0059a9","mode":"bus","arr":["CiTy Tour"],"angle":-16.8,"extra":1,"ei":10}},{"type":"Feature","geometry":{"type":"Point","coordinates":[28.657378,44.171596]},"properties":{"lines":"CiTy Tour","color":"#0059a9","mode":"bus","arr":["CiTy Tour"],"angle":71.9,"extra":1,"ei":11}},{"type":"Feature","geometry":{"type":"Point","coordinates":[28.658191,44.169799]},"properties":{"lines":"CiTy Tour","color":"#0059a9","mode":"bus","arr":["CiTy Tour"],"angle":30.7,"extra":1,"ei":12}},{"type":"Feature","geometry":{"type":"Point","coordinates":[28.658491,44.165118]},"properties":{"lines":"CiTy Tour","color":"#0059a9","mode":"bus","arr":["CiTy Tour"],"angle":-82.9,"mi":1}},{"type":"Feature","geometry":{"type":"Point","coordinates":[28.657284,44.161266]},"properties":{"lines":"CiTy Tour","color":"#0059a9","mode":"bus","arr":["CiTy Tour"],"angle":32.2,"extra":1,"ei":0}},{"type":"Feature","geometry":{"type":"Point","coordinates":[28.658065,44.162674]},"properties":{"lines":"CiTy Tour","color":"#0059a9","mode":"bus","arr":["CiTy Tour"],"angle":-82.9,"extra":1,"ei":1}},{"type":"Feature","geometry":{"type":"Point","coordinates":[28.658719,44.166422]},"properties":{"lines":"CiTy Tour","color":"#0059a9","mode":"bus","arr":["CiTy Tour"],"angle":-82.8,"extra":1,"ei":2}},{"type":"Feature","geometry":{"type":"Point","coordinates":[28.659089,44.168291]},"properties":{"lines":"CiTy Tour","color":"#0059a9","mode":"bus","arr":["CiTy Tour"],"angle":-80.3,"extra":1,"ei":3}},{"type":"Feature","geometry":{"type":"Point","coordinates":[28.659664,44.170064]},"properties":{"lines":"CiTy Tour","color":"#0059a9","mode":"bus","arr":["CiTy Tour"],"angle":-47.5,"extra":1,"ei":4,"side":-1}},{"type":"Feature","geometry":{"type":"Point","coordinates":[28.635738,44.160606]},"properties":{"lines":"CiTy Tour","color":"#0059a9","mode":"bus","arr":["CiTy Tour"],"angle":-18.1,"mi":1}},{"type":"Feature","geometry":{"type":"Point","coordinates":[28.652613,44.176179]},"properties":{"lines":"CiTy Tour","color":"#0059a9","mode":"bus","arr":["CiTy Tour"],"angle":-30.4,"mi":2}},{"type":"Feature","geometry":{"type":"Point","coordinates":[28.654454,44.177172]},"properties":{"lines":"CiTy Tour","color":"#0059a9","mode":"bus","arr":["CiTy Tour"],"angle":-42.8}},{"type":"Feature","geometry":{"type":"Point","coordinates":[28.654205,44.178682]},"properties":{"lines":"CiTy Tour","color":"#0059a9","mode":"bus","arr":["CiTy Tour"],"angle":53.7,"mi":1}},{"type":"Feature","geometry":{"type":"Point","coordinates":[28.630034,44.218899]},"properties":{"lines":"CiTy Tour","color":"#0059a9","mode":"bus","arr":["CiTy Tour"],"angle":-61.1}}]}