{"type":"FeatureCollection","features":[{"type":"Feature","geometry":{"type":"LineString","coordinates":[[28.602586,44.151523],[28.602771,44.151644],[28.602957,44.151765],[28.602961,44.151768],[28.603142,44.151886],[28.603327,44.152007],[28.603513,44.152128],[28.603585,44.152176],[28.603691,44.152257],[28.603861,44.152388],[28.604032,44.15252],[28.604203,44.152652],[28.604374,44.152783],[28.604405,44.152807],[28.604545,44.152915],[28.604716,44.153046],[28.604887,44.153178],[28.605058,44.15331],[28.605166,44.153393],[28.605221,44.153435],[28.605229,44.153441],[28.6054,44.153573],[28.605571,44.153705],[28.605742,44.153836],[28.605913,44.153968],[28.606084,44.1541],[28.606254,44.154231],[28.606425,44.154363],[28.606596,44.154495],[28.60665,44.154536],[28.606767,44.154626],[28.606905,44.154732],[28.606939,44.154758],[28.60711,44.154889],[28.607281,44.155021],[28.607319,44.15505],[28.607452,44.155153],[28.607622,44.155284],[28.607793,44.155416],[28.607964,44.155547],[28.608135,44.155679],[28.608306,44.155811],[28.608436,44.15591],[28.608477,44.155942],[28.608648,44.156074],[28.608665,44.156087],[28.608819,44.156205],[28.60899,44.156337],[28.609161,44.156469],[28.609163,44.156471],[28.609332,44.1566],[28.609503,44.156732],[28.609674,44.156864],[28.609801,44.156962],[28.609845,44.156995],[28.610016,44.157127],[28.610187,44.157258],[28.610358,44.15739],[28.610414,44.157433],[28.610529,44.157522],[28.6107,44.157653],[28.610871,44.157785],[28.611042,44.157917],[28.611186,44.158027],[28.611213,44.158048],[28.61139,44.158175],[28.61146,44.158227],[28.611589,44.158277],[28.611678,44.158312],[28.611747,44.158339],[28.611801,44.158339],[28.611813,44.158342],[28.611857,44.158352],[28.611904,44.158378],[28.611937,44.158414],[28.611952,44.158455],[28.611952,44.158455],[28.611951,44.158482],[28.611943,44.158508],[28.611915,44.158544],[28.611874,44.158572],[28.611822,44.15859],[28.611818,44.15859],[28.611765,44.158594],[28.611709,44.158586],[28.611616,44.158588],[28.611579,44.158593],[28.611554,44.158597],[28.611452,44.158621],[28.611361,44.158665],[28.611339,44.158676],[28.611224,44.158733],[28.611154,44.158767],[28.610947,44.158869],[28.610871,44.158907],[28.610741,44.158971],[28.610534,44.159073],[28.610443,44.159119],[28.610327,44.159175],[28.61012,44.159277],[28.610035,44.159318],[28.609913,44.159378],[28.609865,44.159402],[28.609707,44.15948],[28.60962,44.159523],[28.6095,44.159582],[28.609293,44.159684],[28.609086,44.159785],[28.608879,44.159887],[28.608673,44.159989],[28.608466,44.160091],[28.608259,44.160193],[28.608244,44.1602],[28.608052,44.160295],[28.607845,44.160396],[28.607735,44.160451],[28.607639,44.160498],[28.607513,44.16056],[28.607432,44.1606],[28.607225,44.160702],[28.607018,44.160804],[28.606811,44.160905],[28.606605,44.161007],[28.606398,44.161109],[28.606191,44.161211],[28.605993,44.161308],[28.605786,44.16141],[28.605698,44.161454],[28.60558,44.161512],[28.605503,44.16155],[28.605373,44.161614],[28.605258,44.16167],[28.605166,44.161716],[28.604959,44.161818],[28.604882,44.161856],[28.604753,44.161919],[28.604546,44.162021],[28.604534,44.162027],[28.604434,44.162077],[28.604346,44.16212],[28.604339,44.162124],[28.604245,44.162171],[28.604134,44.162226],[28.603927,44.162328],[28.60377,44.162405],[28.603721,44.162429],[28.603635,44.162471],[28.603522,44.162527],[28.603461,44.162558],[28.603315,44.162629],[28.603193,44.16269],[28.603109,44.162731],[28.602906,44.162831],[28.602902,44.162833],[28.602695,44.162935],[28.602684,44.162941],[28.602489,44.163037],[28.602282,44.16314],[28.602076,44.163242],[28.60199,44.163284],[28.601869,44.163344],[28.601662,44.163446],[28.601481,44.163535],[28.601456,44.163548],[28.601273,44.163638],[28.601249,44.16365],[28.601196,44.163676],[28.601043,44.163752],[28.600837,44.163854],[28.600698,44.163923],[28.60063,44.163956],[28.6005,44.16402],[28.600423,44.164058],[28.600353,44.164092],[28.60034,44.164099],[28.600256,44.16414],[28.600217,44.16416],[28.60001,44.164262],[28.599803,44.164364],[28.599647,44.164441],[28.599597,44.164466],[28.59939,44.164568],[28.599184,44.16467],[28.598977,44.164772],[28.598961,44.16478],[28.598938,44.164792],[28.598789,44.164867],[28.598773,44.164876],[28.598661,44.164932],[28.598568,44.16498],[28.598363,44.165084],[28.598159,44.165188],[28.598138,44.165199],[28.597955,44.165292],[28.597751,44.165397],[28.597552,44.165499],[28.597348,44.165603],[28.597144,44.165708],[28.597012,44.165776],[28.596951,44.165829],[28.59689,44.165883],[28.596771,44.165951],[28.596674,44.166007],[28.59658,44.166067],[28.596463,44.166142],[28.5964,44.166189],[28.596307,44.166258],[28.596247,44.16631],[28.596234,44.166322],[28.596079,44.166463],[28.596005,44.166532],[28.595938,44.166611],[28.595868,44.166694],[28.595817,44.166768],[28.595735,44.166887],[28.595715,44.16693],[28.59566,44.167047],[28.59564,44.1671],[28.595575,44.167274],[28.595574,44.167275],[28.595534,44.167449],[28.595517,44.167523],[28.595502,44.167626],[28.595477,44.167804],[28.595467,44.167873],[28.595455,44.167983],[28.595436,44.168163],[28.595417,44.168342],[28.595398,44.168521],[28.595397,44.168534],[28.595378,44.168701],[28.595357,44.16888],[28.595336,44.169059],[28.595315,44.169238],[28.595293,44.169418],[28.595272,44.169597],[28.595251,44.169776],[28.595247,44.169811],[28.595228,44.169955],[28.595203,44.170134],[28.595179,44.170313],[28.595155,44.170492],[28.595131,44.170671],[28.595106,44.17085],[28.595092,44.170952],[28.595062,44.171026],[28.595025,44.171118],[28.595013,44.171203],[28.59499,44.171375],[28.594976,44.171476],[28.594966,44.171554],[28.594944,44.171733],[28.594921,44.171912],[28.594899,44.172091],[28.594886,44.172196],[28.594876,44.17227],[28.594854,44.172449],[28.594848,44.172501],[28.594844,44.172625],[28.594843,44.172662],[28.594847,44.172725],[28.594859,44.172801],[28.594859,44.172801],[28.594873,44.172858],[28.594892,44.172868],[28.59492,44.172893],[28.594936,44.172923],[28.594937,44.172937],[28.594939,44.172955],[28.594928,44.172986],[28.594905,44.173013],[28.59487,44.173035],[28.594841,44.173064],[28.594805,44.1731],[28.594761,44.173162],[28.59473,44.173223],[28.594727,44.173229],[28.594687,44.173343],[28.594683,44.173395],[28.594669,44.173574],[28.594666,44.173617],[28.594661,44.173675],[28.594659,44.173754],[28.594656,44.173827],[28.594654,44.173933],[28.594652,44.173976],[28.594655,44.174112],[28.594656,44.174202],[28.594661,44.174292],[28.59467,44.174471],[28.594675,44.174562],[28.594683,44.17465],[28.594696,44.174788],[28.594702,44.174828],[28.594728,44.175007],[28.594732,44.175035],[28.594748,44.175125],[28.594759,44.175185],[28.594778,44.175294],[28.594793,44.175362],[28.594831,44.175531],[28.594833,44.175539],[28.594845,44.175586],[28.594874,44.175703],[28.594878,44.175716],[28.594927,44.175892],[28.594938,44.175931],[28.594978,44.176067],[28.59502,44.17621],[28.595032,44.176242],[28.595095,44.176416],[28.59511,44.176457],[28.595162,44.176588],[28.595203,44.176692],[28.595231,44.176761],[28.5953,44.176934],[28.595312,44.176963],[28.595371,44.177106],[28.595443,44.177279],[28.595459,44.177316],[28.595516,44.177451],[28.595589,44.177623],[28.595661,44.177795],[28.595664,44.177802],[28.595739,44.177966],[28.595758,44.178007],[28.595828,44.178134],[28.595851,44.178174],[28.595888,44.178265],[28.595904,44.178302],[28.59597,44.178457],[28.59604,44.178622],[28.596073,44.178699],[28.596078,44.178649],[28.596092,44.178617],[28.596114,44.178586],[28.596149,44.178557],[28.596194,44.178535],[28.596253,44.178523],[28.596312,44.178525],[28.596374,44.178537],[28.596427,44.178562],[28.596468,44.178586],[28.596498,44.178624],[28.59651,44.178658],[28.596515,44.178699],[28.596506,44.17873],[28.596489,44.178765],[28.596446,44.178812],[28.596371,44.178995],[28.596368,44.179002],[28.59635,44.179134],[28.596339,44.179214],[28.596375,44.179294],[28.596396,44.179342],[28.596451,44.179465],[28.596528,44.179636],[28.596605,44.179807],[28.596682,44.179979],[28.596758,44.18015],[28.596774,44.180185],[28.596836,44.180321],[28.596914,44.180492],[28.596992,44.180663],[28.597069,44.180834],[28.597147,44.181005],[28.597201,44.181123],[28.597226,44.181175],[28.59729,44.181309],[28.597306,44.181346],[28.597384,44.181517],[28.597462,44.181688],[28.597484,44.181736],[28.59754,44.181859],[28.597618,44.18203],[28.597696,44.182201],[28.59776,44.182342],[28.597774,44.182372],[28.597851,44.182543],[28.597929,44.182714],[28.598007,44.182885],[28.598085,44.183056],[28.598163,44.183227],[28.598241,44.183398],[28.598311,44.183552],[28.598319,44.183569],[28.598397,44.18374],[28.598474,44.183911],[28.598552,44.184081],[28.598622,44.184235],[28.59863,44.184252],[28.598708,44.184423],[28.598786,44.184594],[28.598832,44.184695],[28.598864,44.184765],[28.598887,44.184816],[28.598942,44.184936],[28.59902,44.185107],[28.599097,44.185278],[28.599175,44.185449],[28.599253,44.18562],[28.599331,44.185791],[28.599373,44.185884],[28.599409,44.185962],[28.599487,44.186133],[28.599564,44.186303],[28.599642,44.186474],[28.59972,44.186645],[28.599798,44.186816],[28.59981,44.186842],[28.599841,44.186911],[28.599876,44.186987],[28.599954,44.187158],[28.59998,44.187216],[28.600034,44.187328],[28.600115,44.187498],[28.600196,44.187668],[28.600278,44.187838],[28.600328,44.187944],[28.600356,44.188008],[28.600426,44.188166],[28.600432,44.188179],[28.600503,44.188352],[28.600565,44.188502],[28.600574,44.188524],[28.600645,44.188696],[28.600653,44.188715],[28.600693,44.188874],[28.60071,44.188938],[28.600716,44.188953],[28.600729,44.188986],[28.600762,44.189044],[28.600856,44.18921],[28.600912,44.18931],[28.600945,44.189377],[28.60103,44.189545],[28.601115,44.189714],[28.6012,44.189883],[28.601202,44.189885],[28.601232,44.189946],[28.601286,44.190052],[28.601371,44.190222],[28.601456,44.190391],[28.601529,44.190537],[28.601541,44.19056],[28.601626,44.190729],[28.601644,44.190764],[28.601711,44.190898],[28.601797,44.191067],[28.601881,44.191235],[28.6019,44.191274],[28.601966,44.191404],[28.602051,44.191573],[28.60207,44.191611],[28.602136,44.191742],[28.602192,44.191852],[28.60222,44.191912],[28.602302,44.192082],[28.602333,44.192145],[28.60239,44.192249],[28.602414,44.192293],[28.602491,44.192408],[28.602535,44.192473],[28.602614,44.192562],[28.602728,44.192693],[28.602748,44.192711],[28.602888,44.192841],[28.602932,44.192842],[28.602973,44.192853],[28.603011,44.192873],[28.603035,44.192895],[28.603039,44.192899],[28.603055,44.192931],[28.603057,44.19296],[28.603057,44.192964],[28.603046,44.192996],[28.603036,44.19301],[28.603028,44.193087],[28.60303,44.193124],[28.603035,44.193197],[28.603058,44.1933],[28.603092,44.193451],[28.6031,44.193478],[28.60315,44.193654],[28.603201,44.19383],[28.603222,44.193903],[28.603272,44.193991],[28.603275,44.193998],[28.60332,44.194083],[28.603364,44.194166],[28.603452,44.194334],[28.60346,44.194349],[28.603541,44.194503],[28.603629,44.194671],[28.603718,44.194839],[28.603806,44.195007],[28.603895,44.195176],[28.603983,44.195344],[28.604072,44.195512],[28.60416,44.195681],[28.604249,44.195849],[28.604308,44.19596],[28.604343,44.196012],[28.604452,44.196173],[28.60451,44.196258],[28.604515,44.196343],[28.604517,44.196383],[28.604549,44.196409],[28.604568,44.19644],[28.604572,44.196475],[28.60461,44.196502],[28.604654,44.196535],[28.604698,44.196568],[28.604731,44.196665],[28.604789,44.196837],[28.604809,44.196894],[28.604867,44.19701],[28.604879,44.197036],[28.604958,44.197179],[28.605021,44.197291],[28.605051,44.197346],[28.605079,44.197396],[28.605142,44.197513],[28.605233,44.197681],[28.605323,44.197849],[28.605335,44.197871],[28.605413,44.198016],[28.605491,44.198159],[28.605504,44.198184],[28.605514,44.198203],[28.605653,44.198332],[28.605744,44.198416],[28.605817,44.198463],[28.605849,44.198483],[28.605865,44.198494],[28.606012,44.198547],[28.606038,44.198553],[28.606038,44.198553],[28.606077,44.198571],[28.606106,44.198596],[28.60612,44.198628],[28.606119,44.198653],[28.606119,44.198661],[28.606108,44.198683],[28.606114,44.198817],[28.606116,44.198826],[28.606139,44.198936],[28.606162,44.198981],[28.606169,44.198996],[28.606212,44.199081],[28.60628,44.199152],[28.606423,44.1993],[28.606485,44.199364],[28.606566,44.199447],[28.606711,44.199594],[28.606744,44.199629],[28.606846,44.199738],[28.606851,44.199743],[28.607,44.199888],[28.607149,44.200033],[28.607298,44.200177],[28.607413,44.200289],[28.607447,44.200322],[28.607596,44.200467],[28.607677,44.200546],[28.607744,44.200612],[28.607889,44.200759],[28.607916,44.200786],[28.608043,44.2009],[28.608048,44.200905],[28.608145,44.200999],[28.608209,44.201025],[28.608305,44.201065],[28.608368,44.201077],[28.608398,44.201082],[28.608455,44.201085],[28.608542,44.201089],[28.608596,44.201094],[28.608646,44.20111],[28.608671,44.201125],[28.608688,44.201136],[28.608718,44.201169],[28.608736,44.201215],[28.60873,44.201262],[28.608724,44.201291],[28.608716,44.201336],[28.608708,44.20138],[28.608719,44.201445],[28.60872,44.201451],[28.608757,44.201517],[28.60881,44.201583],[28.608935,44.201738],[28.609021,44.201843],[28.609068,44.201888],[28.609219,44.202032],[28.609369,44.202176],[28.60952,44.20232],[28.609671,44.202464],[28.609821,44.202607],[28.609972,44.202751],[28.610104,44.202878],[28.610118,44.202891],[28.610194,44.202963],[28.610301,44.203014],[28.61046,44.203091],[28.610489,44.203091],[28.610512,44.203097],[28.610519,44.2031],[28.610547,44.203114],[28.610571,44.203138],[28.610579,44.203167],[28.610572,44.203196],[28.610623,44.203269],[28.610723,44.203411],[28.610737,44.203426],[28.610875,44.203568],[28.611017,44.203716],[28.611143,44.203847],[28.61116,44.203862],[28.61131,44.204007],[28.61143,44.204122],[28.611459,44.204151],[28.611607,44.204297],[28.611755,44.204442],[28.611902,44.204588],[28.61205,44.204733],[28.612199,44.204877],[28.612348,44.205022],[28.612497,44.205167],[28.612646,44.205311],[28.612795,44.205456],[28.612944,44.205601],[28.613019,44.205673],[28.613093,44.205745],[28.613242,44.20589],[28.613391,44.206034],[28.613393,44.206036],[28.613536,44.206183],[28.613679,44.206331],[28.613822,44.206479],[28.613965,44.206626],[28.614023,44.206685],[28.6141,44.206782],[28.614224,44.206938],[28.614273,44.206999],[28.614357,44.207087],[28.614499,44.207235],[28.614581,44.207319],[28.614649,44.207371],[28.614821,44.207502],[28.614949,44.2076],[28.614998,44.207607],[28.615191,44.207635],[28.615247,44.207637],[28.615329,44.20764],[28.615502,44.207625],[28.61575,44.207603],[28.615865,44.207593],[28.615893,44.207568],[28.615966,44.207504],[28.615981,44.207491],[28.616145,44.207357],[28.616227,44.20729],[28.616319,44.207229],[28.616502,44.207108],[28.616524,44.207093],[28.616692,44.206995],[28.616878,44.206887],[28.61689,44.206879],[28.617075,44.206758],[28.61726,44.206637],[28.617446,44.206516],[28.617631,44.206394],[28.617677,44.206365],[28.617816,44.206273],[28.617979,44.206167],[28.618002,44.206151],[28.618036,44.206128],[28.618121,44.206072],[28.618186,44.20603],[28.618371,44.205909],[28.618557,44.205788],[28.618742,44.205667],[28.618928,44.205546],[28.619113,44.205425],[28.619299,44.205304],[28.619485,44.205183],[28.61967,44.205062],[28.619856,44.204941],[28.619977,44.204861],[28.620041,44.20482],[28.62008,44.204794],[28.620226,44.204698],[28.620377,44.204599],[28.620411,44.204577],[28.620572,44.204471],[28.620596,44.204456],[28.620784,44.204337],[28.620973,44.204219],[28.621096,44.204141],[28.621161,44.2041],[28.621274,44.204029],[28.62135,44.203982],[28.621452,44.203918],[28.621539,44.203864],[28.621662,44.203787],[28.621728,44.203745],[28.621807,44.203695],[28.621916,44.203627],[28.622055,44.20354],[28.622105,44.203509],[28.622271,44.203407],[28.622295,44.203392],[28.622484,44.203274],[28.622488,44.203272],[28.62265,44.203161],[28.622669,44.203148],[28.622846,44.203026],[28.622846,44.203026],[28.622983,44.203133],[28.622996,44.203144],[28.62315,44.203264],[28.623152,44.203266],[28.623322,44.203398],[28.623347,44.203418],[28.623468,44.203534],[28.623476,44.203542],[28.623626,44.203684],[28.623652,44.203709],[28.623753,44.203837],[28.623877,44.203993],[28.623988,44.204133],[28.623999,44.20415],[28.624107,44.204312],[28.624201,44.204455],[28.62424,44.204448],[28.624249,44.204448],[28.624279,44.20445],[28.624315,44.204462],[28.624344,44.204482],[28.624362,44.204507],[28.624367,44.204535],[28.624359,44.204563],[28.624339,44.204587],[28.624308,44.204605],[28.624334,44.204635],[28.62442,44.204737],[28.624459,44.20479],[28.624533,44.20489],[28.624578,44.204948],[28.624699,44.205106],[28.62473,44.205147],[28.624819,44.205264],[28.62486,44.205316],[28.624931,44.205423],[28.625039,44.205585],[28.625097,44.205672],[28.625135,44.205747],[28.625219,44.205917],[28.625303,44.206086],[28.625387,44.206255],[28.625416,44.206313],[28.62547,44.206425],[28.625553,44.206595],[28.625636,44.206764],[28.625719,44.206934],[28.625802,44.207104],[28.625885,44.207274],[28.625968,44.207443],[28.626051,44.207613],[28.626133,44.20778],[28.626134,44.207783],[28.626168,44.207851],[28.626212,44.207939],[28.626218,44.207952],[28.626299,44.208122],[28.626381,44.208293],[28.626462,44.208463],[28.626543,44.208633],[28.626625,44.208803],[28.626706,44.208973],[28.626787,44.209143],[28.626839,44.209253],[28.626866,44.209314],[28.626874,44.209334],[28.62694,44.209485],[28.626971,44.209557],[28.627032,44.209655],[28.627083,44.209735],[28.627148,44.209812],[28.627224,44.209903],[28.627297,44.20996],[28.627436,44.210069],[28.627478,44.210086],[28.627666,44.210165],[28.627699,44.210172],[28.627939,44.210219],[28.627941,44.210219],[28.628015,44.210226],[28.62819,44.210241],[28.62838,44.210257],[28.62844,44.210262],[28.628606,44.210275],[28.628632,44.210277],[28.628689,44.210281],[28.628711,44.210283],[28.628735,44.210111],[28.62876,44.209932],[28.628785,44.209753],[28.62881,44.209574],[28.628835,44.209395],[28.62886,44.209217],[28.628862,44.209206],[28.628889,44.209038],[28.628904,44.20895],[28.628919,44.20886],[28.628948,44.208681],[28.628977,44.208503],[28.629007,44.208324],[28.629021,44.208239],[28.629036,44.208145],[28.629059,44.208014],[28.629068,44.207967],[28.629101,44.207788],[28.629134,44.20761],[28.629167,44.207432],[28.629199,44.207254],[28.629232,44.207075],[28.629265,44.206897],[28.629298,44.206719],[28.629331,44.20654],[28.629338,44.206503],[28.629354,44.20643],[28.629369,44.206362],[28.629407,44.206184],[28.629445,44.206006],[28.629483,44.205829],[28.629496,44.205771],[28.629524,44.205651],[28.629538,44.205594],[28.629567,44.205473],[28.62961,44.205296],[28.629653,44.205119],[28.629696,44.204942],[28.629732,44.204792],[28.629739,44.204765],[28.629786,44.204588],[28.629833,44.204412],[28.629879,44.204236],[28.629926,44.20406],[28.629972,44.203884],[28.629975,44.203872],[28.630016,44.203708],[28.630059,44.203533],[28.630062,44.20352],[28.630102,44.203357],[28.630127,44.203257],[28.630145,44.20318],[28.63018,44.20304],[28.630189,44.203003],[28.630232,44.202826],[28.63024,44.202794],[28.630242,44.20274],[28.63024,44.202668],[28.630239,44.202664],[28.630226,44.202623],[28.63022,44.202604],[28.630152,44.202507],[28.630146,44.202499],[28.630074,44.202412],[28.630023,44.202364],[28.629994,44.202338],[28.629818,44.202291],[28.62979,44.202284],[28.629586,44.202217],[28.629358,44.202142],[28.629313,44.202128],[28.629209,44.202089],[28.629133,44.20206],[28.629068,44.202035],[28.629021,44.202015],[28.628955,44.201986],[28.628929,44.201992],[28.628901,44.201993],[28.628873,44.201988],[28.628848,44.201978],[28.628828,44.201964],[28.628815,44.201947],[28.628808,44.201925],[28.628808,44.201912],[28.62877,44.201891],[28.628609,44.201807],[28.628595,44.201797],[28.628428,44.201677],[28.628419,44.20167],[28.628237,44.201547],[28.628096,44.201452],[28.628055,44.201423],[28.627873,44.201299],[28.62784,44.201276],[28.627693,44.201174],[28.627512,44.201049]]},"properties":{"line":"1","dir":"0","headsign":"Piata Tomis 3","mode":"bus","color":"#0059a9"}},{"type":"Feature","geometry":{"type":"LineString","coordinates":[[28.627484,44.201029],[28.627444,44.201001],[28.627328,44.200921],[28.627304,44.200902],[28.627133,44.20077],[28.626962,44.200639],[28.626898,44.20059],[28.62679,44.200508],[28.626711,44.200448],[28.626651,44.200487],[28.626484,44.200595],[28.626465,44.200608],[28.626281,44.20073],[28.626097,44.200852],[28.625913,44.200974],[28.625729,44.201096],[28.62563,44.201162],[28.625545,44.201218],[28.62536,44.20134],[28.625176,44.201462],[28.624992,44.201584],[28.624908,44.20164],[28.624808,44.201706],[28.624685,44.201788],[28.624624,44.201829],[28.624553,44.201877],[28.62444,44.201952],[28.624256,44.202074],[28.624072,44.202195],[28.62389,44.202316],[28.623706,44.202437],[28.623522,44.202559],[28.623512,44.202566],[28.623337,44.202681],[28.623313,44.202697],[28.623157,44.202807],[28.622978,44.202933],[28.622846,44.203026],[28.622799,44.203059],[28.62265,44.203161],[28.622618,44.203183],[28.622488,44.203272],[28.622435,44.203305],[28.622271,44.203407],[28.622245,44.203422],[28.622056,44.20354],[28.622055,44.20354],[28.621868,44.203657],[28.621807,44.203695],[28.621682,44.203775],[28.621662,44.203787],[28.621492,44.203893],[28.621452,44.203918],[28.621303,44.204011],[28.621274,44.204029],[28.621115,44.204129],[28.621096,44.204141],[28.620926,44.204248],[28.620738,44.204367],[28.620572,44.204471],[28.62055,44.204485],[28.620377,44.204599],[28.620365,44.204607],[28.62018,44.204728],[28.62008,44.204794],[28.619995,44.20485],[28.619977,44.204861],[28.619809,44.204971],[28.619624,44.205092],[28.619438,44.205213],[28.619253,44.205334],[28.619067,44.205455],[28.618882,44.205576],[28.618696,44.205697],[28.618511,44.205818],[28.618325,44.205939],[28.618139,44.20606],[28.618121,44.206072],[28.618036,44.206128],[28.617979,44.206167],[28.617955,44.206182],[28.61777,44.206303],[28.617677,44.206365],[28.617585,44.206424],[28.6174,44.206546],[28.617214,44.206667],[28.617029,44.206788],[28.616878,44.206887],[28.61684,44.206909],[28.616646,44.207022],[28.616524,44.207093],[28.616456,44.207138],[28.616273,44.20726],[28.616227,44.20729],[28.616101,44.207394],[28.615966,44.207504],[28.615937,44.207529],[28.615893,44.207568],[28.615865,44.207593],[28.615782,44.20767],[28.615629,44.207812],[28.615488,44.207943],[28.615475,44.207954],[28.615414,44.208009],[28.615322,44.207947],[28.61514,44.207823],[28.614958,44.207699],[28.614776,44.207575],[28.614595,44.207452],[28.614459,44.207359],[28.614421,44.207313],[28.614355,44.207234],[28.614299,44.207158],[28.614181,44.206999],[28.614101,44.206891],[28.614062,44.206841],[28.613978,44.206733],[28.613932,44.206685],[28.613788,44.206537],[28.613645,44.20639],[28.613502,44.206242],[28.613359,44.206095],[28.613286,44.20602],[28.613212,44.205948],[28.613063,44.205803],[28.612955,44.2057],[28.612913,44.205659],[28.612765,44.205514],[28.612617,44.205369],[28.612468,44.205224],[28.61232,44.205079],[28.612171,44.204934],[28.612081,44.204846],[28.612023,44.204789],[28.611875,44.204644],[28.611727,44.204498],[28.61158,44.204353],[28.611432,44.204208],[28.611338,44.204115],[28.611284,44.204062],[28.611212,44.203992],[28.611136,44.203917],[28.611136,44.203916],[28.610989,44.203771],[28.610842,44.203626],[28.610771,44.203555],[28.610692,44.203482],[28.610539,44.203339],[28.610434,44.203242],[28.610397,44.203226],[28.610376,44.203205],[28.610372,44.203201],[28.610363,44.203171],[28.610271,44.203058],[28.610194,44.202963],[28.610129,44.202901],[28.610104,44.202878],[28.609979,44.202758],[28.609828,44.202614],[28.609678,44.202471],[28.609527,44.202327],[28.609376,44.202183],[28.609226,44.202039],[28.609075,44.201895],[28.609021,44.201843],[28.608918,44.201753],[28.608759,44.201614],[28.6086,44.201476],[28.608454,44.201349],[28.608434,44.201336],[28.60839,44.201309],[28.608363,44.201274],[28.608352,44.201236],[28.608312,44.20119],[28.608179,44.201038],[28.608145,44.200999],[28.608048,44.200905],[28.60803,44.200888],[28.607916,44.200786],[28.607878,44.200748],[28.607732,44.200601],[28.607677,44.200546],[28.607584,44.200455],[28.607435,44.200311],[28.607413,44.200289],[28.607286,44.200166],[28.607137,44.200021],[28.606988,44.199876],[28.606846,44.199738],[28.606841,44.199733],[28.606744,44.199629],[28.6067,44.199583],[28.606556,44.199436],[28.606485,44.199364],[28.606414,44.19929],[28.606271,44.199143],[28.606212,44.199081],[28.606119,44.198998],[28.605968,44.198862],[28.605933,44.198831],[28.605828,44.19872],[28.605721,44.198578],[28.605716,44.19857],[28.605625,44.198405],[28.605534,44.198238],[28.605514,44.198203],[28.605491,44.198159],[28.605443,44.198072],[28.605354,44.197905],[28.605335,44.197871],[28.605175,44.197744],[28.605086,44.197674],[28.605008,44.197647],[28.604949,44.197627],[28.604936,44.197622],[28.604817,44.197609],[28.604903,44.197539],[28.604961,44.197492],[28.604992,44.197466],[28.605079,44.197396],[28.605021,44.197291],[28.604989,44.197234],[28.604897,44.197067],[28.604879,44.197036],[28.604809,44.196894],[28.604794,44.196879],[28.604657,44.196741],[28.604645,44.196732],[28.604533,44.196648],[28.604464,44.196608],[28.604407,44.196576],[28.604359,44.196568],[28.604317,44.196549],[28.604286,44.196521],[28.604286,44.196521],[28.60427,44.19649],[28.604267,44.196457],[28.604279,44.196426],[28.604329,44.196285],[28.60433,44.196271],[28.604337,44.196177],[28.604325,44.196087],[28.604308,44.19596],[28.604275,44.195899],[28.604187,44.195731],[28.604098,44.195563],[28.60401,44.195394],[28.603921,44.195226],[28.603833,44.195058],[28.603744,44.194889],[28.603656,44.194721],[28.603567,44.194553],[28.603479,44.194385],[28.60346,44.194349],[28.60339,44.194216],[28.60332,44.194083],[28.603302,44.194048],[28.603272,44.193991],[28.603222,44.193903],[28.603209,44.193881],[28.60319,44.193846],[28.603117,44.193719],[28.603023,44.193553],[28.602974,44.193468],[28.602928,44.193387],[28.602847,44.193243],[28.602837,44.193222],[28.602795,44.193129],[28.602782,44.193055],[28.602777,44.193022],[28.602755,44.192994],[28.602744,44.192963],[28.602747,44.192931],[28.602695,44.192894],[28.60268,44.192873],[28.602637,44.192813],[28.602592,44.192712],[28.602517,44.192542],[28.602491,44.192485],[28.602446,44.192373],[28.602414,44.192293],[28.602362,44.192199],[28.602333,44.192145],[28.602278,44.192032],[28.602196,44.191862],[28.602192,44.191852],[28.601998,44.191729],[28.601915,44.191677],[28.601874,44.191595],[28.601859,44.191563],[28.601791,44.191426],[28.601784,44.191411],[28.601708,44.191257],[28.601624,44.191087],[28.601591,44.191019],[28.601541,44.190918],[28.601478,44.19079],[28.601457,44.190748],[28.601388,44.190607],[28.601374,44.190578],[28.601372,44.190574],[28.601291,44.19041],[28.60128,44.190388],[28.601264,44.190243],[28.601246,44.190072],[28.601232,44.189946],[28.601202,44.189885],[28.601201,44.189885],[28.601116,44.189715],[28.601031,44.189546],[28.600946,44.189378],[28.600912,44.18931],[28.600774,44.189216],[28.600762,44.189208],[28.600584,44.189143],[28.600519,44.189148],[28.600514,44.189149],[28.600451,44.189139],[28.600395,44.189115],[28.600352,44.18908],[28.600327,44.189037],[28.600322,44.18899],[28.600329,44.188969],[28.600329,44.188969],[28.600337,44.188945],[28.600329,44.188761],[28.600321,44.188582],[28.600312,44.188402],[28.600304,44.188223],[28.600303,44.188186],[28.600264,44.188044],[28.600244,44.18797],[28.600204,44.187883],[28.600125,44.187712],[28.600045,44.187542],[28.600041,44.187533],[28.599998,44.187436],[28.599968,44.18737],[28.599891,44.187199],[28.599847,44.187104],[28.599814,44.187028],[28.599771,44.186931],[28.599762,44.18691],[28.599738,44.186856],[28.599661,44.186685],[28.599584,44.186514],[28.599547,44.186432],[28.599509,44.186343],[28.599471,44.186256],[28.599433,44.186172],[28.599357,44.186001],[28.599281,44.18583],[28.599264,44.185793],[28.59921,44.18567],[28.599205,44.185658],[28.599148,44.185528],[28.59913,44.185487],[28.599081,44.185376],[28.599055,44.185315],[28.599026,44.18525],[28.598979,44.185144],[28.598967,44.185116],[28.598899,44.184973],[28.598819,44.184802],[28.598738,44.184632],[28.598657,44.184462],[28.598588,44.184316],[28.598578,44.184292],[28.598561,44.18425],[28.598504,44.18412],[28.598436,44.183964],[28.598428,44.183948],[28.598357,44.183788],[28.598352,44.183777],[28.598276,44.183605],[28.598199,44.183434],[28.598123,44.183263],[28.598047,44.183091],[28.598039,44.183074],[28.597973,44.18292],[28.597933,44.182825],[28.597896,44.182748],[28.597815,44.182578],[28.597734,44.182408],[28.597707,44.182353],[28.597654,44.182237],[28.597622,44.182165],[28.597575,44.182066],[28.597495,44.181896],[28.597415,44.181725],[28.597335,44.181555],[28.597255,44.181384],[28.597175,44.181214],[28.597095,44.181044],[28.59708,44.18101],[28.597019,44.180872],[28.596988,44.180801],[28.596945,44.1807],[28.596927,44.180661],[28.596869,44.180529],[28.596858,44.180504],[28.596788,44.180359],[28.59671,44.180196],[28.596707,44.180188],[28.59663,44.180017],[28.596571,44.179887],[28.596553,44.179846],[28.596476,44.179675],[28.5964,44.179504],[28.596357,44.179408],[28.596323,44.179332],[28.596299,44.179279],[28.59629,44.179258],[28.596223,44.179169],[28.596115,44.179025],[28.596106,44.179003],[28.596051,44.178861],[28.596039,44.178831],[28.596021,44.178784],[28.595966,44.178662],[28.595932,44.178586],[28.595907,44.178523],[28.595897,44.178491],[28.595881,44.178435],[28.595886,44.178319],[28.595888,44.178265],[28.595851,44.178174],[28.595824,44.178126],[28.595758,44.178007],[28.595736,44.177961],[28.595664,44.177802],[28.59566,44.17779],[28.595587,44.177618],[28.595514,44.177446],[28.595459,44.177316],[28.595442,44.177274],[28.59537,44.177102],[28.595312,44.176963],[28.595298,44.17693],[28.595229,44.176757],[28.595203,44.176692],[28.59516,44.176585],[28.59511,44.176457],[28.595094,44.176412],[28.595031,44.176238],[28.59502,44.17621],[28.594978,44.176065],[28.594938,44.175931],[28.594926,44.17589],[28.594877,44.175714],[28.594874,44.175703],[28.594845,44.175586],[28.594833,44.175538],[28.594831,44.175531],[28.594793,44.175361],[28.594778,44.175294],[28.594759,44.175185],[28.594748,44.175125],[28.594732,44.175035],[28.594728,44.175008],[28.594702,44.174829],[28.594696,44.174788],[28.594683,44.174652],[28.594675,44.174562],[28.59467,44.174474],[28.594661,44.174294],[28.594656,44.174202],[28.594655,44.174116],[28.594652,44.173976],[28.594653,44.173937],[28.594656,44.173827],[28.594659,44.173757],[28.594661,44.173675],[28.594666,44.173617],[28.594668,44.17358],[28.594682,44.1734],[28.594687,44.173343],[28.59468,44.173218],[28.594674,44.173093],[28.594672,44.173046],[28.59467,44.173],[28.594662,44.172988],[28.594654,44.172974],[28.594648,44.172946],[28.594654,44.172918],[28.594669,44.172891],[28.59469,44.172872],[28.594717,44.172857],[28.594748,44.172846],[28.594778,44.172743],[28.594828,44.172567],[28.594848,44.172501],[28.594862,44.172383],[28.594885,44.172204],[28.594886,44.172196],[28.594907,44.172025],[28.594929,44.171846],[28.594952,44.171666],[28.594974,44.171487],[28.594976,44.171476],[28.594999,44.171309],[28.595023,44.171133],[28.595025,44.171118],[28.594998,44.170941],[28.594998,44.17094],[28.595017,44.17077],[28.595037,44.170591],[28.595057,44.170411],[28.595077,44.170232],[28.595097,44.170053],[28.595117,44.169874],[28.595122,44.16983],[28.595137,44.169695],[28.595157,44.169516],[28.595178,44.169336],[28.595198,44.169157],[28.595218,44.168978],[28.595238,44.168798],[28.595258,44.168619],[28.595268,44.168536],[28.595279,44.16844],[28.595299,44.168261],[28.59532,44.168082],[28.595341,44.167903],[28.595345,44.167871],[28.595366,44.167725],[28.595392,44.167546],[28.595394,44.16753],[28.595428,44.16737],[28.595446,44.167282],[28.595479,44.167199],[28.595547,44.167026],[28.595548,44.167022],[28.595619,44.166875],[28.595627,44.166863],[28.595732,44.1667],[28.595749,44.166674],[28.595853,44.166549],[28.59589,44.166505],[28.595991,44.166405],[28.596138,44.16626],[28.596145,44.166253],[28.596197,44.166207],[28.596302,44.166132],[28.596376,44.16608],[28.596486,44.166015],[28.596625,44.165931],[28.596678,44.165906],[28.59682,44.165838],[28.596885,44.165817],[28.597012,44.165776],[28.597115,44.165723],[28.597319,44.165618],[28.597523,44.165514],[28.597719,44.165413],[28.597923,44.165309],[28.598127,44.165204],[28.598138,44.165199],[28.598331,44.1651],[28.598536,44.164996],[28.598661,44.164932],[28.59874,44.164892],[28.598789,44.164867],[28.598938,44.164792],[28.598944,44.164788],[28.598961,44.16478],[28.599151,44.164686],[28.599357,44.164584],[28.599564,44.164482],[28.599647,44.164441],[28.59977,44.16438],[28.599977,44.164278],[28.600184,44.164176],[28.600256,44.16414],[28.60034,44.164099],[28.600353,44.164092],[28.60039,44.164074],[28.6005,44.16402],[28.600597,44.163973],[28.600698,44.163923],[28.600804,44.16387],[28.60101,44.163768],[28.601043,44.163752],[28.601196,44.163676],[28.601216,44.163666],[28.601273,44.163638],[28.601423,44.163564],[28.601481,44.163535],[28.60163,44.163462],[28.601836,44.16336],[28.60199,44.163284],[28.602043,44.163258],[28.602249,44.163156],[28.602456,44.163054],[28.602663,44.162952],[28.602684,44.162941],[28.602869,44.16285],[28.602906,44.162831],[28.603076,44.162748],[28.603193,44.16269],[28.603282,44.162646],[28.603461,44.162558],[28.603489,44.162544],[28.603635,44.162471],[28.603695,44.162442],[28.60377,44.162405],[28.603896,44.162343],[28.604085,44.16225],[28.604245,44.162171],[28.604346,44.16212],[28.604346,44.16212],[28.604434,44.162077],[28.604496,44.162046],[28.604534,44.162027],[28.604702,44.161944],[28.604882,44.161856],[28.604882,44.161856],[28.605115,44.161741],[28.605258,44.16167],[28.605322,44.161639],[28.605503,44.16155],[28.605529,44.161537],[28.605698,44.161454],[28.605736,44.161435],[28.605942,44.161333],[28.606149,44.161232],[28.606356,44.16113],[28.606563,44.161028],[28.60677,44.160926],[28.606975,44.160825],[28.607181,44.160724],[28.607386,44.160623],[28.607513,44.16056],[28.607592,44.160521],[28.607735,44.160451],[28.607799,44.160419],[28.608006,44.160318],[28.608212,44.160216],[28.608244,44.1602],[28.608419,44.160114],[28.608626,44.160012],[28.608833,44.15991],[28.60904,44.159808],[28.609246,44.159707],[28.609453,44.159605],[28.60962,44.159523],[28.60966,44.159503],[28.609865,44.159402],[28.609867,44.159401],[28.610035,44.159318],[28.610073,44.159299],[28.610281,44.159198],[28.610443,44.159119],[28.610488,44.159096],[28.610694,44.158994],[28.610871,44.158907],[28.610901,44.158892],[28.611108,44.15879],[28.611224,44.158733],[28.611314,44.158688],[28.611339,44.158676],[28.611452,44.158621],[28.611516,44.158569],[28.611523,44.158564],[28.611568,44.158512],[28.611597,44.158441],[28.611614,44.158406],[28.611571,44.158356],[28.61146,44.158227],[28.611428,44.158204],[28.611252,44.158076],[28.611186,44.158027],[28.61108,44.157946],[28.610909,44.157814],[28.610738,44.157683],[28.610567,44.157551],[28.610414,44.157433],[28.610396,44.15742],[28.610225,44.157288],[28.610054,44.157156],[28.609883,44.157025],[28.609801,44.156962],[28.609712,44.156893],[28.609541,44.156761],[28.60937,44.15663],[28.609199,44.156498],[28.609163,44.156471],[28.609028,44.156367],[28.608857,44.156235],[28.608686,44.156103],[28.608665,44.156087],[28.608516,44.155972],[28.608436,44.15591],[28.608345,44.15584],[28.608174,44.155708],[28.608003,44.155577],[28.607832,44.155445],[28.607661,44.155314],[28.60749,44.155182],[28.607319,44.15505],[28.607319,44.15505],[28.607148,44.154919],[28.606977,44.154787],[28.606905,44.154732],[28.606806,44.154656],[28.60665,44.154536],[28.606634,44.154524],[28.606464,44.154392],[28.606293,44.154261],[28.606122,44.154129],[28.605951,44.153997],[28.60578,44.153866],[28.605609,44.153734],[28.605438,44.153602],[28.605267,44.153471],[28.605221,44.153435],[28.605166,44.153393],[28.605096,44.153339],[28.604925,44.153207],[28.604754,44.153076],[28.604583,44.152944],[28.604413,44.152813],[28.604405,44.152807],[28.604242,44.152681],[28.604071,44.152549],[28.6039,44.152418],[28.603729,44.152286],[28.603585,44.152176],[28.603552,44.152154],[28.603367,44.152033],[28.603181,44.151912],[28.602996,44.151791],[28.602961,44.151768],[28.60281,44.15167],[28.602625,44.151549],[28.602583,44.151521],[28.602586,44.151523]]},"properties":{"line":"1","dir":"1","headsign":"Cap Linie Confort Urban - imbarcare","mode":"bus","color":"#0059a9"}},{"type":"Feature","geometry":{"type":"LineString","coordinates":[[28.623733,44.211163],[28.623548,44.211262],[28.623383,44.211351],[28.623347,44.21137],[28.623347,44.21137],[28.623229,44.211288],[28.623049,44.211162],[28.622968,44.211105],[28.622869,44.211037],[28.622689,44.210912],[28.622509,44.210787],[28.622354,44.210679],[28.622328,44.210662],[28.622148,44.210537],[28.622136,44.210529],[28.621965,44.210413],[28.621956,44.210407],[28.62179,44.21029],[28.621787,44.210288],[28.621676,44.210209],[28.621612,44.210161],[28.621603,44.210155],[28.621519,44.210091],[28.621439,44.210031],[28.621266,44.2099],[28.621093,44.20977],[28.621021,44.209716],[28.620926,44.209638],[28.620759,44.209504],[28.620758,44.209503],[28.6206,44.209367],[28.620553,44.209328],[28.620439,44.209229],[28.620404,44.209199],[28.620292,44.209087],[28.620215,44.209011],[28.620145,44.208941],[28.620136,44.208932],[28.62002,44.20879],[28.619948,44.208701],[28.619912,44.208633],[28.619824,44.208465],[28.619806,44.208431],[28.619788,44.208293],[28.619788,44.208292],[28.619775,44.208113],[28.619769,44.208025],[28.619791,44.207941],[28.619811,44.207864],[28.619826,44.207766],[28.619827,44.207763],[28.619848,44.207689],[28.619902,44.207598],[28.619932,44.207548],[28.620022,44.207449],[28.620159,44.207299],[28.620185,44.207271],[28.620324,44.207176],[28.620506,44.207052],[28.620688,44.206928],[28.620869,44.206804],[28.621051,44.20668],[28.621233,44.206556],[28.621329,44.20649],[28.621415,44.206433],[28.621597,44.206312],[28.621707,44.206228],[28.621776,44.206184],[28.621964,44.206065],[28.622151,44.205945],[28.622175,44.20593],[28.622335,44.205822],[28.622349,44.205813],[28.622508,44.205708],[28.622519,44.2057],[28.622703,44.205578],[28.622752,44.205545],[28.622887,44.205456],[28.622944,44.205418],[28.623047,44.205349],[28.623071,44.205333],[28.623116,44.205304],[28.623258,44.205215],[28.623348,44.205159],[28.623445,44.205093],[28.623625,44.204968],[28.62363,44.204965],[28.623755,44.204878],[28.623805,44.204843],[28.623827,44.204828],[28.623832,44.204824],[28.623986,44.204718],[28.624167,44.204592],[28.624145,44.204571],[28.624141,44.204564],[28.624133,44.204545],[28.624134,44.204517],[28.624146,44.204492],[28.624169,44.20447],[28.624201,44.204455],[28.624166,44.204401],[28.624058,44.204239],[28.623988,44.204133],[28.623945,44.204078],[28.623821,44.203922],[28.623697,44.203765],[28.623652,44.203709],[28.623553,44.203614],[28.623468,44.203534],[28.623402,44.203471],[28.623347,44.203418],[28.623238,44.203333],[28.62315,44.203264],[28.623069,44.2032],[28.622996,44.203144],[28.622899,44.203068],[28.622846,44.203026],[28.622953,44.202951],[28.623131,44.202825],[28.62331,44.202699],[28.623313,44.202697],[28.623495,44.202577],[28.623512,44.202566],[28.623679,44.202456],[28.623863,44.202334],[28.624047,44.202212],[28.624231,44.20209],[28.624415,44.201968],[28.624553,44.201877],[28.624599,44.201846],[28.624685,44.201788],[28.624782,44.201723],[28.624908,44.20164],[28.624966,44.201601],[28.62515,44.201479],[28.625335,44.201357],[28.625519,44.201235],[28.62563,44.201162],[28.625703,44.201113],[28.625887,44.200991],[28.626071,44.200869],[28.626255,44.200747],[28.62644,44.200625],[28.626484,44.200595],[28.626625,44.200504],[28.626711,44.200448],[28.62681,44.200382],[28.626851,44.200356],[28.626994,44.20026],[28.627057,44.200217],[28.627177,44.200138],[28.627362,44.200016],[28.627546,44.199894],[28.627731,44.199772],[28.627739,44.199767],[28.627917,44.199653],[28.628041,44.199573],[28.628076,44.199551],[28.628105,44.199531],[28.628236,44.199442],[28.628287,44.19941],[28.628474,44.19929],[28.628611,44.199202],[28.628661,44.199168],[28.628777,44.19909],[28.628802,44.199073],[28.628844,44.199045],[28.628845,44.199045],[28.629028,44.198923],[28.629194,44.198814],[28.629212,44.198802],[28.629275,44.198762],[28.629398,44.19868],[28.629582,44.198558],[28.629624,44.198531],[28.629767,44.198436],[28.62995,44.198313],[28.630134,44.19819],[28.630317,44.198068],[28.630493,44.19795],[28.630501,44.197945],[28.630684,44.197823],[28.630868,44.1977],[28.631028,44.197593],[28.631038,44.197586],[28.63105,44.197578],[28.631051,44.197577],[28.631085,44.197555],[28.631235,44.197456],[28.631421,44.197335],[28.631606,44.197214],[28.631659,44.197179],[28.631795,44.1971],[28.63183,44.19708],[28.631985,44.196977],[28.632169,44.196855],[28.632353,44.196734],[28.632537,44.196612],[28.632538,44.196611],[28.632604,44.196568],[28.632722,44.196489],[28.632725,44.196487],[28.632908,44.196371],[28.633097,44.196252],[28.633117,44.196239],[28.633285,44.196133],[28.633473,44.196014],[28.633604,44.195931],[28.633661,44.195895],[28.633848,44.195775],[28.634036,44.195656],[28.634223,44.195536],[28.634411,44.195417],[28.634598,44.195297],[28.634785,44.195178],[28.634973,44.195058],[28.63516,44.194938],[28.635348,44.194819],[28.635535,44.194699],[28.635722,44.19458],[28.635839,44.194505],[28.63591,44.19446],[28.636092,44.194342],[28.636097,44.194339],[28.636245,44.19424],[28.636281,44.194216],[28.636315,44.194193],[28.636465,44.194095],[28.63665,44.193973],[28.636835,44.193852],[28.63702,44.19373],[28.637205,44.193609],[28.637234,44.19359],[28.637389,44.193486],[28.637492,44.193417],[28.637572,44.193363],[28.637754,44.193239],[28.6378,44.193208],[28.637935,44.193115],[28.638091,44.193007],[28.638117,44.192987],[28.638287,44.192855],[28.638457,44.192724],[28.63846,44.192722],[28.638544,44.192651],[28.638619,44.192579],[28.638651,44.192549],[28.638668,44.192532],[28.638768,44.192432],[28.63877,44.19243],[28.638913,44.192288],[28.638915,44.192286],[28.639061,44.19214],[28.639073,44.192129],[28.639204,44.191991],[28.639301,44.19189],[28.639345,44.191839],[28.639419,44.191753],[28.639476,44.191687],[28.639477,44.191685],[28.639581,44.19156],[28.639606,44.191531],[28.639642,44.191487],[28.639735,44.191377],[28.639736,44.191376],[28.639867,44.191225],[28.64,44.191072],[28.640132,44.19092],[28.640265,44.190767],[28.640397,44.190614],[28.640529,44.190462],[28.640662,44.190309],[28.640695,44.190271],[28.640794,44.190156],[28.640926,44.190003],[28.641058,44.18985],[28.64119,44.189697],[28.641251,44.189626],[28.641322,44.189544],[28.641455,44.189392],[28.641588,44.189239],[28.641705,44.189104],[28.64172,44.189086],[28.641851,44.188933],[28.641981,44.188779],[28.642112,44.188626],[28.642242,44.188472],[28.642373,44.188318],[28.642503,44.188165],[28.642522,44.188143],[28.642634,44.188011],[28.642642,44.188002],[28.642764,44.187858],[28.642781,44.187838],[28.642832,44.187778],[28.642894,44.187705],[28.642897,44.187702],[28.643004,44.18758],[28.643027,44.187553],[28.643163,44.187402],[28.643298,44.187251],[28.643433,44.1871],[28.643569,44.186949],[28.643704,44.186797],[28.64384,44.186646],[28.643976,44.186495],[28.644111,44.186344],[28.644196,44.186249],[28.644239,44.186201],[28.644247,44.186193],[28.644388,44.186044],[28.64452,44.185906],[28.644529,44.185896],[28.644674,44.18575],[28.644819,44.185603],[28.644843,44.185579],[28.644964,44.185456],[28.645109,44.185309],[28.645168,44.18525],[28.645254,44.185163],[28.645391,44.185025],[28.6454,44.185016],[28.645408,44.185008],[28.645508,44.1849],[28.645541,44.18487],[28.645564,44.184849],[28.645624,44.184796],[28.645694,44.184725],[28.645741,44.184678],[28.645751,44.184668],[28.645812,44.184605],[28.645839,44.184577],[28.645952,44.184457],[28.645979,44.184428],[28.646121,44.18428],[28.646263,44.184132],[28.646405,44.183983],[28.646436,44.183951],[28.646549,44.183837],[28.646694,44.18369],[28.646752,44.183632],[28.64679,44.183594],[28.64721,44.18318],[28.647727,44.182662],[28.647773,44.182618],[28.64816,44.182211],[28.648477,44.181901],[28.648505,44.181871],[28.648564,44.181816],[28.649052,44.181318],[28.649157,44.181211],[28.649388,44.180976],[28.649708,44.180649],[28.650009,44.180339],[28.650042,44.180307],[28.650077,44.180272],[28.650189,44.18016],[28.650237,44.180112],[28.650298,44.180047],[28.650332,44.180013],[28.650477,44.179866],[28.650622,44.179719],[28.650767,44.179572],[28.650911,44.179425],[28.650913,44.179424],[28.651055,44.179278],[28.651199,44.17913],[28.651342,44.178983],[28.651485,44.178835],[28.651629,44.178688],[28.651654,44.178662],[28.651758,44.178559],[28.651698,44.178529],[28.651491,44.178428],[28.651284,44.178326],[28.651077,44.178224],[28.651015,44.178194],[28.650913,44.178144],[28.65087,44.178123],[28.650663,44.178021],[28.650456,44.177919],[28.650249,44.177818],[28.650042,44.177716],[28.649994,44.177693],[28.649835,44.177615],[28.649815,44.177605],[28.649628,44.177513],[28.649421,44.177412],[28.649214,44.17731],[28.649135,44.177271],[28.649007,44.177208],[28.648876,44.177144],[28.6488,44.177107],[28.648776,44.177095],[28.648593,44.177005],[28.648386,44.176904],[28.648318,44.17687],[28.648313,44.176868],[28.648179,44.176802],[28.648164,44.176795],[28.648046,44.176737],[28.647972,44.1767],[28.647765,44.176599],[28.647558,44.176497],[28.647351,44.176396],[28.647144,44.176294],[28.646937,44.176193],[28.64673,44.176091],[28.646523,44.175989],[28.646316,44.175888],[28.646294,44.175877],[28.646109,44.175786],[28.645902,44.175685],[28.645794,44.175632],[28.645695,44.175583],[28.645488,44.175481],[28.645281,44.17538],[28.645074,44.175278],[28.644867,44.175177],[28.644808,44.175148],[28.64466,44.175075],[28.644476,44.174985],[28.644453,44.174973],[28.644282,44.17489],[28.644276,44.174887],[28.644246,44.174872],[28.644144,44.174822],[28.644039,44.17477],[28.643832,44.174669],[28.643625,44.174567],[28.643418,44.174466],[28.643211,44.174364],[28.643004,44.174262],[28.642797,44.174161],[28.642634,44.174081],[28.64259,44.174059],[28.642383,44.173957],[28.642253,44.173893],[28.642187,44.173851],[28.642117,44.173808],[28.642112,44.173804],[28.64201,44.173727],[28.641838,44.173596],[28.641826,44.173586],[28.641775,44.173548],[28.641666,44.173465],[28.641493,44.173335],[28.641342,44.17322],[28.641321,44.173204],[28.641149,44.173073],[28.640976,44.172943],[28.640851,44.172848],[28.640804,44.172812],[28.640634,44.17268],[28.640481,44.172561],[28.640464,44.172548],[28.640411,44.172507],[28.640293,44.172416],[28.640123,44.172284],[28.639952,44.172152],[28.639823,44.172052],[28.639781,44.17202],[28.639758,44.172002],[28.63961,44.171889],[28.639439,44.171757],[28.639268,44.171626],[28.639135,44.171523],[28.639097,44.171494],[28.638926,44.171363],[28.638755,44.171231],[28.638733,44.171214],[28.638611,44.17112],[28.638584,44.1711],[28.63844,44.170989],[28.638409,44.170968],[28.638345,44.170924],[28.638228,44.170844],[28.638125,44.170773],[28.638036,44.170724],[28.637915,44.170657],[28.637832,44.170617],[28.637784,44.170593],[28.637617,44.170521],[28.637617,44.170521],[28.637479,44.170462],[28.637458,44.170453],[28.637393,44.170433],[28.637177,44.170365],[28.637164,44.170361],[28.637027,44.170318],[28.636935,44.170289],[28.636756,44.170232],[28.636742,44.170228],[28.636704,44.170217],[28.636472,44.170149],[28.63624,44.170081],[28.636008,44.170013],[28.635775,44.169945],[28.635543,44.169877],[28.635311,44.16981],[28.635079,44.169742],[28.634846,44.169674],[28.634646,44.169615],[28.634614,44.169606],[28.634381,44.169538],[28.634156,44.169473],[28.634149,44.169471],[28.633918,44.169401],[28.633767,44.169356],[28.633686,44.169332],[28.633642,44.169319],[28.633455,44.169265],[28.633396,44.169247],[28.633443,44.169166],[28.633473,44.169113],[28.633537,44.169],[28.633617,44.168859],[28.63363,44.168834],[28.633678,44.168745],[28.63372,44.168669],[28.633815,44.168503],[28.633877,44.168394],[28.633911,44.168341],[28.633923,44.168323],[28.633959,44.168277],[28.633994,44.16824],[28.634038,44.168202],[28.63405,44.168191],[28.634105,44.168154],[28.634156,44.168124],[28.634211,44.168094],[28.634211,44.168094],[28.634314,44.168042],[28.634416,44.16799],[28.634477,44.16796],[28.634623,44.167897],[28.634729,44.167851],[28.634837,44.167808],[28.634998,44.167745],[28.63501,44.16763],[28.635014,44.167602],[28.63501,44.167495],[28.634998,44.167446],[28.634989,44.16741],[28.634957,44.167351],[28.634927,44.16731],[28.634916,44.167298],[28.634861,44.167244],[28.634754,44.167169],[28.634576,44.167043],[28.634565,44.167035],[28.634428,44.166922],[28.63441,44.166905],[28.63432,44.166824],[28.634261,44.166758],[28.634229,44.166722],[28.634162,44.16663],[28.634143,44.166599],[28.634116,44.166556],[28.634043,44.166434],[28.633944,44.166268],[28.633937,44.166256],[28.633849,44.166102],[28.633801,44.166018],[28.633753,44.165936],[28.633656,44.16577],[28.63356,44.165604],[28.63352,44.165534],[28.633464,44.165437],[28.633369,44.165271],[28.633291,44.165133],[28.633274,44.165104],[28.63318,44.164938],[28.633086,44.164771],[28.632991,44.164604],[28.632976,44.164578],[28.632899,44.164437],[28.632845,44.164338],[28.63281,44.164268],[28.632727,44.164099],[28.632693,44.164028],[28.632648,44.163928],[28.632614,44.163852],[28.632576,44.163755],[28.632551,44.163693],[28.632505,44.163583],[28.632496,44.163561],[28.632443,44.163409],[28.632382,44.163234],[28.632347,44.163134],[28.632323,44.163059],[28.632268,44.162884],[28.632236,44.162782],[28.632213,44.162708],[28.63216,44.162533],[28.632124,44.162413],[28.632107,44.162357],[28.632055,44.162181],[28.632052,44.162168],[28.632007,44.162005],[28.631982,44.161914],[28.631961,44.161828],[28.631918,44.161651],[28.631899,44.161569],[28.631879,44.161473],[28.631842,44.161295],[28.631833,44.161251],[28.63181,44.161117],[28.631792,44.161011],[28.63178,44.160938],[28.631759,44.160795],[28.631753,44.160759],[28.63173,44.160615],[28.631726,44.16058],[28.631704,44.160401],[28.631701,44.160378],[28.631687,44.160222],[28.631682,44.160159],[28.631675,44.160043],[28.631664,44.159863],[28.631654,44.159684],[28.631643,44.159504],[28.631633,44.159324],[28.63163,44.159273],[28.631624,44.159145],[28.631623,44.159118],[28.631617,44.158965],[28.63161,44.158785],[28.631599,44.158634],[28.631596,44.158606],[28.631587,44.158524],[28.631573,44.158428],[28.631567,44.158391],[28.631543,44.158275],[28.631536,44.158251],[28.63151,44.158159],[28.631481,44.158077],[28.63146,44.158017],[28.631423,44.157922],[28.631416,44.157905],[28.631369,44.157802],[28.631339,44.157749],[28.631332,44.157738],[28.631292,44.157675],[28.631222,44.157563],[28.631267,44.157559],[28.631363,44.157551],[28.631456,44.157543],[28.631507,44.157539],[28.631707,44.157512],[28.631896,44.157487],[28.631952,44.157477],[28.632054,44.157461],[28.632205,44.157433],[28.632378,44.157394],[28.632287,44.15724],[28.632227,44.157138],[28.632198,44.157094],[28.632091,44.156932],[28.631983,44.156769],[28.631876,44.156607],[28.631769,44.156444],[28.631661,44.156282],[28.631607,44.156199],[28.631553,44.15612],[28.631547,44.156111],[28.631511,44.155955],[28.631469,44.155778],[28.631444,44.155673],[28.631426,44.1556],[28.631382,44.155423],[28.631338,44.155246],[28.631308,44.155124],[28.63129,44.155067],[28.631234,44.154892],[28.631177,44.154717],[28.631121,44.154542],[28.631065,44.154367],[28.631032,44.154265],[28.631002,44.154189],[28.630937,44.154029],[28.630931,44.154016],[28.630856,44.153844],[28.630782,44.153673],[28.630707,44.153501],[28.630632,44.153329],[28.630618,44.153296],[28.630555,44.153163],[28.630552,44.153157],[28.630466,44.152987],[28.630381,44.152818],[28.630296,44.152649],[28.630211,44.15248],[28.630138,44.152335],[28.630126,44.152311],[28.630041,44.152142],[28.62999,44.152041],[28.629956,44.151973],[28.629931,44.151923],[28.629904,44.151877],[28.62987,44.151805],[28.629835,44.151734],[28.629786,44.151635],[28.629701,44.151466],[28.6297,44.151464],[28.629655,44.151376],[28.629616,44.151297],[28.62956,44.151186],[28.62953,44.151127],[28.629466,44.151],[28.629445,44.150958],[28.62936,44.150789],[28.629275,44.15062],[28.62919,44.150451],[28.629105,44.150281],[28.62902,44.150112],[28.628935,44.149943],[28.628929,44.149933],[28.628849,44.149774],[28.628764,44.149605],[28.628679,44.149435],[28.628594,44.149266],[28.628588,44.149254],[28.628511,44.149097],[28.628428,44.148927],[28.628384,44.148837],[28.628342,44.148757],[28.628254,44.148589],[28.628227,44.148536],[28.628284,44.148521],[28.628295,44.148518],[28.628531,44.148456],[28.628766,44.148394],[28.628873,44.148366],[28.629002,44.148332],[28.629238,44.148271],[28.629473,44.14821],[28.629502,44.148202],[28.62971,44.14815],[28.629946,44.14809],[28.630143,44.14804],[28.630183,44.148029],[28.630418,44.147966],[28.630528,44.147937],[28.630579,44.147918],[28.630614,44.147891],[28.630646,44.147852],[28.630653,44.147837],[28.630668,44.147805],[28.630718,44.147658],[28.630778,44.147483],[28.630837,44.147308],[28.630897,44.147134],[28.630924,44.147055],[28.630956,44.146959],[28.630968,44.146923],[28.631015,44.146784],[28.631075,44.146609],[28.631134,44.146435],[28.631194,44.14626],[28.631253,44.146085],[28.631291,44.145973],[28.631314,44.145911],[28.631329,44.145869],[28.631361,44.145782],[28.631377,44.145737],[28.631437,44.145562],[28.631497,44.145387],[28.631517,44.145329],[28.631557,44.145213],[28.631617,44.145038],[28.631677,44.144863],[28.631688,44.144832],[28.631737,44.144689],[28.631772,44.144589],[28.631793,44.14452],[28.631796,44.144513],[28.63183,44.144404],[28.631844,44.144332],[28.631874,44.144178],[28.631876,44.144149],[28.631885,44.143988],[28.631885,44.143967],[28.631885,44.143787],[28.631885,44.143607],[28.631885,44.143533],[28.631885,44.143503],[28.631884,44.143427],[28.631884,44.143248],[28.631884,44.143225],[28.631885,44.143177],[28.631884,44.143106],[28.631884,44.1431],[28.631884,44.143064],[28.631884,44.142626],[28.631884,44.142467],[28.631884,44.142333],[28.631884,44.142214],[28.631883,44.141458],[28.631883,44.141235],[28.631883,44.140919],[28.631883,44.140752],[28.631843,44.140586],[28.631843,44.140485],[28.631843,44.140054],[28.631844,44.139691],[28.631844,44.13956],[28.631839,44.139349]]},"properties":{"line":"2-43","dir":"0","headsign":"Arcasului","mode":"bus","color":"#0059a9"}},{"type":"Feature","geometry":{"type":"LineString","coordinates":[[28.631839,44.139349],[28.631839,44.139344],[28.63184,44.139308],[28.631841,44.139245],[28.631842,44.13917],[28.631844,44.138991],[28.631845,44.138919],[28.631846,44.138811],[28.631847,44.138692],[28.631847,44.138631],[28.631849,44.138451],[28.631851,44.138271],[28.631851,44.138244],[28.631848,44.13809],[28.631846,44.138013],[28.631685,44.138073],[28.631503,44.13814],[28.631473,44.138156],[28.631271,44.138262],[28.631227,44.138285],[28.631092,44.13838],[28.630959,44.138474],[28.630919,44.138507],[28.630755,44.138643],[28.630592,44.13878],[28.630428,44.138916],[28.630332,44.138996],[28.630264,44.139052],[28.6301,44.139188],[28.630041,44.139237],[28.629938,44.139325],[28.629899,44.139358],[28.629776,44.139462],[28.629615,44.1396],[28.629453,44.139737],[28.629291,44.139875],[28.62914,44.140003],[28.629134,44.14001],[28.629056,44.140097],[28.628993,44.14016],[28.628931,44.140222],[28.628862,44.140308],[28.628738,44.140464],[28.628708,44.140501],[28.628639,44.140608],[28.628629,44.140623],[28.628533,44.140772],[28.628528,44.140783],[28.628453,44.140955],[28.628378,44.141126],[28.628351,44.141189],[28.62833,44.141266],[28.628321,44.141298],[28.628313,44.141329],[28.628273,44.141475],[28.628224,44.141651],[28.628176,44.141828],[28.628128,44.142004],[28.628104,44.14209],[28.62808,44.142181],[28.628058,44.142261],[28.628031,44.142357],[28.627983,44.142534],[28.627958,44.142626],[28.627935,44.14271],[28.627887,44.142887],[28.627855,44.143001],[28.627837,44.143063],[28.627787,44.143239],[28.627737,44.143416],[28.627687,44.143592],[28.627637,44.143768],[28.627586,44.143944],[28.627542,44.144099],[28.627536,44.14412],[28.627512,44.14421],[28.627488,44.144297],[28.62744,44.144473],[28.627392,44.14465],[28.627344,44.144826],[28.627296,44.145003],[28.627248,44.145179],[28.627246,44.145188],[28.627201,44.145356],[28.627155,44.145531],[28.627155,44.145533],[28.62711,44.145702],[28.627108,44.145709],[28.627062,44.145886],[28.627015,44.146063],[28.626969,44.146239],[28.626969,44.146239],[28.626925,44.146416],[28.626881,44.146593],[28.626838,44.14677],[28.626794,44.146947],[28.62675,44.147125],[28.626707,44.147302],[28.626686,44.147387],[28.626761,44.147399],[28.626768,44.147401],[28.626831,44.147411],[28.626975,44.147435],[28.627013,44.147441],[28.627258,44.147481],[28.627324,44.147492],[28.627502,44.147521],[28.627736,44.14756],[28.627751,44.147591],[28.627836,44.14776],[28.627921,44.147929],[28.627935,44.147956],[28.628007,44.148098],[28.628092,44.148268],[28.628177,44.148437],[28.628227,44.148536],[28.628263,44.148605],[28.628351,44.148774],[28.628384,44.148837],[28.628436,44.148943],[28.628519,44.149113],[28.628588,44.149254],[28.628602,44.149283],[28.628688,44.149452],[28.628773,44.149621],[28.628858,44.14979],[28.628929,44.149933],[28.628943,44.149959],[28.629028,44.150129],[28.629113,44.150298],[28.629198,44.150467],[28.629283,44.150636],[28.629368,44.150805],[28.629454,44.150975],[28.629466,44.151],[28.629539,44.151144],[28.62956,44.151186],[28.629624,44.151313],[28.629655,44.151376],[28.6297,44.151464],[28.629709,44.151482],[28.629794,44.151651],[28.629835,44.151734],[28.629877,44.151821],[28.629904,44.151877],[28.629931,44.151923],[28.629964,44.15199],[28.62999,44.152041],[28.63005,44.152159],[28.630135,44.152328],[28.630138,44.152335],[28.63022,44.152497],[28.630305,44.152666],[28.63039,44.152836],[28.630475,44.153005],[28.630555,44.153163],[28.63056,44.153174],[28.630618,44.153296],[28.630639,44.153346],[28.630714,44.153517],[28.630789,44.153689],[28.630864,44.153861],[28.630937,44.154029],[28.630939,44.154033],[28.631008,44.154205],[28.631032,44.154265],[28.63107,44.154381],[28.631126,44.154557],[28.631182,44.154732],[28.631238,44.154907],[28.631295,44.155082],[28.631308,44.155124],[28.631342,44.15526],[28.631386,44.155437],[28.631429,44.155614],[28.631444,44.155673],[28.631472,44.155791],[28.631514,44.155969],[28.631547,44.156111],[28.631565,44.156137],[28.631607,44.156199],[28.631672,44.156299],[28.63178,44.156461],[28.631887,44.156624],[28.631995,44.156786],[28.632102,44.156949],[28.632209,44.157111],[28.632227,44.157138],[28.632305,44.157271],[28.632378,44.157394],[28.632205,44.157433],[28.632054,44.157461],[28.631947,44.157478],[28.631896,44.157487],[28.631742,44.157584],[28.631725,44.157595],[28.631624,44.157666],[28.631583,44.157703],[28.631547,44.157742],[28.631513,44.15779],[28.631474,44.157717],[28.631435,44.157661],[28.631363,44.157551],[28.631222,44.157563],[28.631292,44.157675],[28.631339,44.157749],[28.631369,44.157802],[28.631394,44.157856],[28.631423,44.157922],[28.63146,44.158017],[28.631463,44.158026],[28.63151,44.158159],[28.631521,44.158199],[28.631543,44.158275],[28.631563,44.158373],[28.631567,44.158391],[28.631587,44.158524],[28.63159,44.158549],[28.631599,44.158634],[28.631606,44.158728],[28.63161,44.158785],[28.631614,44.158907],[28.631622,44.159086],[28.631623,44.159118],[28.631629,44.159266],[28.63163,44.159273],[28.63164,44.159446],[28.63165,44.159626],[28.631661,44.159805],[28.631671,44.159985],[28.631682,44.160159],[28.631682,44.160165],[28.631698,44.160345],[28.631701,44.160378],[28.631719,44.160525],[28.63173,44.160615],[28.631744,44.160704],[28.631759,44.160795],[28.631772,44.160883],[28.631792,44.161011],[28.6318,44.161062],[28.631831,44.16124],[28.631833,44.161251],[28.631868,44.161419],[28.631899,44.161569],[28.631906,44.161597],[28.631948,44.161775],[28.631982,44.161914],[28.631992,44.161952],[28.632041,44.162129],[28.632052,44.162168],[28.632092,44.162305],[28.632124,44.162413],[28.632144,44.162481],[28.632198,44.162657],[28.632236,44.162782],[28.632252,44.162833],[28.632307,44.163008],[28.632347,44.163134],[28.632364,44.163184],[28.632425,44.163358],[28.632486,44.163533],[28.632496,44.163561],[28.632551,44.163693],[28.632556,44.163706],[28.632614,44.163852],[28.632627,44.16388],[28.632693,44.164028],[28.632705,44.164052],[28.632788,44.164222],[28.632845,44.164338],[28.632874,44.164392],[28.632966,44.16456],[28.632976,44.164578],[28.633061,44.164727],[28.633155,44.164893],[28.633249,44.16506],[28.633291,44.165133],[28.633344,44.165227],[28.633439,44.165393],[28.63352,44.165534],[28.633534,44.16556],[28.633631,44.165726],[28.633727,44.165892],[28.633801,44.166018],[28.633823,44.166058],[28.633918,44.166224],[28.633937,44.166256],[28.634017,44.16639],[28.634116,44.166556],[28.634116,44.166556],[28.634162,44.16663],[28.634227,44.166719],[28.634229,44.166722],[28.63432,44.166824],[28.634376,44.166875],[28.634428,44.166922],[28.63454,44.167014],[28.634565,44.167035],[28.634719,44.167144],[28.634861,44.167244],[28.6349,44.16727],[28.635084,44.167393],[28.635268,44.167515],[28.63539,44.167596],[28.635349,44.167611],[28.63513,44.167694],[28.634998,44.167745],[28.63491,44.167779],[28.634729,44.167851],[28.63469,44.167868],[28.634477,44.16796],[28.634471,44.167963],[28.634314,44.168042],[28.634267,44.168066],[28.634211,44.168094],[28.634156,44.168124],[28.634105,44.168154],[28.634066,44.16818],[28.63405,44.168191],[28.633994,44.16824],[28.633959,44.168277],[28.633923,44.168323],[28.633919,44.16833],[28.633877,44.168394],[28.633819,44.168496],[28.633724,44.168662],[28.633678,44.168745],[28.633632,44.16883],[28.633617,44.168859],[28.633602,44.169003],[28.633602,44.169009],[28.633602,44.169069],[28.633618,44.169145],[28.633633,44.169177],[28.633643,44.169197],[28.633653,44.16921],[28.633683,44.169246],[28.63375,44.169333],[28.633767,44.169356],[28.633977,44.169419],[28.634156,44.169473],[28.634209,44.169488],[28.634441,44.169556],[28.634646,44.169615],[28.634674,44.169623],[28.634906,44.169691],[28.635138,44.169759],[28.635371,44.169827],[28.635603,44.169895],[28.635835,44.169963],[28.636067,44.170031],[28.6363,44.170099],[28.636532,44.170167],[28.636742,44.170228],[28.636756,44.170232],[28.636763,44.170235],[28.636993,44.170307],[28.637027,44.170318],[28.637177,44.170365],[28.637223,44.170379],[28.637451,44.170451],[28.637458,44.170453],[28.637479,44.170462],[28.637617,44.170521],[28.637667,44.170542],[28.637784,44.170593],[28.637878,44.170639],[28.637915,44.170657],[28.638078,44.170747],[28.638125,44.170773],[28.638263,44.170868],[28.638345,44.170924],[28.63844,44.170989],[28.638444,44.170992],[28.638611,44.17112],[28.638615,44.171123],[28.638733,44.171214],[28.638786,44.171255],[28.638957,44.171386],[28.639128,44.171518],[28.639135,44.171523],[28.639299,44.171649],[28.63947,44.171781],[28.639641,44.171912],[28.639758,44.172002],[28.639812,44.172044],[28.639823,44.172052],[28.639982,44.172176],[28.640153,44.172307],[28.640324,44.172439],[28.640411,44.172507],[28.640481,44.172561],[28.640494,44.172571],[28.640665,44.172703],[28.640835,44.172835],[28.640851,44.172848],[28.641007,44.172966],[28.64118,44.173097],[28.641342,44.17322],[28.641352,44.173227],[28.641524,44.173358],[28.641697,44.173489],[28.641775,44.173548],[28.641826,44.173586],[28.641869,44.173619],[28.642041,44.17375],[28.642112,44.173804],[28.642117,44.173808],[28.642223,44.173874],[28.642253,44.173893],[28.642427,44.173979],[28.642634,44.174081],[28.642634,44.174081],[28.642841,44.174182],[28.643048,44.174284],[28.643255,44.174386],[28.643462,44.174487],[28.643669,44.174589],[28.643876,44.17469],[28.644083,44.174792],[28.644144,44.174822],[28.644276,44.174887],[28.644282,44.17489],[28.64429,44.174894],[28.644476,44.174985],[28.644497,44.174995],[28.644704,44.175097],[28.644808,44.175148],[28.644911,44.175198],[28.645118,44.1753],[28.645325,44.175402],[28.645532,44.175503],[28.645739,44.175605],[28.645794,44.175632],[28.645946,44.175706],[28.646153,44.175808],[28.646294,44.175877],[28.64636,44.175909],[28.646567,44.176011],[28.646774,44.176113],[28.646981,44.176214],[28.647188,44.176316],[28.647395,44.176417],[28.647602,44.176519],[28.647809,44.176621],[28.648016,44.176722],[28.648046,44.176737],[28.648164,44.176795],[28.648223,44.176824],[28.648313,44.176868],[28.648318,44.17687],[28.64843,44.176925],[28.648637,44.177027],[28.648776,44.177095],[28.648844,44.177128],[28.648876,44.177144],[28.649051,44.17723],[28.649135,44.177271],[28.649258,44.177332],[28.649465,44.177433],[28.649672,44.177535],[28.649815,44.177605],[28.649879,44.177636],[28.649994,44.177693],[28.650086,44.177738],[28.650293,44.177839],[28.6505,44.177941],[28.650707,44.178043],[28.650913,44.178144],[28.650914,44.178144],[28.651015,44.178194],[28.651121,44.178246],[28.651328,44.178347],[28.651535,44.178449],[28.651742,44.178551],[28.651758,44.178559],[28.651907,44.178632],[28.651949,44.178652],[28.652156,44.178754],[28.652181,44.178766],[28.652363,44.178855],[28.652376,44.178862],[28.652569,44.178957],[28.652759,44.17905],[28.652776,44.179059],[28.652983,44.17916],[28.65305,44.179193],[28.6531,44.179217],[28.65319,44.179261],[28.653255,44.179293],[28.653297,44.179314],[28.653303,44.179317],[28.653316,44.179323],[28.653352,44.179367],[28.653355,44.179405],[28.653332,44.179462],[28.65331,44.179493],[28.6532,44.179653],[28.653185,44.179675],[28.653149,44.179713],[28.653061,44.179804],[28.652919,44.179953],[28.652777,44.180101],[28.652635,44.180249],[28.652585,44.180302],[28.652534,44.180354],[28.652493,44.180397],[28.65244,44.180453],[28.652351,44.180546],[28.652338,44.18056],[28.652201,44.18069],[28.652138,44.18075],[28.652045,44.18083],[28.651884,44.180968],[28.651847,44.181],[28.651775,44.181055],[28.651718,44.181102],[28.651587,44.181211],[28.651553,44.181238],[28.651388,44.181374],[28.651223,44.181509],[28.651177,44.181547],[28.651058,44.181645],[28.650893,44.18178],[28.65082,44.181841],[28.650729,44.181916],[28.650566,44.182052],[28.650458,44.182142],[28.650402,44.182189],[28.650238,44.182325],[28.650074,44.182461],[28.64999,44.182531],[28.649962,44.182554],[28.649911,44.182597],[28.649906,44.182602],[28.649865,44.182637],[28.649749,44.182734],[28.649586,44.182871],[28.649573,44.182882],[28.64954,44.182909],[28.649093,44.183282],[28.649083,44.18329],[28.648992,44.183368],[28.64883,44.183503],[28.648415,44.183842],[28.648265,44.183967],[28.648244,44.183984],[28.647548,44.184561],[28.647503,44.184597],[28.647161,44.184888],[28.646957,44.185065],[28.646685,44.185301],[28.646671,44.185312],[28.646526,44.185429],[28.646393,44.185536],[28.646229,44.185668],[28.646208,44.185684],[28.64611,44.185759],[28.646038,44.185816],[28.645873,44.185945],[28.645787,44.186014],[28.645725,44.186064],[28.645644,44.186128],[28.645557,44.186198],[28.645424,44.186304],[28.645391,44.186332],[28.645228,44.186469],[28.645082,44.186592],[28.645065,44.186606],[28.644961,44.186692],[28.644903,44.186744],[28.644747,44.186885],[28.644655,44.186967],[28.644594,44.187028],[28.644551,44.18707],[28.644457,44.187178],[28.644323,44.187331],[28.64419,44.187483],[28.644116,44.187568],[28.644054,44.187634],[28.643915,44.187784],[28.643775,44.187933],[28.643748,44.187962],[28.643663,44.188053],[28.643636,44.188083],[28.643555,44.188176],[28.643503,44.188236],[28.64337,44.188388],[28.643237,44.188541],[28.643205,44.188577],[28.643104,44.188693],[28.642971,44.188846],[28.64287,44.188961],[28.642838,44.188999],[28.642707,44.189152],[28.642577,44.189306],[28.642446,44.189459],[28.642315,44.189613],[28.642184,44.189766],[28.642081,44.189888],[28.642054,44.18992],[28.642003,44.189979],[28.641929,44.19007],[28.641925,44.190074],[28.641891,44.190115],[28.641796,44.190228],[28.641667,44.190382],[28.641537,44.190536],[28.641408,44.19069],[28.641279,44.190845],[28.641193,44.190947],[28.641149,44.190999],[28.641023,44.191144],[28.641017,44.191151],[28.640885,44.191304],[28.640872,44.191319],[28.640822,44.191377],[28.640754,44.191458],[28.640624,44.191612],[28.640495,44.191766],[28.640452,44.191817],[28.640407,44.191869],[28.640363,44.191919],[28.640229,44.192071],[28.640154,44.192155],[28.640094,44.192223],[28.63996,44.192374],[28.639826,44.192526],[28.639816,44.192537],[28.639784,44.192574],[28.639692,44.192678],[28.639561,44.192828],[28.639558,44.192831],[28.639424,44.192983],[28.639363,44.193051],[28.639231,44.192991],[28.639119,44.192939],[28.639009,44.192912],[28.638846,44.192871],[28.638775,44.19286],[28.638713,44.19285],[28.63859,44.192847],[28.63853,44.192855],[28.638476,44.192863],[28.638373,44.192889],[28.638301,44.192919],[28.638091,44.193007],[28.638084,44.193011],[28.637904,44.193136],[28.6378,44.193208],[28.637723,44.19326],[28.637541,44.193384],[28.637492,44.193417],[28.637358,44.193507],[28.637234,44.19359],[28.637174,44.193629],[28.636989,44.193751],[28.636804,44.193872],[28.636619,44.193994],[28.636434,44.194115],[28.636315,44.194193],[28.63625,44.194237],[28.636245,44.19424],[28.636092,44.194342],[28.636065,44.194359],[28.635879,44.194479],[28.635839,44.194505],[28.635692,44.194599],[28.635504,44.194719],[28.635317,44.194838],[28.63513,44.194958],[28.634942,44.195078],[28.634755,44.195197],[28.634567,44.195317],[28.63438,44.195436],[28.634193,44.195556],[28.634005,44.195675],[28.633818,44.195795],[28.63363,44.195915],[28.633604,44.195931],[28.633442,44.196034],[28.633254,44.196153],[28.633117,44.196239],[28.633066,44.196271],[28.632878,44.19639],[28.632725,44.196487],[28.632691,44.19651],[28.632604,44.196568],[28.632537,44.196612],[28.632507,44.196632],[28.632322,44.196754],[28.632138,44.196876],[28.631954,44.196998],[28.63183,44.19708],[28.631764,44.197118],[28.631659,44.197179],[28.631575,44.197234],[28.63139,44.197355],[28.631205,44.197476],[28.631085,44.197555],[28.63105,44.197578],[28.631038,44.197586],[28.631028,44.197593],[28.631021,44.197598],[28.630837,44.19772],[28.630654,44.197843],[28.630493,44.19795],[28.63047,44.197965],[28.630287,44.198088],[28.630103,44.198211],[28.62992,44.198333],[28.629736,44.198456],[28.629624,44.198531],[28.629552,44.198578],[28.629368,44.1987],[28.629275,44.198762],[28.629194,44.198814],[28.629183,44.198821],[28.628998,44.198943],[28.628845,44.199045],[28.628814,44.199065],[28.628802,44.199073],[28.628777,44.19909],[28.628631,44.199188],[28.628611,44.199202],[28.628444,44.199309],[28.628257,44.199429],[28.628236,44.199442],[28.628076,44.199551],[28.628074,44.199552],[28.628041,44.199573],[28.627887,44.199672],[28.627739,44.199767],[28.627701,44.199792],[28.627516,44.199913],[28.627332,44.200035],[28.627147,44.200157],[28.627057,44.200217],[28.626964,44.20028],[28.626851,44.200356],[28.62678,44.200402],[28.626711,44.200448],[28.626595,44.200523],[28.626484,44.200595],[28.626409,44.200645],[28.626225,44.200767],[28.626041,44.200889],[28.625857,44.201011],[28.625673,44.201133],[28.62563,44.201162],[28.625489,44.201255],[28.625304,44.201377],[28.62512,44.201499],[28.624936,44.201621],[28.624908,44.20164],[28.624752,44.201743],[28.624685,44.201788],[28.624569,44.201866],[28.624553,44.201877],[28.624385,44.201989],[28.6242,44.202111],[28.62402,44.20223],[28.623837,44.202351],[28.623653,44.202473],[28.623512,44.202566],[28.623469,44.202595],[28.623313,44.202697],[28.623286,44.202738],[28.623185,44.202894],[28.623153,44.202944],[28.623114,44.203034],[28.623113,44.20306],[28.623113,44.203078],[28.623114,44.203096],[28.623139,44.203157],[28.623188,44.203219],[28.6232,44.203234],[28.623312,44.203374],[28.623347,44.203418],[28.623453,44.20352],[28.623468,44.203534],[28.623604,44.203663],[28.623652,44.203709],[28.623738,44.203817],[28.623862,44.203973],[28.623986,44.204129],[28.623988,44.204133],[28.624092,44.20429],[28.624201,44.204455],[28.62424,44.204448],[28.624253,44.204449],[28.624279,44.20445],[28.624315,44.204462],[28.624344,44.204482],[28.624362,44.204507],[28.624367,44.204535],[28.624359,44.204563],[28.624339,44.204587],[28.624308,44.204605],[28.624273,44.204615],[28.624235,44.204616],[28.624198,44.204608],[28.624167,44.204592],[28.62415,44.204604],[28.62397,44.204729],[28.623832,44.204824],[28.623827,44.204828],[28.62379,44.204854],[28.623755,44.204878],[28.62363,44.204965],[28.62361,44.204979],[28.623429,44.205103],[28.623348,44.205159],[28.623243,44.205224],[28.623116,44.205304],[28.623082,44.205357],[28.62298,44.205519],[28.622877,44.205683],[28.622867,44.205698],[28.622778,44.205848],[28.622773,44.205856],[28.622702,44.206012],[28.6227,44.206016],[28.622655,44.206153],[28.622646,44.20619],[28.622632,44.206249],[28.622616,44.206366],[28.622594,44.206537],[28.622594,44.206542],[28.622588,44.206722],[28.622586,44.206765],[28.622597,44.2069],[28.62261,44.207051],[28.622614,44.207079],[28.62264,44.207258],[28.622648,44.207313],[28.622675,44.207435],[28.622684,44.207477],[28.622722,44.207611],[28.622771,44.207788],[28.622773,44.207795],[28.622819,44.207925],[28.622834,44.20796],[28.62287,44.208043],[28.622908,44.208132],[28.62298,44.208303],[28.623001,44.208352],[28.623061,44.208471],[28.623147,44.20864],[28.623233,44.208809],[28.623317,44.208974],[28.623319,44.208978],[28.623369,44.209068],[28.623416,44.209143],[28.623518,44.209307],[28.623621,44.209471],[28.623723,44.209635],[28.623826,44.209799],[28.623929,44.209963],[28.624031,44.210128],[28.624049,44.210156],[28.624132,44.210293],[28.624148,44.210319],[28.624232,44.210458],[28.624332,44.210622],[28.624355,44.21066],[28.624433,44.210787],[28.624438,44.210797],[28.624348,44.210843],[28.624286,44.210874],[28.624083,44.21098],[28.623949,44.211049],[28.623886,44.211082],[28.623829,44.211111],[28.623733,44.211163]]},"properties":{"line":"2-43","dir":"1","headsign":"Cap Linie Tomis Nord","mode":"bus","color":"#0059a9"}},{"type":"Feature","geometry":{"type":"LineString","coordinates":[[28.623733,44.211163],[28.623548,44.211262],[28.623383,44.211351],[28.623347,44.21137],[28.623347,44.21137],[28.623229,44.211288],[28.623049,44.211162],[28.622968,44.211105],[28.622869,44.211037],[28.622689,44.210912],[28.622509,44.210787],[28.622354,44.210679],[28.622328,44.210662],[28.622148,44.210537],[28.622136,44.210529],[28.621965,44.210413],[28.621956,44.210407],[28.62179,44.21029],[28.621787,44.210288],[28.621676,44.210209],[28.621612,44.210161],[28.621603,44.210155],[28.621519,44.210091],[28.621439,44.210031],[28.621266,44.2099],[28.621093,44.20977],[28.621021,44.209716],[28.620926,44.209638],[28.620759,44.209504],[28.620758,44.209503],[28.6206,44.209367],[28.620553,44.209328],[28.620439,44.209229],[28.620404,44.209199],[28.620292,44.209087],[28.620215,44.209011],[28.620145,44.208941],[28.620136,44.208932],[28.62002,44.20879],[28.619948,44.208701],[28.619912,44.208633],[28.619824,44.208465],[28.619806,44.208431],[28.619788,44.208293],[28.619788,44.208292],[28.619775,44.208113],[28.619769,44.208025],[28.619791,44.207941],[28.619811,44.207864],[28.619826,44.207766],[28.619827,44.207763],[28.619848,44.207689],[28.619902,44.207598],[28.619932,44.207548],[28.620022,44.207449],[28.620159,44.207299],[28.620185,44.207271],[28.620324,44.207176],[28.620506,44.207052],[28.620688,44.206928],[28.620869,44.206804],[28.621051,44.20668],[28.621233,44.206556],[28.621329,44.20649],[28.621415,44.206433],[28.621597,44.206312],[28.621707,44.206228],[28.621776,44.206184],[28.621964,44.206065],[28.622151,44.205945],[28.622175,44.20593],[28.622335,44.205822],[28.622349,44.205813],[28.622508,44.205708],[28.622519,44.2057],[28.622703,44.205578],[28.622752,44.205545],[28.622887,44.205456],[28.622944,44.205418],[28.623047,44.205349],[28.623071,44.205333],[28.623116,44.205304],[28.623258,44.205215],[28.623348,44.205159],[28.623445,44.205093],[28.623626,44.204968],[28.62363,44.204965],[28.623755,44.204878],[28.623806,44.204842],[28.623827,44.204828],[28.623832,44.204824],[28.623986,44.204718],[28.624167,44.204592],[28.624145,44.204571],[28.624141,44.204563],[28.624133,44.204545],[28.624134,44.204517],[28.624146,44.204492],[28.624169,44.20447],[28.624201,44.204455],[28.62424,44.204448],[28.624279,44.20445],[28.624296,44.204456],[28.624315,44.204462],[28.624344,44.204482],[28.624362,44.204507],[28.624367,44.204535],[28.624359,44.204563],[28.624339,44.204587],[28.624308,44.204605],[28.62442,44.204737],[28.624533,44.20489],[28.62473,44.205147],[28.62486,44.205316],[28.625097,44.205672],[28.625416,44.206313],[28.625785,44.207069],[28.626133,44.20778],[28.626168,44.207851],[28.626212,44.207939],[28.626839,44.209253],[28.626874,44.209334],[28.626971,44.209557],[28.627083,44.209735],[28.627222,44.2099],[28.627224,44.209903],[28.627383,44.210027],[28.627436,44.210069],[28.627596,44.210136],[28.627666,44.210165],[28.627831,44.210198],[28.627939,44.210219],[28.628015,44.210226],[28.628076,44.210231],[28.628325,44.210253],[28.62838,44.210257],[28.628574,44.210273],[28.628606,44.210275],[28.628632,44.210277],[28.628711,44.210283],[28.628721,44.210214],[28.628746,44.210035],[28.628771,44.209856],[28.628796,44.209677],[28.628821,44.209498],[28.628846,44.209319],[28.628862,44.209206],[28.628873,44.20914],[28.628902,44.208962],[28.628904,44.20895],[28.628931,44.208784],[28.62896,44.208605],[28.62899,44.208426],[28.629019,44.208248],[28.629021,44.208239],[28.62905,44.208069],[28.629059,44.208014],[28.629082,44.207891],[28.629115,44.207712],[28.629148,44.207534],[28.629181,44.207356],[28.629214,44.207177],[28.629246,44.206999],[28.629279,44.206821],[28.629312,44.206642],[28.629338,44.206503],[28.629347,44.206464],[28.629354,44.20643],[28.629385,44.206286],[28.629423,44.206108],[28.629462,44.20593],[28.629496,44.205771],[28.6295,44.205752],[28.629538,44.205594],[28.629542,44.205575],[28.629585,44.205398],[28.629628,44.20522],[28.629671,44.205043],[28.629714,44.204866],[28.629732,44.204792],[28.629759,44.204689],[28.629806,44.204513],[28.629852,44.204336],[28.629899,44.20416],[28.629946,44.203984],[28.629975,44.203872],[28.629991,44.203808],[28.630034,44.203633],[28.630062,44.20352],[28.630077,44.203458],[28.63012,44.203281],[28.630127,44.203257],[28.630164,44.203104],[28.63018,44.20304],[28.630208,44.202927],[28.63024,44.202794],[28.630242,44.202754],[28.630242,44.20274],[28.63024,44.202668],[28.630226,44.202623],[28.63022,44.202604],[28.630216,44.202599],[28.630146,44.202499],[28.6301,44.202443],[28.630074,44.202412],[28.629994,44.202338],[28.629947,44.202325],[28.62979,44.202284],[28.629716,44.20226],[28.629489,44.202185],[28.629313,44.202128],[28.62926,44.202108],[28.629209,44.202089],[28.629068,44.202035],[28.629036,44.202021],[28.629021,44.202015],[28.628955,44.201986],[28.628929,44.201992],[28.628901,44.201993],[28.628873,44.201988],[28.628848,44.201978],[28.628847,44.201978],[28.628828,44.201964],[28.628815,44.201947],[28.628808,44.201925],[28.628808,44.201912],[28.628714,44.201862],[28.628609,44.201807],[28.628519,44.201742],[28.628428,44.201677],[28.628341,44.201618],[28.628159,44.201494],[28.628096,44.201452],[28.627977,44.20137],[28.62784,44.201276],[28.627796,44.201245],[28.627616,44.20112],[28.627444,44.201001],[28.627435,44.200995],[28.627328,44.200921],[28.627257,44.200866],[28.627086,44.200735],[28.626915,44.200603],[28.626898,44.20059],[28.626743,44.200473],[28.626711,44.200448],[28.626601,44.200519],[28.626484,44.200595],[28.626415,44.200641],[28.626231,44.200763],[28.626047,44.200885],[28.625863,44.201007],[28.625679,44.201129],[28.62563,44.201162],[28.625495,44.201251],[28.62531,44.201373],[28.625126,44.201495],[28.624942,44.201618],[28.624908,44.20164],[28.624758,44.20174],[28.624685,44.201788],[28.624575,44.201862],[28.624553,44.201877],[28.62439,44.201985],[28.624206,44.202107],[28.624023,44.202228],[28.62384,44.202349],[28.623656,44.202471],[28.623512,44.202566],[28.623472,44.202592],[28.623313,44.202697],[28.623287,44.202715],[28.623108,44.202841],[28.622929,44.202967],[28.622846,44.203026],[28.62275,44.203093],[28.62265,44.203161],[28.622568,44.203217],[28.622488,44.203272],[28.622383,44.203337],[28.622271,44.203407],[28.622194,44.203454],[28.622055,44.20354],[28.622004,44.203572],[28.621818,44.203688],[28.621807,44.203695],[28.621662,44.203787],[28.62163,44.203807],[28.621452,44.203918],[28.621441,44.203925],[28.621274,44.204029],[28.621252,44.204043],[28.621096,44.204141],[28.621064,44.204161],[28.620875,44.20428],[28.620687,44.204399],[28.620572,44.204471],[28.6205,44.204518],[28.620377,44.204599],[28.620315,44.20464],[28.62013,44.204761],[28.62008,44.204794],[28.619977,44.204861],[28.619945,44.204883],[28.619759,44.205004],[28.619573,44.205125],[28.619388,44.205246],[28.619202,44.205367],[28.619017,44.205488],[28.618831,44.205609],[28.618646,44.20573],[28.61846,44.205851],[28.618275,44.205972],[28.618121,44.206072],[28.618089,44.206093],[28.618036,44.206128],[28.617979,44.206167],[28.617905,44.206215],[28.61772,44.206336],[28.617677,44.206365],[28.617535,44.206457],[28.617349,44.206579],[28.617164,44.2067],[28.616979,44.206821],[28.616878,44.206887],[28.616788,44.206939],[28.616593,44.207053],[28.616524,44.207093],[28.616406,44.207171],[28.616227,44.20729],[28.616221,44.207295],[28.616056,44.20743],[28.615966,44.207504],[28.615894,44.207567],[28.615893,44.207568],[28.615865,44.207593],[28.615739,44.20771],[28.615586,44.207852],[28.615488,44.207943],[28.615414,44.208009],[28.615492,44.208065],[28.615356,44.208181],[28.615195,44.208319],[28.615035,44.208457],[28.614874,44.208595],[28.614713,44.208733],[28.614552,44.208871],[28.614392,44.209009],[28.614358,44.209038],[28.614228,44.209146],[28.614179,44.209186],[28.614063,44.209274],[28.613897,44.209401],[28.613815,44.209464],[28.613724,44.20953],[28.613547,44.209657],[28.61337,44.209784],[28.613199,44.209908],[28.613193,44.209912],[28.613015,44.210039],[28.612919,44.210108],[28.612838,44.210167],[28.612663,44.210295],[28.612487,44.210424],[28.612312,44.210552],[28.612136,44.210681],[28.611982,44.210794],[28.611961,44.210809],[28.611784,44.210937],[28.611685,44.211009],[28.61163,44.211048],[28.611607,44.211064],[28.61143,44.211192],[28.611253,44.211319],[28.611076,44.211446],[28.610898,44.211574],[28.610721,44.211701],[28.610623,44.211771],[28.610581,44.211802],[28.610544,44.211829],[28.610369,44.211957],[28.610193,44.212085],[28.610017,44.212214],[28.609842,44.212342],[28.609694,44.21245],[28.609666,44.21247],[28.609489,44.212598],[28.609312,44.212726],[28.609135,44.212853],[28.608959,44.212981],[28.608782,44.213108],[28.608605,44.213236],[28.608428,44.213363],[28.608251,44.213491],[28.608074,44.213618],[28.607897,44.213746],[28.60772,44.213874],[28.607543,44.214001],[28.607367,44.214129],[28.607348,44.214142],[28.607189,44.214255],[28.607064,44.214344],[28.607011,44.214382],[28.606834,44.21451],[28.606657,44.214637],[28.60648,44.214765],[28.606303,44.214892],[28.606126,44.215019],[28.605948,44.215147],[28.605771,44.215274],[28.605594,44.215402],[28.605417,44.215529],[28.60524,44.215657],[28.605063,44.215784],[28.604978,44.215845],[28.604903,44.2159],[28.604886,44.215912],[28.60471,44.21604],[28.604534,44.216168],[28.604358,44.216295],[28.604181,44.216423],[28.604005,44.216551],[28.603829,44.216679],[28.603652,44.216807],[28.603593,44.21685],[28.603477,44.216936],[28.603352,44.217027],[28.6033,44.217064],[28.603121,44.21719],[28.603019,44.217262],[28.602941,44.217315],[28.602876,44.217361],[28.602763,44.217442],[28.602586,44.217569],[28.602409,44.217697],[28.602232,44.217824],[28.602219,44.217834],[28.602055,44.217951],[28.601877,44.218078],[28.601829,44.218112],[28.601701,44.218206],[28.60155,44.218317],[28.601524,44.218334],[28.601342,44.218458],[28.601281,44.218499],[28.601165,44.218585],[28.600991,44.218714],[28.600913,44.218771],[28.600816,44.218843],[28.60067,44.218951],[28.600641,44.218972],[28.60057,44.219023],[28.600463,44.219099],[28.600286,44.219226],[28.600185,44.219299],[28.600108,44.219353],[28.599931,44.219481],[28.599903,44.219501],[28.599823,44.219558],[28.599752,44.219607],[28.599574,44.219733],[28.599395,44.21986],[28.599217,44.219986],[28.599038,44.220112],[28.598981,44.220153],[28.598864,44.220241],[28.598721,44.220349],[28.598695,44.22037],[28.598657,44.220401],[28.598618,44.220443],[28.598568,44.220513],[28.59856,44.220525],[28.598506,44.2206],[28.598508,44.220639],[28.598496,44.220676],[28.598484,44.220695],[28.598473,44.220711],[28.598442,44.220738],[28.598403,44.22076],[28.598359,44.220775],[28.598312,44.220783],[28.598302,44.220783],[28.598269,44.220783],[28.598227,44.220778],[28.598063,44.220841],[28.598058,44.220843],[28.597988,44.220879],[28.59792,44.220921],[28.597864,44.22096],[28.597683,44.221085],[28.597503,44.221209],[28.597467,44.221234],[28.597324,44.221336],[28.597146,44.221463],[28.596968,44.22159],[28.596791,44.221717],[28.596638,44.221826],[28.596613,44.221844],[28.596574,44.221873],[28.596437,44.221972],[28.596259,44.222099],[28.596082,44.222226],[28.595905,44.222354],[28.595782,44.222442],[28.595728,44.22248],[28.595607,44.222564],[28.595547,44.222605],[28.595367,44.22273],[28.595241,44.222817],[28.595187,44.222856],[28.595064,44.222944],[28.595009,44.222983],[28.594832,44.22311],[28.594654,44.223237],[28.594477,44.223364],[28.5943,44.223491],[28.594267,44.223515],[28.594118,44.223614],[28.594116,44.223615],[28.594059,44.223657],[28.59394,44.223742],[28.593763,44.22387],[28.593708,44.223909],[28.593584,44.223995],[28.593403,44.22412],[28.593222,44.224244],[28.593041,44.224369],[28.592861,44.224494],[28.59268,44.224619],[28.592588,44.224682],[28.592501,44.224746],[28.592407,44.224814],[28.59234,44.224863],[28.592329,44.224885],[28.592321,44.224903],[28.592286,44.224937],[28.592318,44.22496],[28.59235,44.224982],[28.592399,44.225016],[28.592446,44.225049],[28.592474,44.225069],[28.592624,44.225175],[28.592802,44.2253],[28.59298,44.225425],[28.593159,44.225551],[28.593338,44.225677],[28.593517,44.225803],[28.593638,44.225888],[28.593696,44.225929],[28.593875,44.226055],[28.594054,44.226181],[28.594233,44.226307],[28.59441,44.226431],[28.594412,44.226433],[28.594591,44.226559],[28.594771,44.226684],[28.594951,44.22681],[28.59513,44.226936],[28.595264,44.227029],[28.595309,44.227062],[28.595427,44.227148],[28.595486,44.227189],[28.595665,44.227315],[28.595844,44.227441],[28.596023,44.227567],[28.596202,44.227693],[28.596381,44.227819],[28.59656,44.227945],[28.596686,44.228033],[28.596731,44.228078],[28.596801,44.228147],[28.59687,44.228227],[28.596895,44.228256],[28.596978,44.22839],[28.597024,44.228465],[28.597052,44.228562],[28.597103,44.228739],[28.597103,44.22874],[28.597136,44.228918],[28.597163,44.229059],[28.597169,44.229096],[28.597199,44.229259],[28.597201,44.229275],[28.597226,44.229454],[28.597251,44.229633],[28.597277,44.229812],[28.597302,44.229991],[28.597327,44.23017],[28.597352,44.230349],[28.597378,44.230528],[28.597403,44.230707],[28.597408,44.230741],[28.597432,44.230885],[28.597462,44.231064],[28.597491,44.231242],[28.597521,44.231421],[28.597551,44.231599],[28.597581,44.231778],[28.59761,44.231956],[28.597619,44.232008],[28.597646,44.232067],[28.597662,44.232102],[28.597828,44.232077],[28.597899,44.232066],[28.598145,44.232029],[28.598149,44.232029],[28.59839,44.231994],[28.598636,44.231959],[28.598854,44.231929],[28.598883,44.231924],[28.599008,44.231905],[28.599128,44.231889],[28.599217,44.231877],[28.599374,44.231853],[28.59962,44.231817],[28.599659,44.231811],[28.599792,44.231788],[28.599865,44.231776],[28.600109,44.231734],[28.600353,44.231692],[28.600581,44.231653],[28.600602,44.231648],[28.600803,44.231593],[28.600839,44.23158],[28.601063,44.231502],[28.601162,44.231467],[28.601286,44.231419],[28.601507,44.231335],[28.601526,44.231327],[28.601735,44.231265],[28.601746,44.231262],[28.601973,44.231226],[28.602032,44.231217],[28.602219,44.231216],[28.60247,44.231215],[28.602693,44.231214],[28.60272,44.231214],[28.602825,44.231213],[28.602971,44.231212],[28.603221,44.23121],[28.603283,44.23121],[28.603472,44.231207],[28.603722,44.231202],[28.603973,44.231198],[28.604224,44.231194],[28.604474,44.23119],[28.604725,44.231186],[28.604976,44.231182],[28.605203,44.231178],[28.605225,44.231178],[28.605476,44.231178],[28.605727,44.231178],[28.605788,44.231178],[28.60597,44.231191],[28.606054,44.231196],[28.606195,44.231235],[28.606425,44.231298],[28.60652,44.231324],[28.60659,44.231343],[28.606659,44.23136],[28.606805,44.231394],[28.606899,44.231414],[28.606897,44.231413],[28.606878,44.23141]]},"properties":{"line":"3","dir":"0","headsign":"Cap Linie Sanatoriu","mode":"bus","color":"#0059a9"}},{"type":"Feature","geometry":{"type":"LineString","coordinates":[[28.606878,44.23141],[28.606805,44.231394],[28.606641,44.231355],[28.60659,44.231343],[28.60652,44.231324],[28.606406,44.231293],[28.606172,44.231229],[28.606054,44.231196],[28.605923,44.231187],[28.605788,44.231178],[28.605671,44.231178],[28.605421,44.231178],[28.605203,44.231178],[28.60517,44.231178],[28.604919,44.231183],[28.604668,44.231187],[28.604417,44.231191],[28.604167,44.231195],[28.603916,44.231199],[28.603665,44.231203],[28.603414,44.231208],[28.603283,44.23121],[28.603164,44.231211],[28.602913,44.231213],[28.602825,44.231213],[28.602693,44.231214],[28.602662,44.231214],[28.602411,44.231215],[28.60216,44.231216],[28.602032,44.231217],[28.601911,44.231236],[28.601746,44.231262],[28.60167,44.231285],[28.601526,44.231327],[28.601442,44.23136],[28.60122,44.231444],[28.601162,44.231467],[28.600997,44.231525],[28.600803,44.231593],[28.60077,44.231602],[28.600581,44.231653],[28.600533,44.231662],[28.600289,44.231703],[28.600045,44.231745],[28.599792,44.231788],[28.599785,44.23174],[28.599764,44.231596],[28.599761,44.231569],[28.599741,44.23139],[28.599721,44.231211],[28.599701,44.231031],[28.599681,44.230852],[28.599661,44.230673],[28.599641,44.230494],[28.599635,44.230443],[28.599621,44.230314],[28.599601,44.230135],[28.599581,44.229956],[28.599561,44.229777],[28.599541,44.229597],[28.599521,44.229418],[28.599518,44.229391],[28.599503,44.229239],[28.599489,44.229106],[28.599484,44.229059],[28.599464,44.22888],[28.599444,44.228701],[28.599423,44.228522],[28.599403,44.228342],[28.599383,44.228163],[28.599363,44.227984],[28.599343,44.227804],[28.599322,44.227625],[28.599302,44.227446],[28.599282,44.227267],[28.599262,44.227087],[28.599257,44.227047],[28.599241,44.226908],[28.59922,44.226729],[28.5992,44.22655],[28.599179,44.226371],[28.599158,44.226191],[28.599138,44.226012],[28.599126,44.225911],[28.599118,44.225833],[28.5991,44.225654],[28.599082,44.22548],[28.59908,44.225473],[28.59905,44.225294],[28.599019,44.225116],[28.598988,44.224941],[28.598988,44.224938],[28.598965,44.224759],[28.598943,44.22458],[28.598921,44.224402],[28.59892,44.224401],[28.598898,44.224222],[28.598876,44.224043],[28.598854,44.223863],[28.598831,44.223684],[28.598809,44.223505],[28.598791,44.223362],[28.598787,44.223326],[28.598766,44.223147],[28.598756,44.223057],[28.598746,44.222968],[28.598727,44.222789],[28.598721,44.222731],[28.598703,44.222608],[28.598678,44.222435],[28.598677,44.22243],[28.598651,44.222251],[28.598633,44.222127],[28.598626,44.222073],[28.598603,44.221894],[28.598579,44.221715],[28.598556,44.221536],[28.598549,44.221482],[28.598534,44.221357],[28.598514,44.221188],[28.598513,44.221178],[28.598501,44.221084],[28.598494,44.22103],[28.59849,44.220999],[28.598477,44.220903],[28.598376,44.22083],[28.598312,44.220783],[28.598269,44.220783],[28.598227,44.220778],[28.598182,44.220765],[28.598162,44.220755],[28.598141,44.220745],[28.598108,44.22072],[28.598083,44.22069],[28.598068,44.220657],[28.598064,44.220609],[28.598051,44.220601],[28.597871,44.220491],[28.597812,44.220455],[28.597691,44.220405],[28.597665,44.220394],[28.597658,44.220391],[28.59752,44.220329],[28.59749,44.22034],[28.597448,44.220346],[28.597444,44.220346],[28.597411,44.220343],[28.597372,44.220328],[28.597342,44.220306],[28.597327,44.220282],[28.597323,44.220251],[28.597334,44.220221],[28.597334,44.220221],[28.597358,44.220196],[28.597191,44.220073],[28.597017,44.219944],[28.596962,44.219904],[28.596842,44.219815],[28.596667,44.219686],[28.596562,44.219608],[28.596492,44.219557],[28.596334,44.21944],[28.596317,44.219428],[28.596154,44.219307],[28.596143,44.219299],[28.595968,44.21917],[28.595935,44.219146],[28.595793,44.219041],[28.595733,44.218997],[28.595618,44.218912],[28.59558,44.218884],[28.595443,44.218783],[28.595269,44.218654],[28.595176,44.218586],[28.595244,44.218538],[28.595422,44.218411],[28.595599,44.218284],[28.595777,44.218157],[28.595955,44.218031],[28.595959,44.218028],[28.595781,44.218155],[28.595603,44.218282],[28.595426,44.218408],[28.595248,44.218535],[28.595176,44.218586],[28.595324,44.218695],[28.595498,44.218824],[28.59558,44.218884],[28.595673,44.218953],[28.595733,44.218997],[28.595848,44.219082],[28.595935,44.219146],[28.596023,44.219211],[28.596154,44.219307],[28.596198,44.21934],[28.596334,44.21944],[28.596373,44.219469],[28.596547,44.219598],[28.596562,44.219608],[28.596722,44.219726],[28.596897,44.219855],[28.596962,44.219904],[28.597071,44.219984],[28.597246,44.220113],[28.597358,44.220196],[28.59738,44.220183],[28.59742,44.220172],[28.597451,44.22017],[28.597468,44.220173],[28.597493,44.220177],[28.59754,44.220201],[28.597556,44.220219],[28.597567,44.220244],[28.597567,44.220271],[28.597561,44.22029],[28.597549,44.220306],[28.597545,44.220309],[28.59752,44.220329],[28.597665,44.220394],[28.597691,44.220405],[28.597753,44.220431],[28.597812,44.220455],[28.597967,44.220473],[28.598007,44.220474],[28.598079,44.220476],[28.598214,44.220473],[28.598247,44.220468],[28.598277,44.220464],[28.598412,44.220421],[28.598466,44.2204],[28.598479,44.220394],[28.598517,44.220377],[28.598668,44.220277],[28.598796,44.220192],[28.598848,44.220156],[28.598923,44.220105],[28.599026,44.22003],[28.599058,44.220007],[28.599203,44.219903],[28.59938,44.219775],[28.599557,44.219648],[28.599734,44.21952],[28.599911,44.219393],[28.600088,44.219265],[28.600143,44.219226],[28.600266,44.219138],[28.600444,44.219012],[28.600623,44.218885],[28.600801,44.218759],[28.600979,44.218632],[28.601093,44.218552],[28.601157,44.218506],[28.601335,44.218379],[28.601513,44.218252],[28.60169,44.218125],[28.601856,44.218006],[28.601868,44.217998],[28.602045,44.217871],[28.602223,44.217743],[28.6024,44.217616],[28.602578,44.217489],[28.602755,44.217362],[28.602837,44.217303],[28.602931,44.217234],[28.603108,44.217106],[28.603284,44.216978],[28.60346,44.21685],[28.603463,44.216847],[28.603637,44.216722],[28.603814,44.216595],[28.603991,44.216467],[28.604165,44.216342],[28.604165,44.216342],[28.604338,44.216215],[28.604514,44.216087],[28.604582,44.216037],[28.60469,44.21596],[28.604867,44.215832],[28.605045,44.215705],[28.605222,44.215578],[28.605399,44.215451],[28.60545,44.215415],[28.605557,44.215341],[28.605579,44.215325],[28.605638,44.215282],[28.605754,44.215196],[28.605929,44.215067],[28.606103,44.214938],[28.606186,44.214877],[28.606264,44.214822],[28.60628,44.21481],[28.606457,44.214683],[28.606633,44.214555],[28.60681,44.214428],[28.606987,44.2143],[28.607002,44.214289],[28.607165,44.214173],[28.6073,44.214077],[28.607343,44.214046],[28.607461,44.213959],[28.607519,44.213918],[28.607695,44.21379],[28.607872,44.213663],[28.608049,44.213535],[28.608226,44.213407],[28.608403,44.21328],[28.608575,44.213155],[28.608579,44.213152],[28.608756,44.213024],[28.608932,44.212896],[28.609108,44.212768],[28.609284,44.21264],[28.60946,44.212512],[28.609636,44.212384],[28.609813,44.212256],[28.609989,44.212128],[28.610165,44.212],[28.610341,44.211872],[28.610517,44.211744],[28.610694,44.211616],[28.610761,44.211566],[28.610871,44.211488],[28.611048,44.211362],[28.611226,44.211235],[28.611239,44.211226],[28.611408,44.211111],[28.611413,44.211107],[28.611586,44.210983],[28.611763,44.210856],[28.61194,44.210729],[28.612117,44.210602],[28.612294,44.210474],[28.612472,44.210347],[28.612649,44.21022],[28.612746,44.21015],[28.612826,44.210092],[28.613001,44.209963],[28.613177,44.209835],[28.61329,44.209753],[28.613353,44.209707],[28.613453,44.209634],[28.613529,44.20958],[28.613707,44.209453],[28.613795,44.209391],[28.613884,44.209323],[28.613948,44.209275],[28.614041,44.2092],[28.614098,44.209154],[28.614203,44.209063],[28.614285,44.208991],[28.61436,44.208923],[28.614489,44.208804],[28.614515,44.208781],[28.614672,44.208647],[28.614676,44.208643],[28.614839,44.208507],[28.615002,44.20837],[28.615043,44.208337],[28.615162,44.208231],[28.61532,44.208092],[28.615414,44.208009],[28.615478,44.207952],[28.615488,44.207943],[28.615631,44.20781],[28.615785,44.207668],[28.615865,44.207593],[28.615893,44.207568],[28.615939,44.207527],[28.615966,44.207504],[28.616103,44.207392],[28.616227,44.20729],[28.616272,44.20726],[28.616455,44.207139],[28.616524,44.207093],[28.616643,44.207024],[28.616838,44.206911],[28.616878,44.206887],[28.617028,44.206789],[28.617213,44.206668],[28.617398,44.206547],[28.617583,44.206426],[28.617677,44.206365],[28.617768,44.206304],[28.617954,44.206183],[28.617979,44.206167],[28.618036,44.206128],[28.618121,44.206072],[28.618138,44.206061],[28.618323,44.20594],[28.618509,44.205819],[28.618694,44.205698],[28.61888,44.205577],[28.619066,44.205456],[28.619251,44.205335],[28.619437,44.205214],[28.619622,44.205093],[28.619808,44.204972],[28.619977,44.204861],[28.619993,44.204851],[28.62008,44.204794],[28.620179,44.204729],[28.620364,44.204608],[28.620377,44.204599],[28.620549,44.204486],[28.620572,44.204471],[28.620736,44.204368],[28.620924,44.204249],[28.621096,44.204141],[28.621113,44.20413],[28.621274,44.204029],[28.621301,44.204012],[28.621452,44.203918],[28.62149,44.203894],[28.621662,44.203787],[28.62168,44.203776],[28.621807,44.203695],[28.621865,44.203659],[28.622054,44.203541],[28.622055,44.20354],[28.622243,44.203424],[28.622271,44.203407],[28.622433,44.203306],[28.622488,44.203272],[28.622622,44.20318],[28.62265,44.203161],[28.622803,44.203056],[28.622846,44.203026],[28.622983,44.202929],[28.623162,44.202803],[28.623313,44.202697],[28.623339,44.20268],[28.623512,44.202566],[28.623524,44.202558],[28.623708,44.202436],[28.623892,44.202314],[28.62407,44.202197],[28.624254,44.202075],[28.624438,44.201953],[28.624553,44.201877],[28.624622,44.20183],[28.624685,44.201788],[28.624805,44.201708],[28.624908,44.20164],[28.62499,44.201586],[28.625174,44.201464],[28.625358,44.201342],[28.625542,44.20122],[28.62563,44.201162],[28.625726,44.201098],[28.62591,44.200975],[28.626095,44.200853],[28.626279,44.200731],[28.626463,44.200609],[28.626484,44.200595],[28.626648,44.200489],[28.626711,44.200448],[28.626811,44.200382],[28.626851,44.200356],[28.627033,44.200498],[28.627035,44.2005],[28.627203,44.200632],[28.627254,44.200673],[28.627371,44.200764],[28.627424,44.200806],[28.627482,44.200851],[28.62754,44.200897],[28.627589,44.200936],[28.627619,44.200959],[28.627712,44.201027],[28.627887,44.201156],[28.628009,44.201245],[28.628062,44.201286],[28.628194,44.201388],[28.628233,44.201417],[28.628406,44.201547],[28.628497,44.201616],[28.628581,44.201674],[28.628688,44.201748],[28.628768,44.201789],[28.628818,44.201814],[28.628885,44.201849],[28.628915,44.201846],[28.628944,44.20185],[28.628971,44.20186],[28.628982,44.201868],[28.628992,44.201875],[28.629006,44.201894],[28.629012,44.20191],[28.629012,44.201929],[28.629006,44.201946],[28.628994,44.201962],[28.628977,44.201976],[28.628955,44.201986],[28.628929,44.201992],[28.628901,44.201993],[28.628873,44.201988],[28.628848,44.201978],[28.628828,44.201964],[28.628807,44.201976],[28.628611,44.202088],[28.628572,44.20211],[28.628456,44.20218],[28.628419,44.202202],[28.628226,44.202317],[28.62813,44.202375],[28.628034,44.202432],[28.627949,44.202483],[28.627841,44.202548],[28.627649,44.202663],[28.627456,44.202778],[28.627264,44.202894],[28.627071,44.203009],[28.62699,44.203058],[28.626931,44.203093],[28.626879,44.203124],[28.626686,44.20324],[28.626641,44.203267],[28.626494,44.203355],[28.626334,44.203451],[28.626301,44.20347],[28.626109,44.203586],[28.625916,44.203701],[28.625724,44.203816],[28.625712,44.203823],[28.625517,44.203917],[28.625457,44.203946],[28.62531,44.204019],[28.625104,44.204122],[28.624898,44.204225],[28.624692,44.204327],[28.624609,44.204369],[28.624482,44.204423],[28.624344,44.204482],[28.624362,44.204507],[28.624367,44.204535],[28.624359,44.204563],[28.624352,44.204572],[28.624339,44.204587],[28.624308,44.204605],[28.624273,44.204615],[28.624235,44.204616],[28.624198,44.204608],[28.624167,44.204592],[28.62409,44.204646],[28.623909,44.204771],[28.623832,44.204824],[28.623827,44.204828],[28.623755,44.204878],[28.623729,44.204896],[28.62363,44.204965],[28.623549,44.20502],[28.623369,44.205145],[28.623348,44.205159],[28.62318,44.205264],[28.623116,44.205304],[28.623048,44.205411],[28.622945,44.205574],[28.622867,44.205698],[28.622843,44.205738],[28.622773,44.205856],[28.622751,44.205903],[28.622702,44.206012],[28.622681,44.206074],[28.622655,44.206153],[28.622632,44.206249],[28.622632,44.206249],[28.622608,44.206426],[28.622594,44.206537],[28.622592,44.206603],[28.622586,44.206765],[28.622587,44.20678],[28.622603,44.20696],[28.62261,44.207051],[28.622623,44.207139],[28.622648,44.207313],[28.622649,44.207317],[28.622684,44.207477],[28.622689,44.207494],[28.622738,44.20767],[28.622773,44.207795],[28.622791,44.207845],[28.622819,44.207925],[28.622859,44.208017],[28.62287,44.208043],[28.622932,44.208189],[28.623001,44.208352],[28.623004,44.208359],[28.62309,44.208528],[28.623176,44.208697],[28.623262,44.208866],[28.623317,44.208974],[28.62335,44.209034],[28.623369,44.209068],[28.62345,44.209198],[28.623553,44.209362],[28.623655,44.209526],[28.623758,44.20969],[28.62386,44.209854],[28.623963,44.210018],[28.624049,44.210156],[28.624065,44.210183],[28.624148,44.210319],[28.624166,44.210348],[28.624266,44.210513],[28.624355,44.21066],[28.624366,44.210678],[28.624438,44.210797],[28.624382,44.210825],[28.624348,44.210843],[28.624218,44.21091],[28.624017,44.211014],[28.623949,44.211049],[28.623829,44.211111],[28.623821,44.211116],[28.623733,44.211163]]},"properties":{"line":"3","dir":"1","headsign":"Cap Linie Tomis Nord","mode":"bus","color":"#0059a9"}},{"type":"Feature","geometry":{"type":"LineString","coordinates":[[28.623733,44.211163],[28.623548,44.211262],[28.623383,44.211351],[28.623347,44.21137],[28.623347,44.21137],[28.623229,44.211288],[28.623049,44.211162],[28.622968,44.211105],[28.622869,44.211037],[28.622689,44.210912],[28.622509,44.210787],[28.622354,44.210679],[28.622328,44.210662],[28.622148,44.210537],[28.622136,44.210529],[28.621965,44.210413],[28.621956,44.210407],[28.62179,44.21029],[28.621787,44.210288],[28.621676,44.210209],[28.621612,44.210161],[28.621603,44.210155],[28.621519,44.210091],[28.621439,44.210031],[28.621266,44.2099],[28.621093,44.20977],[28.621021,44.209716],[28.620926,44.209638],[28.620759,44.209504],[28.620758,44.209503],[28.6206,44.209367],[28.620553,44.209328],[28.620439,44.209229],[28.620404,44.209199],[28.620292,44.209087],[28.620215,44.209011],[28.620145,44.208941],[28.620136,44.208932],[28.62002,44.20879],[28.619948,44.208701],[28.619912,44.208633],[28.619824,44.208465],[28.619806,44.208431],[28.619788,44.208293],[28.619788,44.208292],[28.619775,44.208113],[28.619769,44.208025],[28.619791,44.207941],[28.619811,44.207864],[28.619826,44.207766],[28.619827,44.207763],[28.619848,44.207689],[28.619902,44.207598],[28.619932,44.207548],[28.620022,44.207449],[28.620159,44.207299],[28.620185,44.207271],[28.620324,44.207176],[28.620506,44.207052],[28.620688,44.206928],[28.620869,44.206804],[28.621051,44.20668],[28.621233,44.206556],[28.621329,44.20649],[28.621415,44.206433],[28.621597,44.206312],[28.621707,44.206228],[28.621776,44.206184],[28.621964,44.206065],[28.622151,44.205945],[28.622175,44.20593],[28.622335,44.205822],[28.622349,44.205813],[28.622508,44.205708],[28.622519,44.2057],[28.622703,44.205578],[28.622752,44.205545],[28.622887,44.205456],[28.622944,44.205418],[28.623047,44.205349],[28.623071,44.205333],[28.623116,44.205304],[28.623258,44.205215],[28.623348,44.205159],[28.623445,44.205093],[28.623626,44.204968],[28.62363,44.204965],[28.623755,44.204878],[28.623806,44.204843],[28.623827,44.204828],[28.623832,44.204824],[28.623986,44.204718],[28.624167,44.204592],[28.624145,44.204571],[28.624133,44.204545],[28.624133,44.204544],[28.624134,44.204517],[28.624146,44.204492],[28.624169,44.20447],[28.624201,44.204455],[28.624131,44.204349],[28.624024,44.204187],[28.623988,44.204133],[28.623901,44.204022],[28.623777,44.203866],[28.623652,44.203709],[28.623643,44.2037],[28.623492,44.203557],[28.623468,44.203534],[28.623347,44.203418],[28.623309,44.2034],[28.623095,44.203296],[28.623026,44.203263],[28.622942,44.203242],[28.622875,44.203233],[28.622871,44.203232],[28.62284,44.203228],[28.622751,44.203232],[28.622631,44.203245],[28.622613,44.203248],[28.622488,44.203272],[28.62239,44.203332],[28.622271,44.203407],[28.6222,44.20345],[28.622055,44.20354],[28.622011,44.203568],[28.621824,44.203684],[28.621807,44.203695],[28.621662,44.203787],[28.621637,44.203803],[28.621452,44.203918],[28.621448,44.20392],[28.621274,44.204029],[28.621259,44.204039],[28.621096,44.204141],[28.62107,44.204157],[28.620882,44.204276],[28.620693,44.204395],[28.620572,44.204471],[28.620506,44.204514],[28.620377,44.204599],[28.620322,44.204636],[28.620137,44.204757],[28.62008,44.204794],[28.619977,44.204861],[28.619951,44.204878],[28.619766,44.204999],[28.61958,44.20512],[28.619394,44.205241],[28.619209,44.205362],[28.619023,44.205484],[28.618838,44.205605],[28.618652,44.205726],[28.618467,44.205847],[28.618281,44.205968],[28.618121,44.206072],[28.618096,44.206089],[28.618036,44.206128],[28.617979,44.206167],[28.617912,44.206211],[28.617726,44.206332],[28.617677,44.206365],[28.617541,44.206453],[28.617356,44.206574],[28.617171,44.206696],[28.616985,44.206817],[28.616878,44.206887],[28.616795,44.206936],[28.6166,44.207049],[28.616524,44.207093],[28.616413,44.207167],[28.616227,44.20729],[28.616062,44.207426],[28.615966,44.207504],[28.6159,44.207561],[28.615893,44.207568],[28.615865,44.207593],[28.615746,44.207704],[28.615592,44.207846],[28.615488,44.207943],[28.615438,44.207987],[28.615414,44.208009],[28.615279,44.207918],[28.615097,44.207794],[28.614915,44.20767],[28.614733,44.207546],[28.614552,44.207423],[28.614459,44.207359],[28.614391,44.207277],[28.614355,44.207234],[28.614271,44.20712],[28.614153,44.206962],[28.614101,44.206891],[28.614033,44.206804],[28.613978,44.206733],[28.613898,44.20665],[28.613755,44.206503],[28.613611,44.206355],[28.613468,44.206207],[28.613325,44.20606],[28.613286,44.20602],[28.613177,44.205914],[28.613027,44.205769],[28.612955,44.2057],[28.612878,44.205625],[28.61273,44.20548],[28.612581,44.205335],[28.612433,44.20519],[28.612284,44.205045],[28.612136,44.2049],[28.612081,44.204846],[28.611988,44.204755],[28.61184,44.204609],[28.611692,44.204464],[28.611545,44.204319],[28.611397,44.204173],[28.611338,44.204115],[28.611249,44.204028],[28.611212,44.203992],[28.611136,44.203916],[28.611102,44.203883],[28.610954,44.203737],[28.610807,44.203591],[28.610771,44.203555],[28.610656,44.203448],[28.610503,44.203306],[28.610434,44.203242],[28.610397,44.203226],[28.610372,44.203201],[28.610363,44.203171],[28.610361,44.203169],[28.610241,44.203022],[28.610194,44.202963],[28.610104,44.202878],[28.610094,44.202868],[28.609943,44.202724],[28.609793,44.20258],[28.609642,44.202437],[28.609492,44.202293],[28.609341,44.202149],[28.60919,44.202005],[28.60904,44.201861],[28.609021,44.201843],[28.60888,44.201721],[28.608721,44.201582],[28.608562,44.201443],[28.608454,44.201349],[28.60839,44.201309],[28.60839,44.201309],[28.608363,44.201274],[28.608352,44.201236],[28.608281,44.201154],[28.608148,44.201002],[28.608145,44.200999],[28.608048,44.200905],[28.607993,44.200855],[28.607916,44.200786],[28.607844,44.200713],[28.607698,44.200567],[28.607677,44.200546],[28.607549,44.200421],[28.607413,44.200289],[28.6074,44.200276],[28.607251,44.200132],[28.607102,44.199987],[28.606953,44.199842],[28.606846,44.199738],[28.606808,44.199698],[28.606744,44.199629],[28.606666,44.199549],[28.606522,44.199401],[28.606485,44.199364],[28.60638,44.199256],[28.606238,44.199108],[28.606212,44.199081],[28.606083,44.198966],[28.605933,44.198831],[28.605828,44.19872],[28.6058,44.198684],[28.605721,44.198578],[28.605695,44.198532],[28.605604,44.198366],[28.605514,44.198203],[28.605512,44.1982],[28.605491,44.198159],[28.605422,44.198033],[28.605335,44.197871],[28.605296,44.19784],[28.605137,44.197715],[28.605086,44.197674],[28.604949,44.197627],[28.604936,44.197622],[28.604817,44.197609],[28.604903,44.197539],[28.604961,44.197492],[28.605012,44.19745],[28.605079,44.197396],[28.605021,44.197291],[28.604967,44.197195],[28.604879,44.197036],[28.604877,44.19703],[28.604809,44.196894],[28.60476,44.196845],[28.604657,44.196741],[28.604606,44.196703],[28.604533,44.196648],[28.604432,44.19659],[28.604407,44.196576],[28.604359,44.196568],[28.604317,44.196549],[28.604286,44.196521],[28.604286,44.196521],[28.60427,44.19649],[28.604267,44.196457],[28.604279,44.196426],[28.604286,44.196404],[28.604329,44.196285],[28.604333,44.196228],[28.604337,44.196177],[28.604319,44.196046],[28.604308,44.19596],[28.604255,44.195859],[28.604166,44.195691],[28.604078,44.195523],[28.603989,44.195355],[28.6039,44.195186],[28.603812,44.195018],[28.603723,44.19485],[28.603635,44.194681],[28.603546,44.194513],[28.60346,44.194349],[28.603458,44.194345],[28.603369,44.194177],[28.60332,44.194083],[28.603281,44.194008],[28.603272,44.193991],[28.603222,44.193903],[28.60319,44.193846],[28.603188,44.193844],[28.603095,44.19368],[28.603,44.193514],[28.602974,44.193468],[28.602906,44.193347],[28.602847,44.193243],[28.602819,44.193182],[28.602795,44.193129],[28.602777,44.193022],[28.602756,44.192996],[28.602755,44.192994],[28.602744,44.192963],[28.602747,44.192931],[28.602695,44.192894],[28.602654,44.192836],[28.602637,44.192813],[28.602575,44.192672],[28.602499,44.192502],[28.602491,44.192485],[28.60243,44.192333],[28.602414,44.192293],[28.602341,44.19216],[28.602333,44.192145],[28.602259,44.191992],[28.602192,44.191852],[28.602131,44.191814],[28.601954,44.191702],[28.601915,44.191677],[28.601859,44.191563],[28.601854,44.191555],[28.601784,44.191411],[28.601714,44.191385],[28.601705,44.191382],[28.601623,44.191361],[28.601511,44.191363],[28.601581,44.191247],[28.601607,44.191169],[28.601596,44.191064],[28.601591,44.191019],[28.601521,44.190877],[28.601478,44.19079],[28.601437,44.190707],[28.601388,44.190607],[28.601372,44.190574],[28.601354,44.190538],[28.60128,44.190388],[28.60128,44.190382],[28.60126,44.190204],[28.601242,44.190037],[28.601232,44.189946],[28.601202,44.189885],[28.601183,44.189848],[28.601098,44.189679],[28.601013,44.18951],[28.600931,44.189349],[28.600912,44.18931],[28.600762,44.189208],[28.600713,44.18919],[28.600584,44.189143],[28.600514,44.189149],[28.600482,44.189143],[28.600451,44.189139],[28.600365,44.189169],[28.600265,44.189221],[28.600249,44.18923],[28.600133,44.189343],[28.600126,44.189359],[28.600087,44.189452],[28.600057,44.189532],[28.600026,44.189613],[28.599979,44.189704],[28.599894,44.189866],[28.599889,44.189873],[28.599778,44.190034],[28.599667,44.190196],[28.599556,44.190357],[28.599445,44.190518],[28.5994,44.190584],[28.59933,44.190678],[28.599212,44.190837],[28.599094,44.190996],[28.599082,44.191013],[28.598974,44.191154],[28.598854,44.191312],[28.598734,44.19147],[28.598614,44.191628],[28.598609,44.191635],[28.598501,44.191788],[28.598388,44.191948],[28.598274,44.192109],[28.598223,44.192181],[28.598161,44.192269],[28.598129,44.192314],[28.598041,44.192428],[28.597978,44.192511],[28.597922,44.192586],[28.597804,44.192745],[28.597686,44.192904],[28.597568,44.193063],[28.59745,44.193221],[28.597332,44.19338],[28.597214,44.193539],[28.597096,44.193698],[28.596979,44.193856],[28.596861,44.194015],[28.596743,44.194174],[28.596635,44.194319],[28.596625,44.194333],[28.596507,44.194491],[28.59639,44.19465],[28.596374,44.194672],[28.596272,44.194809],[28.596154,44.194968],[28.596132,44.194998],[28.596041,44.195121],[28.596037,44.195127],[28.595919,44.195286],[28.595802,44.195445],[28.595684,44.195603],[28.595566,44.195762],[28.595449,44.195921],[28.595331,44.19608],[28.595289,44.196137],[28.595213,44.196239],[28.595096,44.196398],[28.594978,44.196557],[28.594967,44.196572],[28.594861,44.196716],[28.594743,44.196874],[28.594625,44.197033],[28.594624,44.197035],[28.594508,44.197192],[28.59439,44.197351],[28.594272,44.19751],[28.594221,44.19758],[28.594155,44.197669],[28.594037,44.197828],[28.59392,44.197986],[28.593802,44.198145],[28.593684,44.198304],[28.593567,44.198463],[28.593449,44.198622],[28.593399,44.198689],[28.593331,44.198781],[28.593214,44.198939],[28.593096,44.199098],[28.592978,44.199257],[28.592917,44.19934],[28.592861,44.199416],[28.592834,44.199452],[28.592768,44.199541],[28.592743,44.199575],[28.592665,44.19968],[28.592627,44.199734],[28.592512,44.199894],[28.5925,44.199909],[28.592401,44.200055],[28.592291,44.200216],[28.592181,44.200378],[28.592071,44.200539],[28.591961,44.200701],[28.591851,44.200862],[28.591741,44.201023],[28.591678,44.201116],[28.591638,44.201189],[28.591547,44.201356],[28.591456,44.201524],[28.591365,44.201692],[28.591274,44.201859],[28.59124,44.201922],[28.591187,44.202028],[28.591101,44.202197],[28.591016,44.202366],[28.590931,44.202536],[28.590845,44.202705],[28.59076,44.202874],[28.590753,44.202888],[28.590564,44.202824]]},"properties":{"line":"3b","dir":"0","headsign":"Targ legume","mode":"bus","color":"#0059a9"}},{"type":"Feature","geometry":{"type":"LineString","coordinates":[[28.590553,44.20282],[28.590753,44.202888],[28.590791,44.202813],[28.590876,44.202643],[28.590962,44.202474],[28.591047,44.202305],[28.591132,44.202136],[28.591218,44.201967],[28.59124,44.201922],[28.591307,44.201799],[28.591398,44.201631],[28.591489,44.201464],[28.59158,44.201296],[28.591671,44.201129],[28.591678,44.201116],[28.591779,44.200968],[28.591889,44.200807],[28.591999,44.200645],[28.592109,44.200484],[28.592219,44.200322],[28.592329,44.200161],[28.592439,44.199999],[28.5925,44.199909],[28.592551,44.199839],[28.592665,44.19968],[28.592768,44.199541],[28.592783,44.199521],[28.592834,44.199452],[28.592901,44.199362],[28.592917,44.19934],[28.593018,44.199204],[28.593136,44.199045],[28.593253,44.198886],[28.593371,44.198727],[28.593399,44.198689],[28.593489,44.198568],[28.593606,44.198409],[28.593724,44.19825],[28.593842,44.198092],[28.593959,44.197933],[28.594077,44.197774],[28.594195,44.197615],[28.594221,44.19758],[28.594312,44.197456],[28.59443,44.197297],[28.594547,44.197138],[28.594624,44.197035],[28.594665,44.19698],[28.594783,44.196821],[28.5949,44.196662],[28.594967,44.196572],[28.595018,44.196503],[28.595136,44.196344],[28.595253,44.196185],[28.595289,44.196137],[28.595371,44.196026],[28.595488,44.195868],[28.595606,44.195709],[28.595724,44.19555],[28.595841,44.195391],[28.595959,44.195232],[28.596041,44.195121],[28.596077,44.195073],[28.596132,44.194998],[28.596194,44.194914],[28.596312,44.194755],[28.596374,44.194672],[28.596429,44.194597],[28.596547,44.194438],[28.596635,44.194319],[28.596665,44.194279],[28.596783,44.19412],[28.5969,44.193961],[28.597018,44.193803],[28.597136,44.193644],[28.597254,44.193485],[28.597372,44.193326],[28.59749,44.193168],[28.597608,44.193009],[28.597726,44.19285],[28.597844,44.192691],[28.597962,44.192533],[28.597978,44.192511],[28.598082,44.192376],[28.598129,44.192314],[28.5982,44.192214],[28.598223,44.192181],[28.598313,44.192054],[28.598426,44.191893],[28.59854,44.191733],[28.598609,44.191635],[28.598655,44.191575],[28.598775,44.191417],[28.598894,44.191259],[28.599014,44.191101],[28.599082,44.191013],[28.599134,44.190942],[28.599252,44.190784],[28.599369,44.190625],[28.5994,44.190584],[28.599483,44.190462],[28.599594,44.190301],[28.599706,44.19014],[28.599817,44.189979],[28.599894,44.189866],[28.599923,44.18981],[28.600011,44.189642],[28.600026,44.189613],[28.600082,44.189464],[28.600087,44.189452],[28.600133,44.189343],[28.600154,44.189294],[28.600197,44.189195],[28.600232,44.189135],[28.60028,44.189053],[28.600322,44.18899],[28.600329,44.188969],[28.600329,44.188969],[28.600337,44.188945],[28.600372,44.188906],[28.600421,44.188876],[28.600482,44.188859],[28.600547,44.188856],[28.60061,44.188868],[28.600668,44.188897],[28.60071,44.188938],[28.600716,44.188953],[28.600729,44.188986],[28.600733,44.188993],[28.600827,44.18916],[28.600912,44.18931],[28.60092,44.189327],[28.601003,44.189492],[28.601088,44.189661],[28.601174,44.18983],[28.601202,44.189885],[28.601232,44.189946],[28.601259,44.189999],[28.601344,44.190168],[28.601429,44.190337],[28.601514,44.190507],[28.601529,44.190537],[28.601599,44.190676],[28.601644,44.190764],[28.601685,44.190845],[28.60177,44.191014],[28.601854,44.191182],[28.6019,44.191274],[28.601939,44.191351],[28.602025,44.19152],[28.60207,44.191611],[28.60211,44.19169],[28.602192,44.191852],[28.602195,44.191859],[28.602277,44.192029],[28.602333,44.192145],[28.602361,44.192197],[28.602414,44.192293],[28.602459,44.19236],[28.602535,44.192473],[28.602572,44.192516],[28.602705,44.192667],[28.602728,44.192693],[28.602847,44.192803],[28.602888,44.192841],[28.602932,44.192842],[28.602973,44.192853],[28.603011,44.192873],[28.603035,44.192895],[28.603039,44.192899],[28.603055,44.192931],[28.603057,44.192964],[28.603046,44.192996],[28.603036,44.19301],[28.60303,44.193072],[28.603028,44.193087],[28.603035,44.193197],[28.603046,44.193245],[28.603086,44.193423],[28.603092,44.193451],[28.603135,44.193599],[28.603185,44.193775],[28.603222,44.193903],[28.603246,44.193946],[28.603272,44.193991],[28.60332,44.194083],[28.603336,44.194114],[28.603425,44.194282],[28.60346,44.194349],[28.603513,44.19445],[28.603602,44.194619],[28.60369,44.194787],[28.603779,44.194955],[28.603867,44.195123],[28.603956,44.195292],[28.604044,44.19546],[28.604133,44.195628],[28.604222,44.195797],[28.604308,44.19596],[28.604309,44.195962],[28.604418,44.196123],[28.60451,44.196258],[28.604527,44.196284],[28.604616,44.196413],[28.604631,44.196442],[28.604698,44.196568],[28.604713,44.196612],[28.604771,44.196784],[28.604809,44.196894],[28.60484,44.196958],[28.604879,44.197036],[28.60493,44.197127],[28.605021,44.197291],[28.605022,44.197294],[28.605079,44.197396],[28.605114,44.197461],[28.605205,44.197629],[28.605295,44.197797],[28.605335,44.197871],[28.605385,44.197964],[28.605476,44.198132],[28.605491,44.198159],[28.605514,44.198203],[28.605606,44.198288],[28.605744,44.198416],[28.605761,44.198427],[28.605849,44.198483],[28.605865,44.198494],[28.605961,44.198529],[28.606012,44.198547],[28.606038,44.198553],[28.606077,44.198571],[28.606106,44.198596],[28.606111,44.198608],[28.60612,44.198628],[28.606119,44.198661],[28.606108,44.198683],[28.606112,44.198772],[28.606114,44.198817],[28.606139,44.198936],[28.606143,44.198943],[28.606162,44.198981],[28.606212,44.199081],[28.606236,44.199106],[28.606379,44.199254],[28.606485,44.199364],[28.606522,44.199402],[28.606666,44.199549],[28.606744,44.199629],[28.606808,44.199697],[28.606846,44.199738],[28.606954,44.199843],[28.607103,44.199988],[28.607252,44.200133],[28.607401,44.200277],[28.607413,44.200289],[28.60755,44.200422],[28.607677,44.200546],[28.607698,44.200567],[28.607844,44.200713],[28.607916,44.200786],[28.607995,44.200857],[28.608048,44.200905],[28.608145,44.200999],[28.608305,44.201065],[28.608368,44.201077],[28.608398,44.201082],[28.608542,44.201089],[28.608596,44.201094],[28.608612,44.201099],[28.608646,44.20111],[28.608688,44.201136],[28.608718,44.201169],[28.608736,44.201215],[28.60873,44.201262],[28.608716,44.201336],[28.608708,44.20138],[28.60872,44.201451],[28.608757,44.201517],[28.608771,44.201535],[28.608897,44.20169],[28.609021,44.201843],[28.609021,44.201844],[28.609172,44.201988],[28.609322,44.202131],[28.609473,44.202275],[28.609624,44.202419],[28.609774,44.202563],[28.609925,44.202707],[28.610076,44.20285],[28.610104,44.202878],[28.610194,44.202963],[28.610236,44.202983],[28.610444,44.203083],[28.61046,44.203091],[28.610489,44.203091],[28.610512,44.203097],[28.610547,44.203114],[28.610571,44.203138],[28.610579,44.203167],[28.610572,44.203196],[28.610588,44.203219],[28.610701,44.203379],[28.610723,44.203411],[28.610831,44.203523],[28.610973,44.20367],[28.611115,44.203818],[28.611143,44.203847],[28.611263,44.203962],[28.611413,44.204106],[28.61143,44.204122],[28.611561,44.204252],[28.611709,44.204397],[28.611856,44.204542],[28.612004,44.204688],[28.61205,44.204733],[28.612152,44.204832],[28.612302,44.204977],[28.612451,44.205122],[28.6126,44.205266],[28.612749,44.205411],[28.612898,44.205556],[28.613019,44.205673],[28.613047,44.2057],[28.613196,44.205845],[28.613345,44.20599],[28.613393,44.206036],[28.613491,44.206137],[28.613634,44.206285],[28.613778,44.206433],[28.613921,44.20658],[28.614023,44.206685],[28.614061,44.206734],[28.614185,44.20689],[28.614273,44.206999],[28.614313,44.207041],[28.614455,44.207189],[28.614581,44.207319],[28.614596,44.207331],[28.614767,44.207462],[28.614933,44.207588],[28.614949,44.2076],[28.615167,44.207632],[28.615191,44.207635],[28.615329,44.20764],[28.615425,44.207632],[28.615673,44.20761],[28.615865,44.207593],[28.615893,44.207568],[28.615938,44.207528],[28.615966,44.207504],[28.616094,44.207399],[28.616227,44.20729],[28.616262,44.207267],[28.616445,44.207145],[28.616524,44.207093],[28.616632,44.20703],[28.616827,44.206917],[28.616878,44.206887],[28.617018,44.206796],[28.617203,44.206674],[28.617388,44.206553],[28.617573,44.206432],[28.617677,44.206365],[28.617759,44.206311],[28.617944,44.20619],[28.617979,44.206167],[28.618036,44.206128],[28.618121,44.206072],[28.618128,44.206068],[28.618314,44.205947],[28.618499,44.205826],[28.618685,44.205704],[28.61887,44.205583],[28.619056,44.205462],[28.619241,44.205341],[28.619427,44.20522],[28.619612,44.205099],[28.619798,44.204978],[28.619977,44.204861],[28.619984,44.204857],[28.62008,44.204794],[28.620169,44.204736],[28.620354,44.204614],[28.620377,44.204599],[28.620539,44.204493],[28.620572,44.204471],[28.620726,44.204374],[28.620914,44.204255],[28.621096,44.204141],[28.621103,44.204137],[28.621274,44.204029],[28.621291,44.204018],[28.621452,44.203918],[28.62148,44.2039],[28.621662,44.203787],[28.62167,44.203782],[28.621807,44.203695],[28.621857,44.203664],[28.622046,44.203546],[28.622055,44.20354],[28.622236,44.203428],[28.622271,44.203407],[28.622425,44.20331],[28.622488,44.203272],[28.622613,44.203186],[28.62265,44.203161],[28.622794,44.203062],[28.622846,44.203026],[28.62293,44.203092],[28.622996,44.203144],[28.6231,44.203225],[28.62315,44.203264],[28.623269,44.203357],[28.623347,44.203418],[28.62343,44.203498],[28.623468,44.203534],[28.62358,44.203641],[28.623652,44.203709],[28.623719,44.203793],[28.623842,44.203949],[28.623966,44.204105],[28.623988,44.204133],[28.624075,44.204265],[28.624183,44.204427],[28.624201,44.204455],[28.62424,44.204448],[28.624279,44.20445],[28.624315,44.204462],[28.624344,44.204482],[28.624362,44.204507],[28.624367,44.204535],[28.624367,44.204536],[28.624359,44.204563],[28.624339,44.204587],[28.624308,44.204605],[28.624273,44.204615],[28.624235,44.204616],[28.624198,44.204608],[28.624194,44.204606],[28.624167,44.204592],[28.623998,44.204709],[28.623832,44.204824],[28.623827,44.204828],[28.623818,44.204834],[28.623755,44.204878],[28.623639,44.204959],[28.62363,44.204965],[28.623458,44.205084],[28.623348,44.205159],[28.623273,44.205206],[28.623116,44.205304],[28.623099,44.205331],[28.622996,44.205493],[28.622893,44.205657],[28.622867,44.205698],[28.622794,44.205821],[28.622773,44.205856],[28.622711,44.20599],[28.622702,44.206012],[28.622655,44.206153],[28.622652,44.206162],[28.622632,44.206249],[28.62262,44.206337],[28.622597,44.206516],[28.622594,44.206537],[28.622589,44.206693],[28.622586,44.206765],[28.622595,44.206871],[28.62261,44.207051],[28.62261,44.207051],[28.622636,44.207229],[28.622648,44.207313],[28.622669,44.207407],[28.622684,44.207477],[28.622714,44.207583],[28.622763,44.20776],[28.622773,44.207795],[28.622819,44.207925],[28.622822,44.207933],[28.62287,44.208043],[28.622896,44.208104],[28.622969,44.208276],[28.623001,44.208352],[28.623048,44.208445],[28.623134,44.208613],[28.62322,44.208782],[28.623305,44.208951],[28.623317,44.208974],[28.623369,44.209068],[28.623399,44.209117],[28.623502,44.209281],[28.623605,44.209445],[28.623707,44.209609],[28.62381,44.209773],[28.623912,44.209938],[28.624015,44.210102],[28.624049,44.210156],[28.624116,44.210267],[28.624148,44.210319],[28.624216,44.210431],[28.624317,44.210596],[28.624355,44.21066],[28.624417,44.210761],[28.624438,44.210797],[28.624348,44.210843],[28.624318,44.210858],[28.624115,44.210963],[28.623949,44.211049],[28.623917,44.211065],[28.623829,44.211111],[28.623733,44.211163]]},"properties":{"line":"3b","dir":"1","headsign":"Cap Linie Tomis Nord","mode":"bus","color":"#0059a9"}},{"type":"Feature","geometry":{"type":"LineString","coordinates":[[28.602586,44.151523],[28.602771,44.151644],[28.602957,44.151765],[28.602961,44.151768],[28.603142,44.151886],[28.603328,44.152007],[28.603513,44.152129],[28.603585,44.152176],[28.603704,44.152066],[28.603857,44.151924],[28.604011,44.151782],[28.604165,44.15164],[28.604271,44.151542],[28.604319,44.151497],[28.604472,44.151355],[28.604626,44.151213],[28.60478,44.151071],[28.604922,44.150939],[28.604933,44.150929],[28.605088,44.150787],[28.605153,44.150727],[28.605241,44.150644],[28.605394,44.150502],[28.605443,44.150456],[28.605547,44.150359],[28.6057,44.150217],[28.605854,44.150075],[28.606007,44.149932],[28.60616,44.14979],[28.606313,44.149648],[28.606467,44.149505],[28.60662,44.149363],[28.606714,44.149276],[28.606772,44.149218],[28.60692,44.149073],[28.607067,44.148927],[28.607215,44.148782],[28.607362,44.148636],[28.607367,44.148632],[28.607514,44.148494],[28.607666,44.148351],[28.607819,44.148208],[28.607945,44.14809],[28.607971,44.148065],[28.608123,44.147922],[28.608148,44.147899],[28.608211,44.147837],[28.608274,44.147779],[28.608427,44.147637],[28.608565,44.14751],[28.608581,44.147494],[28.608733,44.147351],[28.608884,44.147208],[28.609036,44.147064],[28.609188,44.146921],[28.609339,44.146778],[28.609491,44.146635],[28.609643,44.146491],[28.609795,44.146348],[28.609946,44.146205],[28.609964,44.146188],[28.610099,44.146062],[28.610252,44.14592],[28.610283,44.145891],[28.610371,44.145807],[28.610404,44.145776],[28.610505,44.145678],[28.610553,44.145631],[28.610675,44.145512],[28.610701,44.145486],[28.610852,44.145342],[28.611002,44.145198],[28.611152,44.145054],[28.611216,44.144993],[28.6113,44.144969],[28.611355,44.144961],[28.611406,44.144959],[28.611512,44.144968],[28.611584,44.144948],[28.611627,44.144937],[28.611818,44.144877],[28.612048,44.144805],[28.612278,44.144733],[28.612508,44.144661],[28.612737,44.144589],[28.612967,44.144517],[28.613197,44.144445],[28.613397,44.144383],[28.613427,44.144373],[28.613657,44.144302],[28.61376,44.14427],[28.613888,44.144231],[28.614044,44.144182],[28.614118,44.144159],[28.614238,44.144122],[28.614133,44.144019],[28.613985,44.143874],[28.613838,44.143729],[28.613837,44.143729],[28.613691,44.143582],[28.613545,44.143436],[28.613398,44.14329],[28.613352,44.143244],[28.613251,44.143144],[28.613157,44.14305],[28.613105,44.142998],[28.612958,44.142853],[28.612811,44.142707],[28.612664,44.142561],[28.612517,44.142415],[28.61237,44.14227],[28.612279,44.14218],[28.61222,44.142124],[28.612069,44.141981],[28.612,44.141915],[28.611934,44.141835],[28.611921,44.14182],[28.611855,44.14172],[28.611834,44.14168],[28.611797,44.141609],[28.611754,44.141512],[28.611678,44.141341],[28.611602,44.141169],[28.611527,44.141],[28.611462,44.140853],[28.611453,44.140833],[28.611379,44.140661],[28.611306,44.14049],[28.611232,44.140318],[28.611158,44.140146],[28.611099,44.140006],[28.611099,44.140006],[28.611299,44.139961],[28.611538,44.139908],[28.611778,44.139855],[28.612017,44.139801],[28.612257,44.139748],[28.612451,44.139705],[28.612497,44.139695],[28.612736,44.13964],[28.612975,44.139586],[28.613214,44.139531],[28.613453,44.139477],[28.613692,44.139422],[28.613755,44.139408],[28.613931,44.139368],[28.614171,44.139315],[28.614347,44.139276],[28.614411,44.139262],[28.614537,44.139233],[28.61465,44.139208],[28.614889,44.139154],[28.615033,44.139122],[28.615129,44.139101],[28.615198,44.139085],[28.615368,44.139047],[28.615608,44.138993],[28.615847,44.13894],[28.616087,44.138886],[28.616326,44.138833],[28.616383,44.13882],[28.616566,44.13878],[28.616805,44.138727],[28.617045,44.138674],[28.617285,44.138621],[28.617525,44.138568],[28.617682,44.138533],[28.617765,44.138514],[28.618004,44.138459],[28.618243,44.138405],[28.618482,44.13835],[28.618721,44.138296],[28.61896,44.138241],[28.618975,44.138238],[28.619199,44.138187],[28.61937,44.138148],[28.619438,44.138132],[28.619522,44.138113],[28.619663,44.138082],[28.619678,44.138078],[28.619727,44.138067],[28.619916,44.138024],[28.620156,44.137971],[28.620282,44.137943],[28.620395,44.137917],[28.620584,44.137875],[28.620627,44.137867],[28.620658,44.137861],[28.620598,44.137745],[28.620512,44.137577],[28.620464,44.137483],[28.620429,44.137412],[28.620428,44.137411],[28.620347,44.137241],[28.620266,44.137071],[28.620185,44.1369],[28.620106,44.136735],[28.620025,44.136564],[28.620016,44.136546],[28.619943,44.136394],[28.619861,44.136224],[28.619779,44.136054],[28.619697,44.135884],[28.619615,44.135714],[28.619533,44.135544],[28.619451,44.135374],[28.619429,44.135328],[28.619371,44.135204],[28.619293,44.135038],[28.61929,44.135033],[28.619254,44.13496],[28.619203,44.134863],[28.619116,44.134695],[28.619089,44.134642],[28.619028,44.134527],[28.618941,44.134358],[28.618853,44.13419],[28.618765,44.134021],[28.618678,44.133852],[28.61859,44.133684],[28.618502,44.133515],[28.618415,44.133347],[28.618327,44.133178],[28.618283,44.133093],[28.61824,44.13301],[28.618152,44.132841],[28.618064,44.132673],[28.617977,44.132504],[28.617916,44.132388],[28.617889,44.132336],[28.617801,44.132167],[28.617718,44.132008],[28.617706,44.131993],[28.617649,44.131926],[28.617592,44.131876],[28.617547,44.131861],[28.617533,44.131854],[28.617501,44.131836],[28.617466,44.131802],[28.617444,44.131759],[28.617444,44.131702],[28.617444,44.131702],[28.617465,44.131657],[28.617508,44.131617],[28.617538,44.131603],[28.617563,44.13159],[28.617644,44.131576],[28.617724,44.131585],[28.617775,44.131603],[28.617824,44.131637],[28.617853,44.131676],[28.617865,44.131721],[28.617863,44.131752],[28.617863,44.131756],[28.617847,44.131793],[28.617868,44.131926],[28.617883,44.132027],[28.617914,44.1321],[28.617985,44.132272],[28.617997,44.1323],[28.618066,44.132443],[28.6181,44.132511],[28.61815,44.132612],[28.618235,44.132782],[28.61832,44.132951],[28.618404,44.13312],[28.618489,44.13329],[28.618573,44.133459],[28.618658,44.133628],[28.618743,44.133798],[28.618827,44.133967],[28.618912,44.134136],[28.618997,44.134305],[28.619081,44.134474],[28.619163,44.134637],[28.619166,44.134644],[28.619258,44.134811],[28.619273,44.13484],[28.61934,44.134981],[28.61942,44.135151],[28.619501,44.135322],[28.619581,44.135492],[28.61959,44.135511],[28.619664,44.135662],[28.619747,44.135832],[28.61983,44.136001],[28.619913,44.136171],[28.619971,44.136288],[28.619995,44.136341],[28.620076,44.136511],[28.620156,44.136682],[28.620231,44.136841],[28.620311,44.137012],[28.620391,44.137182],[28.620471,44.137352],[28.620525,44.137467],[28.620552,44.137512],[28.620554,44.137515],[28.620581,44.137551],[28.620631,44.137606],[28.620666,44.137642],[28.620688,44.137662],[28.620725,44.137694],[28.620776,44.137732],[28.620847,44.137777],[28.620862,44.137785],[28.620951,44.137833],[28.621005,44.137851],[28.621047,44.137879],[28.621058,44.137894],[28.621073,44.137914],[28.621086,44.137957],[28.621079,44.137998],[28.621035,44.138086],[28.621015,44.138127],[28.620995,44.138181],[28.620989,44.138242],[28.620989,44.138251],[28.620992,44.138308],[28.621004,44.138374],[28.621016,44.138417],[28.621021,44.138431],[28.621047,44.138495],[28.621086,44.138586],[28.621112,44.138646],[28.621164,44.138756],[28.621193,44.138817],[28.621248,44.138925],[28.621326,44.139079],[28.621334,44.139094],[28.621418,44.139263],[28.621503,44.139432],[28.621532,44.139491],[28.621587,44.139602],[28.62167,44.139772],[28.621753,44.139942],[28.621796,44.14003],[28.621835,44.140111],[28.621918,44.140281],[28.62194,44.140327],[28.621999,44.140451],[28.622066,44.14059],[28.622081,44.14062],[28.622133,44.140726],[28.622165,44.14079],[28.622249,44.140959],[28.622333,44.141129],[28.622416,44.141298],[28.6225,44.141468],[28.622511,44.14149],[28.622567,44.141599],[28.622586,44.141637],[28.622671,44.141806],[28.622691,44.141846],[28.622758,44.141975],[28.622845,44.142143],[28.622932,44.142312],[28.62302,44.14248],[28.623072,44.142581],[28.623106,44.142649],[28.623192,44.142818],[28.623277,44.142988],[28.623346,44.143124],[28.623362,44.143157],[28.623389,44.143208],[28.623448,44.143326],[28.623533,44.143495],[28.62355,44.14353],[28.623618,44.143664],[28.623704,44.143833],[28.623789,44.144002],[28.623852,44.144128],[28.623875,44.144171],[28.623961,44.14434],[28.623964,44.144346],[28.624055,44.144502],[28.624095,44.14457],[28.624127,44.144607],[28.624157,44.144632],[28.62419,44.144652],[28.624215,44.144667],[28.624262,44.144683],[28.624302,44.144706],[28.624333,44.144736],[28.624354,44.144773],[28.624362,44.144812],[28.624355,44.144852],[28.624344,44.144876],[28.624319,44.144906],[28.624285,44.144932],[28.62428,44.144934],[28.624243,44.144952],[28.624195,44.144964],[28.624144,44.144968],[28.62419,44.145009],[28.624225,44.14504],[28.624272,44.145134],[28.624309,44.145207],[28.624356,44.145302],[28.62444,44.145471],[28.624477,44.145545],[28.624524,44.145641],[28.624529,44.145652],[28.624607,44.145811],[28.624629,44.145857],[28.624689,44.14598],[28.624772,44.14615],[28.624854,44.146319],[28.624885,44.146385],[28.624936,44.146489],[28.625019,44.146659],[28.625101,44.146829],[28.625163,44.146956],[28.625184,44.146999],[28.625269,44.147168],[28.625353,44.147337],[28.625437,44.147507],[28.625458,44.14755],[28.625522,44.147676],[28.625608,44.147845],[28.625693,44.148014],[28.625779,44.148183],[28.625864,44.148352],[28.625949,44.148521],[28.626035,44.148691],[28.62612,44.14886],[28.626206,44.149029],[28.626291,44.149198],[28.626377,44.149367],[28.626463,44.149536],[28.62647,44.149552],[28.626548,44.149705],[28.626633,44.149874],[28.626718,44.150043],[28.626804,44.150212],[28.626842,44.150289],[28.626888,44.150382],[28.626971,44.150551],[28.627054,44.150721],[28.627137,44.150891],[28.62722,44.151061],[28.627303,44.15123],[28.627386,44.1514],[28.627468,44.15157],[28.627551,44.15174],[28.627634,44.151909],[28.62768,44.152002],[28.627716,44.152079],[28.627797,44.152249],[28.627878,44.152419],[28.627959,44.15259],[28.62804,44.15276],[28.628121,44.15293],[28.628202,44.1531],[28.628226,44.153152],[28.628284,44.15327],[28.628348,44.153404],[28.628367,44.153441],[28.628452,44.15361],[28.628501,44.153707],[28.62854,44.153779],[28.628632,44.153946],[28.628675,44.154024],[28.628724,44.154112],[28.628783,44.154216],[28.62882,44.154278],[28.628835,44.154304],[28.628911,44.15443],[28.628919,44.154444],[28.629001,44.154576],[28.629022,44.154608],[28.629131,44.15477],[28.629179,44.15484],[28.629242,44.154932],[28.629354,44.155093],[28.629456,44.15524],[28.629467,44.155255],[28.629583,44.155414],[28.629699,44.155574],[28.629788,44.155696],[28.629816,44.155733],[28.629859,44.15579],[28.629934,44.155892],[28.630016,44.156004],[28.630053,44.156051],[28.630176,44.156208],[28.630298,44.156365],[28.63042,44.156522],[28.630543,44.156679],[28.630665,44.156836],[28.630788,44.156993],[28.63091,44.15715],[28.630937,44.157185],[28.631033,44.157306],[28.631102,44.157395],[28.631151,44.157464],[28.631222,44.157563],[28.63126,44.157624],[28.631292,44.157675],[28.631339,44.157749],[28.631361,44.157787],[28.631369,44.157802],[28.631423,44.157922],[28.631435,44.157953],[28.63146,44.158017],[28.631498,44.158126],[28.63151,44.158159],[28.631543,44.158275],[28.631548,44.158298],[28.631567,44.158391],[28.63158,44.158475],[28.631587,44.158524],[28.631599,44.158634],[28.6316,44.158651],[28.63161,44.158785],[28.631611,44.15883],[28.631619,44.15901],[28.631623,44.159118],[28.631626,44.15919],[28.63163,44.159273],[28.631635,44.15937],[28.631646,44.159549],[28.631656,44.159729],[28.631667,44.159909],[28.631678,44.160088],[28.631682,44.160159],[28.631691,44.160268],[28.631701,44.160378],[28.63171,44.160448],[28.63173,44.160615],[28.631732,44.160628],[28.631759,44.160795],[28.63176,44.160807],[28.631788,44.160986],[28.631792,44.161011],[28.631818,44.161164],[28.631833,44.161251],[28.631852,44.161343],[28.631889,44.161521],[28.631899,44.161569],[28.63193,44.161699],[28.631973,44.161877],[28.631982,44.161914],[28.63202,44.162054],[28.632052,44.162168],[28.63207,44.16223],[28.632121,44.162406],[28.632124,44.162413],[28.632175,44.162582],[28.632228,44.162758],[28.632236,44.162782],[28.632283,44.162933],[28.632339,44.163109],[28.632347,44.163134],[28.632399,44.163284],[28.63246,44.163459],[28.632496,44.163561],[28.632526,44.163633],[28.632551,44.163693],[28.632596,44.163806],[28.632614,44.163852],[28.632671,44.163978],[28.632693,44.164028],[28.632752,44.16415],[28.632835,44.164319],[28.632845,44.164338],[28.632927,44.164488],[28.632976,44.164578],[28.63302,44.164656],[28.633115,44.164822],[28.633209,44.164989],[28.633291,44.165133],[28.633303,44.165156],[28.633398,44.165322],[28.633494,44.165489],[28.63352,44.165534],[28.63359,44.165655],[28.633686,44.165821],[28.633783,44.165987],[28.633801,44.166018],[28.633878,44.166153],[28.633937,44.166256],[28.633975,44.16632],[28.634074,44.166485],[28.634116,44.166556],[28.634162,44.16663],[28.634178,44.166651],[28.634229,44.166722],[28.634308,44.16681],[28.63432,44.166824],[28.634428,44.166922],[28.63447,44.166956],[28.634565,44.167035],[28.634643,44.16709],[28.634821,44.167217],[28.634861,44.167244],[28.635006,44.167341],[28.63519,44.167463],[28.635374,44.167585],[28.63539,44.167596],[28.635223,44.167659],[28.635004,44.167743],[28.634998,44.167745],[28.634784,44.167829],[28.634729,44.167851],[28.634567,44.167921],[28.634477,44.16796],[28.634354,44.168022],[28.634314,44.168042],[28.634211,44.168094],[28.634156,44.168124],[28.634147,44.168129],[28.634105,44.168154],[28.63405,44.168191],[28.633994,44.16824],[28.633973,44.168262],[28.633959,44.168277],[28.633923,44.168323],[28.633877,44.168394],[28.633859,44.168425],[28.633764,44.168592],[28.633678,44.168745],[28.63367,44.168759],[28.633617,44.168859],[28.633609,44.168936],[28.633602,44.169003],[28.633602,44.169069],[28.63361,44.169107],[28.633618,44.169145],[28.633643,44.169197],[28.633653,44.16921],[28.633683,44.169246],[28.633699,44.169267],[28.633767,44.169356],[28.633879,44.16939],[28.63411,44.169459],[28.634156,44.169473],[28.634342,44.169527],[28.634575,44.169594],[28.634646,44.169615],[28.634807,44.169662],[28.63504,44.16973],[28.635272,44.169798],[28.635504,44.169866],[28.635736,44.169934],[28.635969,44.170002],[28.636201,44.17007],[28.636433,44.170138],[28.636665,44.170206],[28.636742,44.170228],[28.636756,44.170232],[28.636895,44.170276],[28.637027,44.170318],[28.637125,44.170348],[28.637177,44.170365],[28.637354,44.170421],[28.637458,44.170453],[28.637479,44.170462],[28.637575,44.170503],[28.637617,44.170521],[28.637784,44.170593],[28.63779,44.170596],[28.637915,44.170657],[28.637994,44.170701],[28.638125,44.170773],[28.638186,44.170815],[28.638345,44.170924],[28.638367,44.170939],[28.63844,44.170989],[28.638542,44.171067],[28.638611,44.17112],[28.638713,44.171199],[28.638733,44.171214],[28.638884,44.17133],[28.639055,44.171462],[28.639135,44.171523],[28.639226,44.171593],[28.639397,44.171725],[28.639568,44.171856],[28.639739,44.171988],[28.639758,44.172002],[28.639823,44.172052],[28.63991,44.17212],[28.640081,44.172251],[28.640251,44.172383],[28.640411,44.172507],[28.640422,44.172515],[28.640481,44.172561],[28.640592,44.172647],[28.640762,44.172779],[28.640851,44.172848],[28.640934,44.172911],[28.641106,44.173041],[28.641279,44.173172],[28.641342,44.17322],[28.641451,44.173303],[28.641623,44.173433],[28.641775,44.173548],[28.641796,44.173564],[28.641826,44.173586],[28.641968,44.173695],[28.642112,44.173804],[28.642117,44.173808],[28.642143,44.173824],[28.642253,44.173893],[28.642339,44.173936],[28.642546,44.174038],[28.642634,44.174081],[28.642753,44.174139],[28.64296,44.174241],[28.643167,44.174342],[28.643374,44.174444],[28.643581,44.174546],[28.643788,44.174647],[28.643995,44.174749],[28.644144,44.174822],[28.644202,44.17485],[28.644276,44.174887],[28.644282,44.17489],[28.644409,44.174952],[28.644476,44.174985],[28.644616,44.175054],[28.644808,44.175148],[28.644823,44.175155],[28.64503,44.175257],[28.645237,44.175358],[28.645444,44.17546],[28.645651,44.175562],[28.645794,44.175632],[28.645858,44.175663],[28.646065,44.175765],[28.646272,44.175866],[28.646294,44.175877],[28.646479,44.175968],[28.646686,44.176069],[28.646893,44.176171],[28.6471,44.176273],[28.647307,44.176374],[28.647514,44.176476],[28.647721,44.176577],[28.647928,44.176679],[28.648046,44.176737],[28.648135,44.176781],[28.648164,44.176795],[28.648313,44.176868],[28.648318,44.17687],[28.648342,44.176882],[28.648549,44.176984],[28.648756,44.177085],[28.648776,44.177095],[28.648876,44.177144],[28.648963,44.177187],[28.649135,44.177271],[28.64917,44.177288],[28.649377,44.17739],[28.649584,44.177492],[28.649791,44.177593],[28.649815,44.177605],[28.649994,44.177693],[28.649998,44.177695],[28.650205,44.177796],[28.650412,44.177898],[28.650619,44.177999],[28.650826,44.178101],[28.650913,44.178144],[28.651015,44.178194],[28.651033,44.178203],[28.65124,44.178304],[28.651447,44.178406],[28.651654,44.178507],[28.651758,44.178559],[28.651861,44.178609],[28.651907,44.178632],[28.652068,44.178711],[28.652181,44.178766],[28.652275,44.178812],[28.652376,44.178862],[28.652482,44.178914],[28.652688,44.179015],[28.652759,44.17905],[28.652895,44.179117],[28.65305,44.179193],[28.6531,44.179217],[28.653102,44.179218],[28.653255,44.179293],[28.653297,44.179314],[28.653303,44.179317],[28.653308,44.179319],[28.653316,44.179323],[28.653352,44.179367],[28.653355,44.179405],[28.653346,44.179428],[28.653332,44.179462],[28.653247,44.179585],[28.653185,44.179675],[28.653149,44.179713],[28.653122,44.179741],[28.65298,44.17989],[28.652838,44.180038],[28.652696,44.180186],[28.652585,44.180302],[28.652554,44.180334],[28.652534,44.180354],[28.65244,44.180453],[28.652412,44.180483],[28.652338,44.18056],[28.652265,44.180629],[28.652138,44.18075],[28.652113,44.180771],[28.651952,44.180909],[28.651847,44.181],[28.651788,44.181045],[28.651775,44.181055],[28.651623,44.18118],[28.651587,44.181211],[28.651458,44.181316],[28.651293,44.181451],[28.651177,44.181547],[28.651128,44.181587],[28.650964,44.181722],[28.65082,44.181841],[28.650799,44.181858],[28.650635,44.181994],[28.650472,44.182131],[28.650458,44.182142],[28.650308,44.182267],[28.650144,44.182403],[28.64999,44.182531],[28.64998,44.182539],[28.649962,44.182554],[28.649906,44.182602],[28.649865,44.182637],[28.649819,44.182676],[28.649655,44.182813],[28.64954,44.182909],[28.649492,44.182949],[28.649329,44.183086],[28.649165,44.183222],[28.649093,44.183282],[28.649083,44.18329],[28.649002,44.183359],[28.648992,44.183368],[28.648839,44.183495],[28.64883,44.183503],[28.648673,44.183631],[28.648508,44.183766],[28.648415,44.183842],[28.648343,44.183901],[28.648265,44.183967],[28.648244,44.183984],[28.648179,44.184038],[28.648015,44.184174],[28.647851,44.18431],[28.647687,44.184446],[28.647548,44.184561],[28.647523,44.184581],[28.647503,44.184597],[28.64736,44.184719],[28.647199,44.184856],[28.647161,44.184888],[28.647039,44.184995],[28.646957,44.185065],[28.646879,44.185133],[28.646718,44.185272],[28.646685,44.185301],[28.646671,44.185312],[28.646554,44.185407],[28.646526,44.185429],[28.64666,44.1855],[28.64676,44.185553],[28.646793,44.18557],[28.646863,44.185604],[28.646924,44.185634],[28.647072,44.185704],[28.64728,44.185804],[28.647454,44.185886],[28.64749,44.185903],[28.647641,44.185972],[28.647703,44.185998],[28.647918,44.18609],[28.648133,44.186182],[28.648349,44.186275],[28.648564,44.186367],[28.64878,44.186459],[28.648897,44.186509],[28.648989,44.186555],[28.649184,44.186654],[28.649192,44.186659],[28.649385,44.186773],[28.649485,44.186833],[28.649571,44.186894],[28.649717,44.187],[28.649744,44.187025],[28.649897,44.187167],[28.649973,44.187238],[28.650042,44.187313],[28.65018,44.187463],[28.650302,44.187594],[28.650316,44.187614],[28.650351,44.187665],[28.650412,44.187781],[28.650502,44.187949],[28.650578,44.188091],[28.65059,44.188118],[28.650669,44.188288],[28.650747,44.188458],[28.650759,44.188484],[28.650819,44.188631],[28.650889,44.188804],[28.65096,44.188977],[28.651004,44.189085],[28.651023,44.189154],[28.651048,44.189241],[28.651067,44.189316],[28.65107,44.189332],[28.651083,44.189398],[28.651086,44.189514],[28.65109,44.189608],[28.651089,44.189693],[28.651089,44.18981],[28.651084,44.189871],[28.651082,44.189877],[28.651065,44.189954],[28.651043,44.190039],[28.651038,44.190056],[28.650985,44.190232],[28.650933,44.190408],[28.650881,44.190584],[28.650839,44.190724],[28.650828,44.190759],[28.650779,44.190926],[28.650776,44.190935],[28.650724,44.191111],[28.650673,44.191287],[28.650665,44.191313],[28.650621,44.191463],[28.650569,44.191639],[28.650517,44.191815],[28.650478,44.191949],[28.650466,44.191991],[28.650459,44.192015],[28.650412,44.192167],[28.650396,44.19222],[28.65036,44.192343],[28.650308,44.192519],[28.650298,44.192554],[28.650254,44.192694],[28.6502,44.19287],[28.650146,44.193046],[28.650112,44.193154],[28.650097,44.193203],[28.649982,44.193557],[28.649898,44.193781],[28.649837,44.193926],[28.649731,44.194146],[28.649635,44.194351],[28.649383,44.194839],[28.649321,44.194959],[28.649284,44.195029],[28.649092,44.195427],[28.648892,44.195882],[28.648786,44.196112],[28.648782,44.196121],[28.648684,44.196336],[28.648468,44.196797],[28.64843,44.196879],[28.648388,44.196969],[28.64826,44.197243],[28.648209,44.197354],[28.647987,44.197815],[28.647749,44.19831],[28.647495,44.198833],[28.647236,44.199369],[28.647202,44.199439],[28.647121,44.199597],[28.647018,44.19981],[28.646929,44.199997],[28.646895,44.200069],[28.64672,44.200439],[28.646626,44.200645],[28.646548,44.200816],[28.646522,44.200873],[28.646481,44.20096],[28.646468,44.200987],[28.646454,44.201016],[28.646412,44.201107],[28.646388,44.201158],[28.646307,44.201328],[28.646225,44.201498],[28.646225,44.201499],[28.646141,44.201668],[28.646057,44.201837],[28.645974,44.202007],[28.645921,44.202114],[28.64589,44.202176],[28.645807,44.202346],[28.645724,44.202516],[28.645706,44.202552],[28.645675,44.202616],[28.645641,44.202686],[28.645638,44.202693],[28.645559,44.202855],[28.645476,44.203025],[28.645394,44.203195],[28.645356,44.203273],[28.645311,44.203361],[28.64531,44.203365],[28.645227,44.203534],[28.645145,44.203704],[28.64509,44.203818],[28.645062,44.203874],[28.644978,44.204044],[28.644894,44.204213],[28.64483,44.204342],[28.644809,44.204383],[28.644725,44.204552],[28.64464,44.204721],[28.6446,44.204802],[28.644563,44.204873],[28.644555,44.20489],[28.64454,44.20492],[28.644518,44.204964],[28.644471,44.20506],[28.644466,44.205069],[28.644389,44.20523],[28.644373,44.205262],[28.644315,44.2054],[28.644267,44.205512],[28.644242,44.205572],[28.644178,44.205722],[28.644169,44.205743],[28.6441,44.205916],[28.644031,44.206089],[28.643979,44.206219],[28.643965,44.206261],[28.643909,44.206436],[28.643864,44.206579],[28.643857,44.20661],[28.643852,44.206635],[28.643809,44.206788],[28.643776,44.206907],[28.643765,44.206963],[28.643731,44.207141],[28.643697,44.207319],[28.643685,44.207382],[28.643666,44.207498],[28.643637,44.207676],[28.643608,44.207855],[28.643604,44.207878],[28.643579,44.208033],[28.643568,44.208101],[28.64355,44.208212],[28.643521,44.208391],[28.643492,44.208569],[28.643474,44.208681],[28.643464,44.208748],[28.643438,44.208927],[28.643433,44.208957],[28.643429,44.208992],[28.64341,44.209106],[28.643381,44.209284],[28.643352,44.209463],[28.643323,44.209642],[28.643294,44.20982],[28.643289,44.209851],[28.64327,44.209999],[28.643247,44.210178],[28.643232,44.210299],[28.643227,44.210331],[28.643223,44.210358],[28.643214,44.210414],[28.643201,44.210536],[28.643183,44.210715],[28.643173,44.210805],[28.643158,44.210896],[28.643129,44.211074],[28.6431,44.211253],[28.643071,44.211431],[28.643049,44.211566],[28.643042,44.21161],[28.643014,44.211789],[28.642986,44.211967],[28.642958,44.212146],[28.642931,44.212325],[28.642903,44.212503],[28.642899,44.212529],[28.642875,44.212682],[28.642869,44.212717],[28.642847,44.212861],[28.642819,44.21304],[28.642791,44.213218],[28.642789,44.213233],[28.642768,44.213397],[28.642744,44.213576],[28.642721,44.213755],[28.642698,44.213934],[28.642682,44.214059],[28.642672,44.214114],[28.642662,44.214169],[28.642633,44.214293],[28.64259,44.21447],[28.642548,44.214647],[28.642545,44.21466],[28.642525,44.21475],[28.642504,44.214824],[28.642455,44.214997],[28.64245,44.215006],[28.642373,44.215177],[28.642352,44.215224],[28.642265,44.215346],[28.642172,44.215476],[28.64215,44.215505],[28.642031,44.215662],[28.642036,44.215671],[28.642042,44.215697],[28.642035,44.215722],[28.642017,44.215744],[28.64199,44.21576],[28.641956,44.215769],[28.641926,44.215812],[28.641869,44.215893],[28.641783,44.215964],[28.641619,44.216099],[28.641498,44.216199],[28.641445,44.216234],[28.64142,44.21625],[28.641303,44.216327],[28.64126,44.216354],[28.641071,44.216471],[28.641059,44.216479],[28.64087,44.21658],[28.640779,44.216629],[28.640665,44.216683],[28.640479,44.216772],[28.640453,44.21678],[28.640227,44.216857],[28.640048,44.216918],[28.640001,44.216933],[28.639973,44.216942],[28.639772,44.217005],[28.639542,44.217077],[28.639313,44.217148],[28.63925,44.217168],[28.639082,44.217219],[28.638931,44.217264],[28.63885,44.217287],[28.638617,44.217354],[28.638514,44.217383],[28.638383,44.217419],[28.6382,44.217469],[28.638148,44.217482],[28.637911,44.217542],[28.637675,44.217601],[28.637516,44.217642],[28.637437,44.21766],[28.637198,44.217715],[28.63696,44.217771],[28.636899,44.217785],[28.636721,44.217825],[28.636565,44.217861],[28.636482,44.217879],[28.636242,44.217932],[28.636002,44.217984],[28.635763,44.218037],[28.635523,44.21809],[28.635444,44.218107],[28.635283,44.218142],[28.635043,44.218195],[28.634803,44.218247],[28.634563,44.218299],[28.634323,44.218352],[28.634245,44.218369],[28.634084,44.218406],[28.633845,44.218461],[28.633646,44.218507],[28.633606,44.218516],[28.633367,44.218571],[28.63317,44.218616],[28.633128,44.218626],[28.632889,44.21868],[28.632757,44.218711],[28.632653,44.218734],[28.63265,44.218735],[28.632411,44.21879],[28.632172,44.218844],[28.632075,44.218867],[28.631931,44.218895],[28.631909,44.2189],[28.631698,44.218958],[28.631641,44.218973],[28.631504,44.219017],[28.631469,44.219029],[28.631382,44.219056],[28.631253,44.219117],[28.631044,44.219216],[28.630988,44.219243],[28.630849,44.219325],[28.630656,44.219439],[28.630632,44.219454],[28.630475,44.219561],[28.630462,44.21957],[28.630304,44.219689],[28.630218,44.219754],[28.63017,44.219798],[28.630148,44.21982],[28.63,44.219965],[28.629929,44.220035],[28.629865,44.220103],[28.629861,44.220108],[28.629803,44.220179],[28.629759,44.220234],[28.62974,44.220261],[28.629677,44.220352],[28.629634,44.220421],[28.629532,44.220586],[28.629466,44.220691],[28.629435,44.220749],[28.629357,44.220895],[28.629349,44.220913],[28.62929,44.221056],[28.62928,44.221084],[28.629263,44.221132],[28.629243,44.22121],[28.629232,44.221257],[28.629213,44.221345],[28.629195,44.221434],[28.62919,44.221464],[28.629165,44.221612],[28.629136,44.22179],[28.629107,44.221969],[28.629098,44.222023],[28.629079,44.222147],[28.629055,44.222303],[28.629051,44.222326],[28.629029,44.222463],[28.629023,44.222505],[28.628997,44.222675],[28.628995,44.222683],[28.628968,44.222862],[28.62894,44.223041],[28.628912,44.22322],[28.628885,44.223398],[28.628857,44.223577],[28.62883,44.223756],[28.62882,44.223818],[28.628793,44.223937],[28.628752,44.224114],[28.628711,44.224292],[28.628693,44.22437],[28.628674,44.224468],[28.62864,44.224646],[28.628605,44.224824],[28.628595,44.224875],[28.628573,44.22493],[28.628587,44.224962],[28.628586,44.224996],[28.628579,44.225007],[28.628569,44.225027],[28.628533,44.225054],[28.628491,44.225069],[28.628459,44.225072],[28.628412,44.225067],[28.62837,44.225051],[28.62834,44.225026],[28.628326,44.225003],[28.62832,44.22497],[28.628334,44.224937],[28.628361,44.224907],[28.628375,44.224876],[28.628453,44.224707],[28.628499,44.224606],[28.628522,44.224525],[28.628568,44.224361],[28.628571,44.224345],[28.628611,44.224168],[28.62865,44.22399],[28.62869,44.223813],[28.628691,44.223809],[28.62872,44.22363],[28.628749,44.223452],[28.628778,44.223273],[28.628807,44.223094],[28.628836,44.222916],[28.628865,44.222737],[28.628877,44.222667],[28.628894,44.222562],[28.628894,44.222558],[28.628922,44.222381],[28.628922,44.22238],[28.628935,44.222294],[28.628949,44.2222],[28.628976,44.222021],[28.628977,44.222014],[28.629004,44.221843],[28.629033,44.221665],[28.629061,44.221486],[28.629067,44.221453],[28.62909,44.221334],[28.629095,44.221311],[28.629108,44.221259],[28.629125,44.221188],[28.62914,44.221137],[28.62915,44.221102],[28.629177,44.22102],[28.629199,44.220968],[28.629236,44.220877],[28.629272,44.220799],[28.629275,44.220792],[28.629349,44.220647],[28.629357,44.220631],[28.629441,44.220462],[28.629518,44.220306],[28.629523,44.220298],[28.629623,44.220133],[28.629723,44.219968],[28.629739,44.219942],[28.629817,44.219798],[28.629907,44.219631],[28.629916,44.219616],[28.629975,44.219502],[28.62999,44.219455],[28.629993,44.219447],[28.630012,44.219377],[28.630022,44.219335],[28.63003,44.219272],[28.630032,44.219264],[28.630033,44.219177],[28.630027,44.219111],[28.630021,44.219084],[28.630011,44.219037],[28.629962,44.218906],[28.629952,44.218877],[28.629883,44.218734],[28.629874,44.218714],[28.629865,44.218705],[28.629739,44.21857],[28.629717,44.218547],[28.629583,44.218425],[28.629519,44.218367],[28.629427,44.218284],[28.629272,44.218143],[28.629239,44.218114],[28.629116,44.218002],[28.628961,44.217861],[28.628842,44.217753],[28.628789,44.217721],[28.628598,44.217606],[28.628547,44.217576],[28.628438,44.217472],[28.628287,44.217328],[28.628136,44.217185],[28.628104,44.217154],[28.627994,44.217039],[28.627982,44.217027],[28.627871,44.216885],[28.627847,44.216854],[28.627746,44.216729],[28.627699,44.216669],[28.627606,44.216579],[28.627601,44.216574],[28.62745,44.216436],[28.627295,44.216295],[28.627266,44.21627],[28.627113,44.216163],[28.626932,44.216039],[28.626823,44.215963],[28.62675,44.215915],[28.626639,44.215843],[28.626573,44.215794],[28.62657,44.215792],[28.626547,44.215774],[28.626421,44.215677],[28.626401,44.215662],[28.626238,44.215539],[28.626228,44.215532],[28.626155,44.215479]]},"properties":{"line":"5-40","dir":"0","headsign":"Cap Linie Univ. Ovidius","mode":"bus","color":"#0059a9"}},{"type":"Feature","geometry":{"type":"LineString","coordinates":[[28.626155,44.215479],[28.625979,44.215353],[28.625802,44.215227],[28.625624,44.2151],[28.625446,44.214973],[28.625413,44.214949],[28.625279,44.214853],[28.625269,44.214846],[28.625091,44.214719],[28.624914,44.214592],[28.624736,44.214466],[28.624558,44.214339],[28.624383,44.214214],[28.62427,44.214133],[28.624205,44.214088],[28.624124,44.214033],[28.624024,44.213965],[28.623843,44.213841],[28.623735,44.213768],[28.623708,44.213773],[28.62368,44.213773],[28.623644,44.213764],[28.623614,44.213746],[28.623595,44.213721],[28.62359,44.213695],[28.623597,44.213669],[28.623597,44.213669],[28.623611,44.213652],[28.62363,44.213637],[28.623654,44.213627],[28.62368,44.213622],[28.623717,44.213623],[28.62374,44.213629],[28.623755,44.213634],[28.623784,44.213655],[28.6238,44.213683],[28.623801,44.213704],[28.623891,44.213768],[28.624068,44.213896],[28.624098,44.213917],[28.624131,44.21394],[28.624247,44.214022],[28.624318,44.214073],[28.624425,44.214148],[28.624604,44.214275],[28.624782,44.214401],[28.62496,44.214528],[28.625139,44.214654],[28.625166,44.214673],[28.625317,44.21478],[28.625496,44.214907],[28.625674,44.215033],[28.625853,44.21516],[28.626031,44.215286],[28.62621,44.215412],[28.626251,44.215441],[28.626382,44.215541],[28.626499,44.215628],[28.626558,44.21567],[28.626674,44.215753],[28.626717,44.215786],[28.626741,44.215795],[28.626905,44.215861],[28.62696,44.215879],[28.626978,44.215885],[28.627046,44.215902],[28.62711,44.215908],[28.627177,44.2159],[28.62718,44.215897],[28.627224,44.215868],[28.627281,44.215855],[28.627426,44.215856],[28.627469,44.215856],[28.627678,44.215863],[28.627783,44.215866],[28.62793,44.215874],[28.62816,44.215886],[28.628187,44.215896],[28.628243,44.215918],[28.6283,44.215949],[28.628365,44.216016],[28.628397,44.216049],[28.628389,44.216191],[28.628379,44.21637],[28.628376,44.21642],[28.628373,44.216471],[28.628381,44.216548],[28.6284,44.216727],[28.62841,44.216816],[28.62842,44.216885],[28.628423,44.216905],[28.628435,44.216976],[28.628451,44.217065],[28.628456,44.217078],[28.62849,44.217167],[28.628535,44.217243],[28.628545,44.217261],[28.628655,44.217397],[28.628682,44.217431],[28.628796,44.217544],[28.628941,44.217688],[28.628942,44.21769],[28.629092,44.217834],[28.629242,44.217978],[28.62933,44.218062],[28.629394,44.21812],[28.62955,44.218261],[28.62961,44.218315],[28.629705,44.218402],[28.629822,44.218508],[28.629862,44.218542],[28.630025,44.218676],[28.630177,44.218801],[28.630219,44.218814],[28.630333,44.218849],[28.630447,44.21888],[28.630459,44.218883],[28.630573,44.218908],[28.630692,44.218922],[28.630713,44.218923],[28.630788,44.218928],[28.630932,44.21893],[28.630971,44.218927],[28.631048,44.218922],[28.63122,44.218904],[28.631251,44.2189],[28.631416,44.218859],[28.631469,44.218846],[28.631526,44.218832],[28.631707,44.218794],[28.631797,44.218776],[28.631948,44.218741],[28.632147,44.218696],[28.632187,44.218687],[28.632426,44.218634],[28.632666,44.218581],[28.632906,44.218528],[28.633145,44.218474],[28.633385,44.218421],[28.633587,44.218376],[28.633624,44.218368],[28.633706,44.218349],[28.633848,44.218317],[28.633863,44.218314],[28.634103,44.218261],[28.634115,44.218258],[28.634191,44.21824],[28.634234,44.218232],[28.634292,44.218219],[28.634343,44.218208],[28.634584,44.218159],[28.634826,44.21811],[28.635067,44.218061],[28.635118,44.218051],[28.635308,44.218011],[28.63533,44.218006],[28.635397,44.217992],[28.635519,44.217965],[28.635548,44.217958],[28.635788,44.217906],[28.636028,44.217853],[28.636122,44.217832],[28.636267,44.2178],[28.636507,44.217747],[28.636521,44.217744],[28.636747,44.217695],[28.636754,44.217693],[28.636986,44.217637],[28.637224,44.21758],[28.637456,44.217524],[28.637463,44.217523],[28.637697,44.217459],[28.637932,44.217396],[28.638132,44.217343],[28.638168,44.217332],[28.6384,44.217264],[28.638632,44.217197],[28.638797,44.217149],[28.638865,44.217128],[28.639095,44.217057],[28.639326,44.216986],[28.639556,44.216915],[28.639602,44.216901],[28.639787,44.216842],[28.639857,44.21682],[28.639945,44.216794],[28.640017,44.216769],[28.640243,44.21669],[28.640391,44.216638],[28.640468,44.216604],[28.64068,44.216508],[28.640686,44.216506],[28.640879,44.21639],[28.641071,44.216274],[28.641263,44.216159],[28.641284,44.216146],[28.641327,44.216117],[28.641449,44.216033],[28.64163,44.215909],[28.641718,44.215848],[28.641797,44.215752],[28.641832,44.21571],[28.641831,44.215687],[28.641839,44.215664],[28.641855,44.215646],[28.641876,44.215632],[28.641903,44.215623],[28.641922,44.215592],[28.642009,44.215451],[28.642005,44.21541],[28.641995,44.215321],[28.641995,44.21526],[28.642001,44.215237],[28.642021,44.215166],[28.642044,44.215095],[28.642059,44.215069],[28.6421,44.214997],[28.642154,44.214927],[28.642168,44.214915],[28.642227,44.214864],[28.642267,44.214846],[28.642325,44.214822],[28.642336,44.214777],[28.642366,44.214664],[28.642476,44.214059],[28.642527,44.213702],[28.642568,44.213443],[28.642698,44.212584],[28.6427,44.212569],[28.642756,44.212244],[28.642871,44.211558],[28.642895,44.211399],[28.642947,44.211058],[28.642976,44.210866],[28.642986,44.210801],[28.642989,44.210775],[28.643012,44.210596],[28.643036,44.210417],[28.643037,44.21041],[28.643046,44.210346],[28.643054,44.210295],[28.643062,44.210238],[28.643085,44.210079],[28.643088,44.210059],[28.643114,44.20988],[28.64314,44.209702],[28.643166,44.209523],[28.643181,44.209422],[28.643195,44.209345],[28.643227,44.209167],[28.643259,44.208988],[28.643267,44.208944],[28.643276,44.20889],[28.643289,44.208809],[28.643319,44.208631],[28.643349,44.208452],[28.643379,44.208273],[28.643409,44.208095],[28.643431,44.20796],[28.643439,44.207917],[28.64344,44.20791],[28.643468,44.207737],[28.643496,44.207559],[28.643524,44.20738],[28.643549,44.207223],[28.643553,44.207202],[28.643586,44.207024],[28.643619,44.206846],[28.643652,44.206668],[28.643662,44.206619],[28.643682,44.206537],[28.643696,44.206494],[28.643756,44.20632],[28.643801,44.20619],[28.643818,44.206147],[28.643889,44.205975],[28.64396,44.205803],[28.643975,44.205766],[28.644012,44.20568],[28.644034,44.205632],[28.644104,44.205475],[28.64411,44.205461],[28.64417,44.205337],[28.64419,44.205289],[28.644212,44.205238],[28.644267,44.205119],[28.644307,44.205032],[28.644349,44.204951],[28.644352,44.204944],[28.644386,44.204876],[28.644432,44.20478],[28.644439,44.204763],[28.644512,44.20461],[28.644593,44.204439],[28.644659,44.204301],[28.644674,44.204269],[28.644754,44.204099],[28.644834,44.203928],[28.644871,44.203851],[28.644909,44.20377],[28.644915,44.203757],[28.644992,44.203586],[28.645069,44.203415],[28.645109,44.203327],[28.64515,44.203246],[28.645159,44.203231],[28.645229,44.203074],[28.645239,44.203051],[28.645318,44.202908],[28.64541,44.202741],[28.64546,44.202651],[28.6455,44.202572],[28.645531,44.20251],[28.645586,44.202403],[28.645671,44.202234],[28.645752,44.202076],[28.645752,44.202076],[28.64584,44.201894],[28.645879,44.201813],[28.645922,44.201724],[28.646004,44.201554],[28.646012,44.201538],[28.646051,44.201454],[28.646084,44.201383],[28.646164,44.201213],[28.646244,44.201042],[28.646301,44.20092],[28.646324,44.200872],[28.646403,44.200701],[28.646482,44.200531],[28.646546,44.200393],[28.646562,44.200361],[28.646645,44.200191],[28.646728,44.200022],[28.646765,44.199947],[28.64681,44.199853],[28.646852,44.199765],[28.646865,44.19974],[28.646893,44.199684],[28.646979,44.199515],[28.647037,44.199401],[28.64707,44.199337],[28.64707,44.199337],[28.647148,44.199175],[28.64723,44.199006],[28.647312,44.198836],[28.647394,44.198666],[28.647433,44.198585],[28.64746,44.19853],[28.647477,44.198498],[28.647567,44.19833],[28.647599,44.198269],[28.647653,44.19816],[28.647737,44.19799],[28.64782,44.19782],[28.647845,44.19777],[28.647903,44.19765],[28.647985,44.19748],[28.648068,44.19731],[28.648068,44.19731],[28.648148,44.197139],[28.648228,44.196969],[28.648244,44.196933],[28.648288,44.196837],[28.648305,44.196797],[28.648324,44.196757],[28.648382,44.196626],[28.64846,44.196455],[28.648532,44.196293],[28.648532,44.196293],[28.648616,44.196114],[28.648696,44.195943],[28.648744,44.195839],[28.648774,44.195771],[28.648849,44.1956],[28.648924,44.195428],[28.648941,44.195388],[28.649001,44.195258],[28.649028,44.195196],[28.649081,44.195088],[28.649165,44.194918],[28.649248,44.194749],[28.649252,44.19474],[28.649331,44.194579],[28.649378,44.194483],[28.649414,44.194409],[28.649496,44.194239],[28.649578,44.194069],[28.649605,44.194013],[28.649657,44.193898],[28.649661,44.193889],[28.649713,44.19376],[28.649727,44.193723],[28.649768,44.193617],[28.649793,44.193549],[28.649816,44.193487],[28.649847,44.193399],[28.649855,44.193373],[28.649908,44.193198],[28.649962,44.193022],[28.649974,44.192983],[28.650013,44.192846],[28.650063,44.192669],[28.650113,44.192493],[28.650124,44.192456],[28.650165,44.192317],[28.650216,44.192141],[28.650263,44.191981],[28.650268,44.191965],[28.65028,44.191926],[28.650311,44.191823],[28.650321,44.19179],[28.650348,44.191704],[28.650374,44.191614],[28.650426,44.191438],[28.650432,44.191416],[28.650479,44.191262],[28.650533,44.191087],[28.650587,44.190911],[28.650592,44.190896],[28.650641,44.190735],[28.650695,44.19056],[28.650749,44.190384],[28.650777,44.190294],[28.650805,44.19021],[28.650865,44.190031],[28.650886,44.189942],[28.650894,44.189863],[28.650894,44.189844],[28.650893,44.189679],[28.650891,44.189661],[28.650874,44.18949],[28.650872,44.18948],[28.650843,44.189306],[28.650842,44.189299],[28.650815,44.189186],[28.650793,44.189121],[28.650736,44.188946],[28.650734,44.188942],[28.650666,44.188771],[28.650597,44.188598],[28.650566,44.18852],[28.650526,44.188425],[28.650454,44.188253],[28.650395,44.188114],[28.650378,44.18808],[28.650321,44.187966],[28.650291,44.18791],[28.650231,44.187799],[28.650191,44.187741],[28.650128,44.187649],[28.650066,44.18758],[28.649931,44.187429],[28.649829,44.187316],[28.64979,44.187278],[28.649639,44.187135],[28.649579,44.187077],[28.649471,44.186996],[28.649378,44.186927],[28.649283,44.186872],[28.649088,44.186758],[28.649085,44.186756],[28.64888,44.186657],[28.64879,44.186613],[28.648666,44.186562],[28.648449,44.186472],[28.648232,44.186382],[28.648014,44.186292],[28.647861,44.186229],[28.647799,44.186201],[28.647587,44.186105],[28.647549,44.186087],[28.647375,44.186009],[28.647163,44.185912],[28.647096,44.185882],[28.646951,44.185816],[28.64674,44.185719],[28.646668,44.185686],[28.646643,44.185673],[28.646635,44.185669],[28.646574,44.185635],[28.646538,44.185615],[28.646393,44.185536],[28.646344,44.185502],[28.646161,44.185379],[28.645977,44.185256],[28.645929,44.185224],[28.645793,44.185134],[28.64564,44.185033],[28.645628,44.185025],[28.645612,44.185008],[28.645508,44.1849],[28.645527,44.184883],[28.645564,44.184849],[28.645624,44.184796],[28.64568,44.184739],[28.645741,44.184678],[28.645751,44.184668],[28.645812,44.184605],[28.645825,44.184592],[28.645952,44.184457],[28.645965,44.184443],[28.646107,44.184295],[28.646249,44.184146],[28.646391,44.183998],[28.646436,44.183951],[28.646535,44.183851],[28.64668,44.183705],[28.646752,44.183632],[28.64679,44.183594],[28.64721,44.18318],[28.647727,44.182662],[28.647773,44.182618],[28.64816,44.182211],[28.648477,44.181901],[28.648505,44.181871],[28.648564,44.181816],[28.649052,44.181318],[28.649157,44.181211],[28.649388,44.180976],[28.649708,44.180649],[28.650009,44.180339],[28.650042,44.180307],[28.650077,44.180272],[28.650189,44.18016],[28.650237,44.180112],[28.650298,44.180047],[28.650332,44.180013],[28.650477,44.179866],[28.650622,44.179719],[28.650767,44.179572],[28.650911,44.179425],[28.650913,44.179424],[28.651055,44.179278],[28.651199,44.17913],[28.651342,44.178983],[28.651485,44.178835],[28.651629,44.178688],[28.651654,44.178662],[28.651758,44.178559],[28.651698,44.178529],[28.651491,44.178428],[28.651284,44.178326],[28.651077,44.178224],[28.651015,44.178194],[28.650913,44.178144],[28.65087,44.178123],[28.650663,44.178021],[28.650456,44.177919],[28.650249,44.177818],[28.650042,44.177716],[28.649994,44.177693],[28.649835,44.177615],[28.649815,44.177605],[28.649628,44.177513],[28.649421,44.177412],[28.649214,44.17731],[28.649135,44.177271],[28.649007,44.177208],[28.648876,44.177144],[28.6488,44.177107],[28.648776,44.177095],[28.648593,44.177005],[28.648386,44.176904],[28.648318,44.17687],[28.648313,44.176868],[28.648179,44.176802],[28.648164,44.176795],[28.648046,44.176737],[28.647972,44.1767],[28.647765,44.176599],[28.647558,44.176497],[28.647351,44.176396],[28.647144,44.176294],[28.646937,44.176193],[28.64673,44.176091],[28.646523,44.175989],[28.646316,44.175888],[28.646294,44.175877],[28.646109,44.175786],[28.645902,44.175685],[28.645794,44.175632],[28.645695,44.175583],[28.645488,44.175481],[28.645281,44.17538],[28.645074,44.175278],[28.644867,44.175177],[28.644808,44.175148],[28.64466,44.175075],[28.644476,44.174985],[28.644453,44.174973],[28.644282,44.17489],[28.644276,44.174887],[28.644246,44.174872],[28.644144,44.174822],[28.644039,44.17477],[28.643832,44.174669],[28.643625,44.174567],[28.643418,44.174466],[28.643211,44.174364],[28.643004,44.174262],[28.642797,44.174161],[28.642634,44.174081],[28.64259,44.174059],[28.642383,44.173957],[28.642253,44.173893],[28.642187,44.173851],[28.642117,44.173808],[28.642112,44.173804],[28.64201,44.173727],[28.641838,44.173596],[28.641826,44.173586],[28.641775,44.173548],[28.641666,44.173465],[28.641493,44.173335],[28.641342,44.17322],[28.641321,44.173204],[28.641149,44.173073],[28.640976,44.172943],[28.640851,44.172848],[28.640804,44.172812],[28.640634,44.17268],[28.640481,44.172561],[28.640464,44.172548],[28.640411,44.172507],[28.640293,44.172416],[28.640123,44.172284],[28.639952,44.172152],[28.639823,44.172052],[28.639781,44.17202],[28.639758,44.172002],[28.63961,44.171889],[28.639439,44.171757],[28.639268,44.171626],[28.639135,44.171523],[28.639097,44.171494],[28.638926,44.171363],[28.638755,44.171231],[28.638733,44.171214],[28.638611,44.17112],[28.638584,44.1711],[28.63844,44.170989],[28.638409,44.170968],[28.638345,44.170924],[28.638228,44.170844],[28.638125,44.170773],[28.638036,44.170724],[28.637915,44.170657],[28.637832,44.170617],[28.637784,44.170593],[28.637617,44.170521],[28.637617,44.170521],[28.637479,44.170462],[28.637458,44.170453],[28.637393,44.170433],[28.637177,44.170365],[28.637164,44.170361],[28.637027,44.170318],[28.636935,44.170289],[28.636756,44.170232],[28.636742,44.170228],[28.636704,44.170217],[28.636472,44.170149],[28.63624,44.170081],[28.636008,44.170013],[28.635775,44.169945],[28.635543,44.169877],[28.635311,44.16981],[28.635079,44.169742],[28.634846,44.169674],[28.634646,44.169615],[28.634614,44.169606],[28.634381,44.169538],[28.634156,44.169473],[28.634149,44.169471],[28.633918,44.169401],[28.633767,44.169356],[28.633686,44.169332],[28.633642,44.169319],[28.633455,44.169265],[28.633396,44.169247],[28.633443,44.169166],[28.633473,44.169113],[28.633537,44.169],[28.633617,44.168859],[28.63363,44.168834],[28.633678,44.168745],[28.63372,44.168669],[28.633815,44.168503],[28.633877,44.168394],[28.633911,44.168341],[28.633923,44.168323],[28.633959,44.168277],[28.633994,44.16824],[28.634038,44.168202],[28.63405,44.168191],[28.634105,44.168154],[28.634156,44.168124],[28.634211,44.168094],[28.634211,44.168094],[28.634314,44.168042],[28.634416,44.16799],[28.634477,44.16796],[28.634623,44.167897],[28.634729,44.167851],[28.634837,44.167808],[28.634998,44.167745],[28.63501,44.16763],[28.635014,44.167602],[28.63501,44.167495],[28.634998,44.167446],[28.634989,44.16741],[28.634957,44.167351],[28.634927,44.16731],[28.634916,44.167298],[28.634861,44.167244],[28.634754,44.167169],[28.634576,44.167043],[28.634565,44.167035],[28.634428,44.166922],[28.63441,44.166905],[28.63432,44.166824],[28.634261,44.166758],[28.634229,44.166722],[28.634162,44.16663],[28.634143,44.166599],[28.634116,44.166556],[28.634043,44.166434],[28.633944,44.166268],[28.633937,44.166256],[28.633849,44.166102],[28.633801,44.166018],[28.633753,44.165936],[28.633656,44.16577],[28.63356,44.165604],[28.63352,44.165534],[28.633464,44.165437],[28.633369,44.165271],[28.633291,44.165133],[28.633274,44.165104],[28.63318,44.164938],[28.633086,44.164771],[28.632991,44.164604],[28.632976,44.164578],[28.632899,44.164437],[28.632845,44.164338],[28.63281,44.164268],[28.632727,44.164099],[28.632693,44.164028],[28.632648,44.163928],[28.632614,44.163852],[28.632576,44.163755],[28.632551,44.163693],[28.632505,44.163583],[28.632496,44.163561],[28.632443,44.163409],[28.632382,44.163234],[28.632347,44.163134],[28.632323,44.163059],[28.632268,44.162884],[28.632236,44.162782],[28.632213,44.162708],[28.63216,44.162533],[28.632124,44.162413],[28.632107,44.162357],[28.632055,44.162181],[28.632052,44.162168],[28.632007,44.162005],[28.631982,44.161914],[28.631961,44.161828],[28.631918,44.161651],[28.631899,44.161569],[28.631879,44.161473],[28.631842,44.161295],[28.631833,44.161251],[28.63181,44.161117],[28.631792,44.161011],[28.63178,44.160938],[28.631759,44.160795],[28.631753,44.160759],[28.63173,44.160615],[28.631726,44.16058],[28.631704,44.160401],[28.631701,44.160378],[28.631687,44.160222],[28.631682,44.160159],[28.631675,44.160043],[28.631664,44.159863],[28.631654,44.159684],[28.631643,44.159504],[28.631633,44.159324],[28.63163,44.159273],[28.631624,44.159145],[28.631623,44.159118],[28.631617,44.158965],[28.63161,44.158785],[28.631599,44.158634],[28.631596,44.158606],[28.631587,44.158524],[28.631573,44.158428],[28.631567,44.158391],[28.631543,44.158275],[28.631536,44.158251],[28.63151,44.158159],[28.631481,44.158076],[28.63146,44.158017],[28.631423,44.157922],[28.631415,44.157904],[28.631369,44.157802],[28.631339,44.157749],[28.631331,44.157737],[28.631292,44.157675],[28.631228,44.157573],[28.631222,44.157563],[28.631116,44.157413],[28.631102,44.157395],[28.630994,44.157257],[28.630937,44.157185],[28.630871,44.1571],[28.630749,44.156943],[28.630626,44.156786],[28.630504,44.156629],[28.630382,44.156472],[28.630259,44.156315],[28.630137,44.156158],[28.630016,44.156004],[28.630014,44.156001],[28.629897,44.155842],[28.629859,44.15579],[28.629788,44.155696],[28.629778,44.155683],[28.629662,44.155524],[28.629546,44.155365],[28.629456,44.15524],[28.629431,44.155204],[28.62932,44.155043],[28.629217,44.154895],[28.629179,44.15484],[28.629108,44.154736],[28.629001,44.154576],[28.629001,44.154576],[28.628911,44.15443],[28.628911,44.15443],[28.628835,44.154304],[28.628808,44.154257],[28.628783,44.154216],[28.628713,44.154091],[28.628675,44.154024],[28.62862,44.153925],[28.628528,44.153757],[28.628501,44.153707],[28.628441,44.153589],[28.628356,44.153419],[28.628348,44.153404],[28.628274,44.15325],[28.628226,44.153152],[28.628192,44.153079],[28.628111,44.152909],[28.62803,44.152739],[28.627949,44.152569],[28.627868,44.152399],[28.627787,44.152228],[28.627706,44.152058],[28.62768,44.152002],[28.627624,44.151888],[28.627541,44.151718],[28.627458,44.151549],[28.627375,44.151379],[28.627292,44.151209],[28.627209,44.151039],[28.627126,44.15087],[28.627043,44.1507],[28.62696,44.15053],[28.626877,44.15036],[28.626842,44.150289],[28.626793,44.150191],[28.626708,44.150022],[28.626622,44.149853],[28.626537,44.149684],[28.62647,44.149552],[28.626452,44.149514],[28.626366,44.149345],[28.626281,44.149176],[28.626195,44.149007],[28.62611,44.148838],[28.626024,44.148669],[28.625939,44.1485],[28.625853,44.148331],[28.625768,44.148162],[28.625682,44.147993],[28.625597,44.147824],[28.625511,44.147654],[28.625458,44.14755],[28.625426,44.147485],[28.625342,44.147316],[28.625258,44.147147],[28.625174,44.146977],[28.625163,44.146956],[28.625091,44.146808],[28.625008,44.146638],[28.624926,44.146468],[28.624885,44.146385],[28.624843,44.146298],[28.624761,44.146129],[28.624679,44.145959],[28.624629,44.145857],[28.624596,44.145789],[28.624529,44.145652],[28.624513,44.145619],[28.624477,44.145545],[28.62443,44.14545],[28.624346,44.14528],[28.624309,44.145207],[28.624261,44.145111],[28.624225,44.14504],[28.62419,44.145009],[28.624144,44.144968],[28.624083,44.144961],[28.624027,44.144942],[28.62398,44.144912],[28.623948,44.144873],[28.623948,44.144872],[28.623933,44.14483],[28.623934,44.144788],[28.623952,44.144749],[28.623947,44.144713],[28.623926,44.144559],[28.623911,44.144442],[28.623895,44.144384],[28.623894,44.144383],[28.623812,44.144215],[28.623728,44.144045],[28.623691,44.14397],[28.623644,44.143876],[28.623559,44.143707],[28.62348,44.143549],[28.623474,44.143538],[28.623389,44.143369],[28.623304,44.1432],[28.623219,44.143031],[28.623134,44.142862],[28.623049,44.142693],[28.623003,44.142602],[28.622964,44.142524],[28.622878,44.142355],[28.622793,44.142186],[28.622707,44.142017],[28.622622,44.141848],[28.622536,44.141679],[28.622503,44.141613],[28.622434,44.141629],[28.622341,44.141651],[28.622204,44.141693],[28.621973,44.141763],[28.621856,44.141798],[28.621743,44.141833],[28.621512,44.141903],[28.621281,44.141974],[28.62105,44.142044],[28.620819,44.142114],[28.620588,44.142185],[28.620357,44.142255],[28.620126,44.142325],[28.619895,44.142396],[28.619665,44.142466],[28.619434,44.142536],[28.619203,44.142607],[28.618972,44.142677],[28.618741,44.142747],[28.618658,44.142773],[28.61851,44.142818],[28.618379,44.142858],[28.618279,44.142887],[28.61819,44.142914],[28.618048,44.142957],[28.617817,44.143028],[28.617745,44.14305],[28.617586,44.143098],[28.617356,44.143169],[28.617125,44.143239],[28.616894,44.14331],[28.616663,44.14338],[28.616433,44.143451],[28.616202,44.143522],[28.615971,44.143592],[28.61574,44.143663],[28.61551,44.143733],[28.615279,44.143804],[28.615048,44.143874],[28.614817,44.143945],[28.614586,44.144015],[28.614356,44.144086],[28.614238,44.144122],[28.614125,44.144157],[28.614044,44.144182],[28.613895,44.144228],[28.61376,44.14427],[28.613665,44.1443],[28.613435,44.144371],[28.613397,44.144383],[28.613205,44.144443],[28.612975,44.144515],[28.612745,44.144587],[28.612515,44.144659],[28.612285,44.144731],[28.612055,44.144803],[28.611825,44.144875],[28.611627,44.144937],[28.611594,44.144946],[28.611512,44.144968],[28.611406,44.144959],[28.611355,44.144961],[28.61134,44.144963],[28.6113,44.144969],[28.611216,44.144993],[28.611129,44.145076],[28.610979,44.14522],[28.610829,44.145364],[28.610679,44.145508],[28.610675,44.145512],[28.61053,44.145653],[28.610505,44.145678],[28.610381,44.145797],[28.610371,44.145807],[28.610283,44.145891],[28.610229,44.145941],[28.610076,44.146083],[28.609964,44.146188],[28.609924,44.146226],[28.609772,44.146369],[28.60962,44.146513],[28.609469,44.146656],[28.609317,44.146799],[28.609165,44.146942],[28.609014,44.147085],[28.608862,44.147229],[28.60871,44.147372],[28.608565,44.14751],[28.608559,44.147515],[28.608405,44.147657],[28.608252,44.1478],[28.608211,44.147837],[28.608148,44.147899],[28.608101,44.147943],[28.607949,44.148086],[28.607945,44.14809],[28.607797,44.148229],[28.607644,44.148372],[28.607492,44.148514],[28.607367,44.148632],[28.607341,44.148658],[28.607193,44.148803],[28.607046,44.148948],[28.606898,44.149094],[28.60675,44.149239],[28.606714,44.149276],[28.606598,44.149383],[28.606445,44.149525],[28.606292,44.149668],[28.606138,44.14981],[28.605985,44.149953],[28.605832,44.150095],[28.605678,44.150237],[28.605525,44.15038],[28.605443,44.150456],[28.605372,44.150522],[28.605219,44.150665],[28.605153,44.150727],[28.605066,44.150807],[28.604922,44.150939],[28.604912,44.150949],[28.604758,44.151091],[28.604604,44.151233],[28.604451,44.151375],[28.604297,44.151517],[28.604271,44.151542],[28.604143,44.15166],[28.603989,44.151802],[28.603836,44.151944],[28.603682,44.152086],[28.603585,44.152176],[28.603548,44.152152],[28.603363,44.15203],[28.603177,44.151909],[28.602992,44.151788],[28.602961,44.151768],[28.602806,44.151667],[28.602621,44.151546],[28.602583,44.151521],[28.602586,44.151523]]},"properties":{"line":"5-40","dir":"1","headsign":"Cap Linie Confort Urban - imbarcare","mode":"bus","color":"#0059a9"}},{"type":"Feature","geometry":{"type":"LineString","coordinates":[[28.602586,44.151523],[28.602771,44.151644],[28.602957,44.151765],[28.602961,44.151768],[28.603142,44.151886],[28.603328,44.152007],[28.603513,44.152129],[28.603585,44.152176],[28.603704,44.152066],[28.603857,44.151924],[28.604011,44.151782],[28.604165,44.15164],[28.604271,44.151542],[28.604319,44.151497],[28.604472,44.151355],[28.604626,44.151213],[28.60478,44.151071],[28.604922,44.150939],[28.604933,44.150929],[28.605088,44.150787],[28.605153,44.150727],[28.605241,44.150644],[28.605394,44.150502],[28.605443,44.150456],[28.605547,44.150359],[28.6057,44.150217],[28.605854,44.150075],[28.606007,44.149932],[28.60616,44.14979],[28.606313,44.149648],[28.606467,44.149505],[28.60662,44.149363],[28.606714,44.149276],[28.606772,44.149218],[28.60692,44.149073],[28.607067,44.148927],[28.607215,44.148782],[28.607362,44.148636],[28.607367,44.148632],[28.607514,44.148494],[28.607666,44.148351],[28.607819,44.148208],[28.607945,44.14809],[28.607971,44.148065],[28.608123,44.147922],[28.608148,44.147899],[28.608211,44.147837],[28.608274,44.147779],[28.608427,44.147637],[28.608565,44.14751],[28.608581,44.147494],[28.608733,44.147351],[28.608884,44.147208],[28.609036,44.147064],[28.609188,44.146921],[28.609339,44.146778],[28.609491,44.146635],[28.609643,44.146491],[28.609795,44.146348],[28.609946,44.146205],[28.609964,44.146188],[28.610099,44.146062],[28.610252,44.14592],[28.610283,44.145891],[28.610371,44.145807],[28.610404,44.145776],[28.610505,44.145678],[28.610553,44.145631],[28.610675,44.145512],[28.610701,44.145486],[28.610852,44.145342],[28.611002,44.145198],[28.611152,44.145054],[28.611216,44.144993],[28.611275,44.144938],[28.611291,44.144914],[28.611299,44.144891],[28.6113,44.144888],[28.611306,44.144866],[28.611303,44.144832],[28.611271,44.144761],[28.611211,44.144706],[28.611055,44.144565],[28.610899,44.144424],[28.610797,44.144332],[28.61074,44.144283],[28.610578,44.144146],[28.610524,44.1441],[28.61042,44.144007],[28.610262,44.143868],[28.610136,44.143756],[28.610104,44.143728],[28.609948,44.143587],[28.609792,44.143446],[28.609719,44.143381],[28.609651,44.143318],[28.609637,44.143305],[28.609484,44.143163],[28.60933,44.143021],[28.609197,44.142898],[28.609175,44.142879],[28.609016,44.142739],[28.608898,44.142636],[28.608859,44.1426],[28.608704,44.142458],[28.608604,44.142367],[28.608551,44.142317],[28.608399,44.142174],[28.608247,44.142031],[28.608157,44.141946],[28.608092,44.141888],[28.608072,44.14187],[28.608041,44.141842],[28.607148,44.140983],[28.607071,44.140913],[28.606499,44.140374],[28.606142,44.140035],[28.605591,44.139513],[28.605439,44.13937],[28.605382,44.139316],[28.605285,44.139227],[28.605252,44.139197],[28.605194,44.139144],[28.605131,44.139086],[28.604976,44.138944],[28.604821,44.138803],[28.604667,44.138661],[28.604512,44.138519],[28.604358,44.138378],[28.604342,44.138363],[28.604203,44.138236],[28.604049,44.138094],[28.603894,44.137953],[28.603739,44.137811],[28.603585,44.137669],[28.60343,44.137528],[28.60336,44.137464],[28.603399,44.13746],[28.603648,44.137435],[28.603896,44.13741],[28.604145,44.137385],[28.604151,44.137384],[28.604393,44.13736],[28.604641,44.137335],[28.60489,44.13731],[28.605138,44.137285],[28.605387,44.137261],[28.605635,44.137236],[28.605884,44.137211],[28.605934,44.137206],[28.606132,44.137186],[28.60638,44.137161],[28.606473,44.137152],[28.606629,44.137136],[28.606854,44.137114],[28.606878,44.137112],[28.607126,44.137086],[28.607374,44.137061],[28.607497,44.137048],[28.607622,44.137036],[28.607871,44.137012],[28.608053,44.136994],[28.608119,44.136987],[28.608257,44.136975],[28.608368,44.136963],[28.608617,44.136937],[28.608865,44.136912],[28.609113,44.136886],[28.609361,44.13686],[28.609609,44.136835],[28.609731,44.136822],[28.609771,44.136912],[28.609848,44.137084],[28.609925,44.137255],[28.610001,44.137426],[28.610029,44.137488],[28.610076,44.137598],[28.610149,44.13777],[28.610222,44.137942],[28.610295,44.138114],[28.610368,44.138286],[28.610441,44.138458],[28.610514,44.13863],[28.610587,44.138802],[28.61066,44.138975],[28.610734,44.139147],[28.610807,44.139319],[28.61088,44.139491],[28.610953,44.139663],[28.611026,44.139835],[28.611099,44.140006],[28.611144,44.139996],[28.611383,44.139943],[28.611623,44.139889],[28.611863,44.139836],[28.612102,44.139783],[28.612342,44.139729],[28.612451,44.139705],[28.612581,44.139675],[28.61282,44.139621],[28.613059,44.139566],[28.613299,44.139512],[28.613538,44.139457],[28.613755,44.139408],[28.613776,44.139403],[28.614016,44.13935],[28.614256,44.139296],[28.614347,44.139276],[28.614495,44.139243],[28.614537,44.139233],[28.614735,44.139189],[28.614974,44.139136],[28.615033,44.139122],[28.615198,44.139085],[28.615213,44.139081],[28.615453,44.139028],[28.615692,44.138974],[28.615932,44.138921],[28.616171,44.138868],[28.616383,44.13882],[28.616411,44.138814],[28.616651,44.138761],[28.61689,44.138708],[28.61713,44.138655],[28.61737,44.138602],[28.617609,44.138549],[28.617682,44.138533],[28.617849,44.138495],[28.618088,44.13844],[28.618327,44.138385],[28.618566,44.138331],[28.618805,44.138276],[28.618975,44.138238],[28.619044,44.138222],[28.619283,44.138167],[28.61937,44.138148],[28.619522,44.138113],[28.619522,44.138113],[28.619663,44.138082],[28.619727,44.138067],[28.619762,44.138059],[28.620001,44.138005],[28.62024,44.137952],[28.620282,44.137943],[28.620476,44.137899],[28.620584,44.137875],[28.620658,44.137861],[28.620652,44.13785],[28.620568,44.137686],[28.620482,44.13752],[28.620464,44.137483],[28.620429,44.137412],[28.6204,44.137351],[28.620318,44.137181],[28.620237,44.13701],[28.620156,44.13684],[28.620077,44.136674],[28.620016,44.136546],[28.619996,44.136504],[28.619914,44.136334],[28.619832,44.136164],[28.61975,44.135994],[28.619668,44.135824],[28.619586,44.135654],[28.619504,44.135484],[28.619429,44.135328],[28.619423,44.135314],[28.619342,44.135144],[28.619293,44.135038],[28.61926,44.134973],[28.619254,44.13496],[28.619172,44.134804],[28.619089,44.134642],[28.619085,44.134636],[28.618997,44.134467],[28.61891,44.134298],[28.618822,44.13413],[28.618734,44.133961],[28.618647,44.133793],[28.618559,44.133624],[28.618471,44.133456],[28.618384,44.133287],[28.618296,44.133119],[28.618283,44.133093],[28.618209,44.13295],[28.618121,44.132782],[28.618033,44.132613],[28.617946,44.132445],[28.617916,44.132388],[28.617858,44.132276],[28.61777,44.132108],[28.617718,44.132008],[28.61766,44.131939],[28.617649,44.131926],[28.617592,44.131876],[28.617547,44.131861],[28.617501,44.131836],[28.617501,44.131836],[28.617466,44.131802],[28.617444,44.131759],[28.617444,44.131702],[28.617465,44.131657],[28.617508,44.131617],[28.617563,44.13159],[28.617598,44.131584],[28.617644,44.131576],[28.617724,44.131585],[28.617775,44.131603],[28.617811,44.131628],[28.617824,44.131637],[28.617853,44.131676],[28.617865,44.131721],[28.617863,44.131756],[28.617847,44.131793],[28.61785,44.131811],[28.617877,44.131988],[28.617883,44.132027],[28.617939,44.132161],[28.617997,44.1323],[28.618013,44.132333],[28.618096,44.132503],[28.6181,44.132511],[28.61818,44.132672],[28.618265,44.132842],[28.61835,44.133011],[28.618434,44.13318],[28.618519,44.133349],[28.618603,44.133519],[28.618688,44.133688],[28.618773,44.133857],[28.618857,44.134026],[28.618942,44.134196],[28.619026,44.134365],[28.619111,44.134534],[28.619163,44.134637],[28.619199,44.134703],[28.619273,44.13484],[28.619288,44.134871],[28.619368,44.135041],[28.619449,44.135212],[28.619529,44.135382],[28.61959,44.135511],[28.61961,44.135552],[28.619694,44.135722],[28.619777,44.135892],[28.61986,44.136061],[28.619943,44.136231],[28.619971,44.136288],[28.620024,44.136401],[28.620104,44.136572],[28.620183,44.13674],[28.620259,44.136901],[28.620339,44.137072],[28.62042,44.137242],[28.6205,44.137413],[28.620525,44.137467],[28.620552,44.137512],[28.620581,44.137551],[28.620597,44.137568],[28.620631,44.137606],[28.620666,44.137642],[28.620725,44.137694],[28.620745,44.137709],[28.620776,44.137732],[28.620847,44.137777],[28.620928,44.13782],[28.620951,44.137833],[28.621005,44.137851],[28.621047,44.137879],[28.621073,44.137914],[28.621085,44.137955],[28.621086,44.137957],[28.621079,44.137998],[28.621015,44.138127],[28.620995,44.138181],[28.620989,44.138242],[28.620992,44.138308],[28.621004,44.138374],[28.621021,44.138431],[28.621039,44.138475],[28.621047,44.138495],[28.621112,44.138646],[28.621112,44.138646],[28.621193,44.138816],[28.621193,44.138817],[28.621278,44.138984],[28.621326,44.139079],[28.621364,44.139154],[28.621448,44.139323],[28.621532,44.139491],[28.621533,44.139493],[28.621616,44.139662],[28.621699,44.139832],[28.621782,44.140002],[28.621796,44.14003],[28.621864,44.140171],[28.62194,44.140327],[28.621947,44.140341],[28.622028,44.140511],[28.622066,44.14059],[28.62211,44.14068],[28.622133,44.140726],[28.622194,44.14085],[28.622278,44.141019],[28.622362,44.141189],[28.622446,44.141358],[28.622511,44.14149],[28.622531,44.141527],[28.622567,44.141599],[28.622616,44.141697],[28.622691,44.141846],[28.622701,44.141866],[28.622789,44.142034],[28.622876,44.142203],[28.622963,44.142371],[28.623051,44.14254],[28.623072,44.142581],[28.623137,44.142709],[28.623222,44.142878],[28.623307,44.143047],[28.623346,44.143124],[28.623389,44.143208],[28.623393,44.143216],[28.623478,44.143386],[28.62355,44.14353],[28.623563,44.143555],[28.623649,44.143724],[28.623734,44.143893],[28.623819,44.144062],[28.623852,44.144128],[28.623905,44.144231],[28.623964,44.144346],[28.623994,44.144397],[28.624089,44.14456],[28.624095,44.14457],[28.624127,44.144607],[28.624157,44.144632],[28.624215,44.144667],[28.624262,44.144683],[28.624262,44.144683],[28.624302,44.144706],[28.624333,44.144736],[28.624354,44.144773],[28.624362,44.144812],[28.624357,44.144844],[28.624355,44.144852],[28.624344,44.144876],[28.624319,44.144906],[28.624285,44.144932],[28.624243,44.144952],[28.624195,44.144964],[28.624144,44.144968],[28.62419,44.145009],[28.624225,44.14504],[28.624302,44.145193],[28.624309,44.145207],[28.624386,44.145362],[28.62447,44.145531],[28.624477,44.145545],[28.624529,44.145652],[28.624553,44.145701],[28.624629,44.145857],[28.624636,44.145871],[28.624718,44.14604],[28.624801,44.14621],[28.624883,44.146379],[28.624885,44.146385],[28.624965,44.146549],[28.625048,44.146719],[28.625131,44.146889],[28.625163,44.146956],[28.625214,44.147058],[28.625298,44.147228],[28.625382,44.147397],[28.625458,44.14755],[28.625467,44.147567],[28.625552,44.147736],[28.625638,44.147905],[28.625723,44.148074],[28.625809,44.148243],[28.625894,44.148412],[28.62598,44.148581],[28.626065,44.14875],[28.626151,44.148919],[28.626236,44.149089],[28.626322,44.149258],[28.626407,44.149427],[28.62647,44.149552],[28.626493,44.149596],[28.626578,44.149765],[28.626663,44.149934],[28.626749,44.150103],[28.626834,44.150272],[28.626842,44.150289],[28.626917,44.150442],[28.627,44.150611],[28.627083,44.150781],[28.627166,44.150951],[28.627249,44.151121],[28.627332,44.15129],[28.627415,44.15146],[28.627498,44.15163],[28.627581,44.1518],[28.627664,44.151969],[28.62768,44.152002],[28.627745,44.152139],[28.627826,44.152309],[28.627907,44.15248],[28.627988,44.15265],[28.628069,44.15282],[28.628149,44.15299],[28.628226,44.153152],[28.628231,44.15316],[28.628313,44.15333],[28.628348,44.153404],[28.628397,44.1535],[28.628482,44.15367],[28.628501,44.153707],[28.628572,44.153838],[28.628664,44.154005],[28.628675,44.154024],[28.628758,44.154171],[28.628783,44.154216],[28.628835,44.154304],[28.628855,44.154337],[28.628911,44.15443],[28.628955,44.154501],[28.629001,44.154576],[28.629061,44.154665],[28.62917,44.154827],[28.629179,44.15484],[28.629282,44.154989],[28.629393,44.15515],[28.629456,44.15524],[28.629508,44.155311],[28.629624,44.155471],[28.62974,44.15563],[28.629788,44.155696],[28.629858,44.155789],[28.629859,44.15579],[28.629975,44.155948],[28.630016,44.156004],[28.630096,44.156106],[28.630219,44.156263],[28.630341,44.15642],[28.630464,44.156577],[28.630586,44.156734],[28.630709,44.156891],[28.630831,44.157048],[28.630937,44.157185],[28.630954,44.157205],[28.631076,44.157362],[28.631102,44.157395],[28.631191,44.15752],[28.631222,44.157563],[28.631292,44.157675],[28.631297,44.157681],[28.631339,44.157749],[28.631369,44.157802],[28.631388,44.157844],[28.631423,44.157922],[28.631459,44.158015],[28.63146,44.158017],[28.63151,44.158159],[28.631517,44.158186],[28.631543,44.158275],[28.631561,44.158361],[28.631567,44.158391],[28.631587,44.158524],[28.631589,44.158537],[28.631599,44.158634],[28.631605,44.158715],[28.63161,44.158785],[28.631614,44.158894],[28.631621,44.159073],[28.631623,44.159118],[28.631629,44.159253],[28.63163,44.159273],[28.631639,44.159433],[28.63165,44.159613],[28.63166,44.159793],[28.631671,44.159972],[28.631681,44.160152],[28.631682,44.160159],[28.631697,44.160332],[28.631701,44.160378],[28.631718,44.160512],[28.63173,44.160615],[28.631742,44.160691],[28.631759,44.160795],[28.63177,44.16087],[28.631792,44.161011],[28.631798,44.161049],[28.631829,44.161228],[28.631833,44.161251],[28.631865,44.161406],[28.631899,44.161569],[28.631903,44.161585],[28.631945,44.161762],[28.631982,44.161914],[28.631989,44.16194],[28.632037,44.162116],[28.632052,44.162168],[28.632088,44.162292],[28.632124,44.162413],[28.63214,44.162468],[28.632194,44.162644],[28.632236,44.162782],[28.632248,44.16282],[28.632303,44.162995],[28.632347,44.163134],[28.63236,44.163171],[28.632421,44.163346],[28.632482,44.16352],[28.632496,44.163561],[28.632551,44.163693],[28.632551,44.163694],[28.632614,44.163852],[28.632622,44.163868],[28.632693,44.164028],[28.632699,44.16404],[28.632782,44.16421],[28.632845,44.164338],[28.632868,44.16438],[28.63296,44.164548],[28.632976,44.164578],[28.633054,44.164715],[28.633148,44.164881],[28.633242,44.165048],[28.633291,44.165133],[28.633337,44.165215],[28.633432,44.165381],[28.63352,44.165534],[28.633527,44.165548],[28.633624,44.165714],[28.63372,44.16588],[28.633801,44.166018],[28.633817,44.166045],[28.633912,44.166212],[28.633937,44.166256],[28.63401,44.166378],[28.634108,44.166543],[28.634116,44.166556],[28.634162,44.16663],[28.63422,44.166709],[28.634229,44.166722],[28.63432,44.166824],[28.634367,44.166867],[28.634428,44.166922],[28.63453,44.167006],[28.634565,44.167035],[28.63471,44.167138],[28.634861,44.167244],[28.634892,44.167265],[28.635076,44.167387],[28.63526,44.167509],[28.63539,44.167596],[28.63539,44.167596],[28.635194,44.16767],[28.634998,44.167745],[28.634973,44.167755],[28.634753,44.167841],[28.634729,44.167851],[28.634538,44.167934],[28.634477,44.16796],[28.634331,44.168034],[28.634314,44.168042],[28.634211,44.168094],[28.634156,44.168124],[28.634128,44.16814],[28.634105,44.168154],[28.63405,44.168191],[28.633994,44.16824],[28.633965,44.168271],[28.633959,44.168277],[28.633923,44.168323],[28.633877,44.168394],[28.633853,44.168434],[28.633759,44.168601],[28.633678,44.168745],[28.633665,44.168768],[28.633617,44.168859],[28.633574,44.168935],[28.633479,44.169102],[28.633473,44.169113],[28.633396,44.169247],[28.633396,44.169247],[28.633269,44.16921],[28.633259,44.169207],[28.633062,44.169149],[28.633027,44.169139],[28.633007,44.169133],[28.632978,44.169124],[28.632935,44.169112],[28.632935,44.169112],[28.632978,44.169124],[28.633007,44.169133],[28.63306,44.169149],[28.633062,44.169149],[28.633269,44.16921],[28.633292,44.169217],[28.633396,44.169247],[28.633473,44.169113],[28.633498,44.169068],[28.633592,44.168902],[28.633617,44.168859],[28.633678,44.168745],[28.633683,44.168735]]},"properties":{"line":"5b","dir":"0","headsign":"Gara","mode":"bus","color":"#0059a9"}},{"type":"Feature","geometry":{"type":"LineString","coordinates":[[28.633698,44.168709],[28.633792,44.168542],[28.633877,44.168394],[28.633886,44.168379],[28.633923,44.168323],[28.633959,44.168277],[28.633994,44.16824],[28.633994,44.16824],[28.63405,44.168191],[28.634105,44.168154],[28.634156,44.168124],[28.634211,44.168094],[28.634314,44.168042],[28.634368,44.168015],[28.634477,44.16796],[28.634573,44.167918],[28.634729,44.167851],[28.634785,44.167829],[28.634998,44.167745],[28.635006,44.16767],[28.635014,44.167602],[28.63501,44.167495],[28.634989,44.16741],[28.634957,44.167351],[28.634939,44.167326],[28.634927,44.16731],[28.634861,44.167244],[28.634796,44.167198],[28.634618,44.167072],[28.634565,44.167035],[28.634448,44.166939],[28.634428,44.166922],[28.63432,44.166824],[28.634293,44.166794],[28.634229,44.166722],[28.634168,44.166637],[28.634162,44.16663],[28.634116,44.166556],[28.634066,44.166472],[28.633967,44.166307],[28.633937,44.166256],[28.633871,44.166141],[28.633801,44.166018],[28.633776,44.165975],[28.633679,44.165809],[28.633583,44.165643],[28.63352,44.165534],[28.633487,44.165477],[28.633392,44.16531],[28.633296,44.165144],[28.633291,44.165133],[28.633202,44.164977],[28.633108,44.16481],[28.633014,44.164644],[28.632976,44.164578],[28.632921,44.164477],[28.632845,44.164338],[28.63283,44.164308],[28.632747,44.164139],[28.632693,44.164028],[28.632666,44.163968],[28.632614,44.163852],[28.632592,44.163796],[28.632551,44.163693],[28.632522,44.163624],[28.632496,44.163561],[28.632457,44.16345],[28.632396,44.163275],[28.632347,44.163134],[28.632336,44.163101],[28.632281,44.162925],[28.632236,44.162782],[28.632226,44.16275],[28.632172,44.162574],[28.632124,44.162413],[28.632119,44.162398],[28.632067,44.162222],[28.632052,44.162168],[28.632018,44.162046],[28.631982,44.161914],[28.631971,44.161869],[28.631928,44.161692],[28.631899,44.161569],[28.631887,44.161515],[28.631851,44.161337],[28.631833,44.161251],[28.631817,44.161159],[28.631792,44.161011],[28.631787,44.16098],[28.631759,44.160801],[28.631759,44.160795],[28.631732,44.160623],[28.63173,44.160615],[28.631709,44.160444],[28.631701,44.160378],[28.631691,44.160265],[28.631682,44.160159],[28.631677,44.160085],[28.631667,44.159906],[28.631656,44.159726],[28.631646,44.159546],[28.631635,44.159367],[28.63163,44.159273],[28.631626,44.159187],[28.631623,44.159118],[28.631619,44.159007],[28.631611,44.158828],[28.63161,44.158785],[28.6316,44.158648],[28.631599,44.158634],[28.631587,44.158524],[28.631579,44.15847],[28.631567,44.158391],[28.631546,44.158292],[28.631543,44.158275],[28.63151,44.158159],[28.631495,44.158118],[28.63146,44.158017],[28.631432,44.157944],[28.631423,44.157922],[28.631369,44.157802],[28.631354,44.157775],[28.631339,44.157749],[28.631292,44.157675],[28.631252,44.157612],[28.631222,44.157563],[28.631142,44.157451],[28.631102,44.157395],[28.631023,44.157293],[28.630937,44.157185],[28.6309,44.157137],[28.630778,44.15698],[28.630655,44.156823],[28.630533,44.156666],[28.63041,44.156509],[28.630288,44.156352],[28.630165,44.156195],[28.630043,44.156038],[28.630016,44.156004],[28.629924,44.155879],[28.629859,44.15579],[28.629806,44.155721],[28.629788,44.155696],[28.62969,44.155561],[28.629574,44.155402],[28.629458,44.155243],[28.629456,44.15524],[28.629346,44.155081],[28.629241,44.15493],[28.629179,44.15484],[28.629134,44.154774],[28.629025,44.154612],[28.629001,44.154576],[28.628911,44.15443],[28.628911,44.15443],[28.628835,44.154304],[28.628829,44.154293],[28.628783,44.154216],[28.628735,44.154131],[28.628675,44.154024],[28.628642,44.153964],[28.62855,44.153797],[28.628501,44.153707],[28.628461,44.153628],[28.628376,44.153459],[28.628348,44.153404],[28.628293,44.15329],[28.628226,44.153152],[28.628211,44.15312],[28.62813,44.152949],[28.628049,44.152779],[28.627968,44.152609],[28.627887,44.152439],[28.627806,44.152268],[28.627725,44.152098],[28.62768,44.152002],[28.627644,44.151928],[28.627561,44.151758],[28.627478,44.151589],[28.627395,44.151419],[28.627312,44.151249],[28.627229,44.151079],[28.627146,44.15091],[28.627063,44.15074],[28.62698,44.15057],[28.626897,44.1504],[28.626842,44.150289],[28.626813,44.150231],[28.626728,44.150062],[28.626642,44.149892],[28.626557,44.149723],[28.626472,44.149554],[28.62647,44.149552],[28.626386,44.149385],[28.626301,44.149216],[28.626215,44.149047],[28.62613,44.148878],[28.626044,44.148709],[28.625959,44.14854],[28.625873,44.148371],[28.625788,44.148202],[28.625702,44.148032],[28.625617,44.147863],[28.625531,44.147694],[28.625458,44.14755],[28.625446,44.147525],[28.625362,44.147356],[28.625278,44.147186],[28.625194,44.147017],[28.625163,44.146956],[28.625111,44.146847],[28.625028,44.146678],[28.624945,44.146508],[28.624885,44.146385],[28.624863,44.146338],[28.62478,44.146169],[28.624698,44.145999],[28.624629,44.145857],[28.624616,44.145829],[28.624533,44.145659],[28.624529,44.145652],[28.624477,44.145545],[28.624449,44.14549],[28.624365,44.14532],[28.624309,44.145207],[28.624281,44.145151],[28.624225,44.14504],[28.62419,44.145009],[28.624162,44.144984],[28.624144,44.144968],[28.624083,44.144961],[28.624027,44.144942],[28.62398,44.144912],[28.623966,44.144894],[28.623948,44.144873],[28.623933,44.14483],[28.623934,44.144788],[28.623952,44.144749],[28.623951,44.144743],[28.623927,44.144566],[28.623911,44.144442],[28.623895,44.144386],[28.623894,44.144383],[28.623811,44.144213],[28.623727,44.144043],[28.623691,44.14397],[28.623643,44.143874],[28.623558,44.143705],[28.62348,44.143549],[28.623473,44.143535],[28.623388,44.143366],[28.623302,44.143197],[28.623217,44.143028],[28.623132,44.142859],[28.623047,44.142689],[28.623003,44.142602],[28.622962,44.14252],[28.622876,44.142351],[28.622791,44.142182],[28.622705,44.142013],[28.62262,44.141844],[28.622534,44.141675],[28.622503,44.141613],[28.622447,44.141506],[28.622447,44.141506],[28.622363,44.141337],[28.622279,44.141167],[28.622195,44.140998],[28.622111,44.140828],[28.622027,44.140659],[28.622003,44.14061],[28.621943,44.14049],[28.621867,44.140335],[28.62186,44.14032],[28.621776,44.14015],[28.621725,44.140048],[28.621692,44.139981],[28.621608,44.139811],[28.621524,44.139642],[28.621459,44.13951],[28.621441,44.139472],[28.621358,44.139303],[28.621275,44.139133],[28.621258,44.139097],[28.621194,44.138963],[28.621113,44.138793],[28.62105,44.13866],[28.621031,44.138622],[28.620949,44.138453],[28.62092,44.138394],[28.620867,44.138286],[28.620788,44.138128],[28.620782,44.138116],[28.620749,44.138052],[28.620741,44.138037],[28.620701,44.137953],[28.620658,44.137861],[28.620584,44.137875],[28.620446,44.137906],[28.620282,44.137943],[28.620211,44.137959],[28.619971,44.138012],[28.619732,44.138066],[28.619727,44.138067],[28.619663,44.138082],[28.619522,44.138113],[28.619493,44.13812],[28.61937,44.138148],[28.619254,44.138174],[28.619015,44.138229],[28.618975,44.138238],[28.618776,44.138283],[28.618537,44.138338],[28.618297,44.138392],[28.618058,44.138447],[28.617819,44.138501],[28.617682,44.138533],[28.61758,44.138555],[28.61734,44.138608],[28.6171,44.138661],[28.616861,44.138715],[28.616621,44.138768],[28.616383,44.13882],[28.616381,44.138821],[28.616142,44.138874],[28.615902,44.138928],[28.615663,44.138981],[28.615423,44.139035],[28.615198,44.139085],[28.615184,44.139088],[28.615033,44.139122],[28.614945,44.139142],[28.614705,44.139196],[28.614537,44.139233],[28.614466,44.139249],[28.614347,44.139276],[28.614226,44.139303],[28.613986,44.139356],[28.613755,44.139408],[28.613747,44.13941],[28.613508,44.139464],[28.613269,44.139519],[28.61303,44.139573],[28.612791,44.139628],[28.612551,44.139682],[28.612451,44.139705],[28.612312,44.139736],[28.612073,44.139789],[28.611833,44.139842],[28.611593,44.139896],[28.611354,44.139949],[28.611114,44.140002],[28.611099,44.140006],[28.611046,44.139883],[28.610973,44.139711],[28.6109,44.139539],[28.610827,44.139367],[28.610754,44.139195],[28.610681,44.139023],[28.610608,44.138851],[28.610535,44.138679],[28.610462,44.138507],[28.610389,44.138335],[28.610316,44.138163],[28.610243,44.137991],[28.61017,44.137819],[28.610097,44.137647],[28.610029,44.137488],[28.610023,44.137473],[28.609946,44.137302],[28.609869,44.137131],[28.609793,44.13696],[28.609731,44.136822],[28.609549,44.136841],[28.609301,44.136867],[28.609053,44.136892],[28.608804,44.136918],[28.608556,44.136944],[28.608308,44.136969],[28.608257,44.136975],[28.60806,44.136993],[28.608053,44.136994],[28.607811,44.137017],[28.607562,44.137042],[28.607497,44.137048],[28.607357,44.137063],[28.606854,44.137114],[28.606473,44.137152],[28.605934,44.137206],[28.604151,44.137384],[28.60336,44.137464],[28.603401,44.137501],[28.603555,44.137642],[28.60371,44.137784],[28.603865,44.137926],[28.604019,44.138067],[28.604174,44.138209],[28.604328,44.138351],[28.604342,44.138363],[28.604483,44.138492],[28.604638,44.138634],[28.604792,44.138776],[28.604947,44.138917],[28.605101,44.139059],[28.605194,44.139144],[28.605252,44.139197],[28.605256,44.139201],[28.605382,44.139316],[28.605409,44.139342],[28.605561,44.139485],[28.605712,44.139628],[28.605862,44.13977],[28.606013,44.139913],[28.606142,44.140035],[28.606164,44.140055],[28.606315,44.140199],[28.606467,44.140342],[28.606499,44.140374],[28.606618,44.140486],[28.60677,44.140629],[28.606922,44.140772],[28.607071,44.140913],[28.607073,44.140915],[28.607148,44.140983],[28.607227,44.141058],[28.607376,44.141202],[28.607526,44.141347],[28.607676,44.141491],[28.607826,44.141635],[28.607976,44.141779],[28.608041,44.141842],[28.608129,44.141921],[28.608157,44.141946],[28.608282,44.142064],[28.608433,44.142206],[28.608585,44.142349],[28.608604,44.142367],[28.60874,44.142491],[28.608894,44.142633],[28.608898,44.142636],[28.609053,44.142772],[28.609197,44.142898],[28.609211,44.142911],[28.609365,44.143053],[28.609519,44.143196],[28.609651,44.143318],[28.609673,44.143338],[28.609719,44.143381],[28.609828,44.143479],[28.609984,44.14362],[28.610136,44.143756],[28.61014,44.14376],[28.610298,44.1439],[28.610456,44.14404],[28.610524,44.1441],[28.610616,44.144178],[28.610778,44.144316],[28.610797,44.144332],[28.610935,44.144456],[28.61109,44.144597],[28.611246,44.144738],[28.611271,44.144761],[28.611406,44.144877],[28.611512,44.144968],[28.611406,44.144959],[28.61137,44.14496],[28.611355,44.144961],[28.6113,44.144969],[28.611216,44.144993],[28.611171,44.145036],[28.611022,44.145179],[28.610872,44.145323],[28.610722,44.145467],[28.610675,44.145512],[28.610573,44.145611],[28.610505,44.145678],[28.610424,44.145756],[28.610371,44.145807],[28.610283,44.145891],[28.610273,44.1459],[28.61012,44.146043],[28.609967,44.146185],[28.609964,44.146188],[28.609815,44.146328],[28.609664,44.146472],[28.609512,44.146615],[28.60936,44.146758],[28.609209,44.146901],[28.609057,44.147045],[28.608905,44.147188],[28.608754,44.147331],[28.608602,44.147474],[28.608565,44.14751],[28.608449,44.147617],[28.608296,44.147759],[28.608211,44.147837],[28.608148,44.147899],[28.608144,44.147902],[28.607993,44.148045],[28.607945,44.14809],[28.60784,44.148188],[28.607688,44.148331],[28.607535,44.148474],[28.607383,44.148617],[28.607367,44.148632],[28.607235,44.148761],[28.607088,44.148907],[28.60694,44.149052],[28.606793,44.149198],[28.606714,44.149276],[28.606642,44.149342],[28.606489,44.149485],[28.606335,44.149627],[28.606182,44.14977],[28.606029,44.149912],[28.605875,44.150054],[28.605722,44.150197],[28.605569,44.150339],[28.605443,44.150456],[28.605416,44.150481],[28.605263,44.150624],[28.605153,44.150727],[28.60511,44.150767],[28.604956,44.150908],[28.604922,44.150939],[28.604802,44.15105],[28.604648,44.151193],[28.604494,44.151335],[28.604341,44.151477],[28.604271,44.151542],[28.604187,44.151619],[28.604033,44.151761],[28.60388,44.151903],[28.603726,44.152045],[28.603585,44.152176],[28.60357,44.152166],[28.603416,44.152065],[28.60323,44.151944],[28.603045,44.151823],[28.602961,44.151768],[28.602859,44.151702],[28.602674,44.151581],[28.602583,44.151521],[28.602586,44.151523]]},"properties":{"line":"5b","dir":"1","headsign":"Cap Linie Confort Urban - imbarcare","mode":"bus","color":"#0059a9"}},{"type":"Feature","geometry":{"type":"LineString","coordinates":[[28.621191,44.133878],[28.621226,44.133984],[28.621249,44.134053],[28.621276,44.134134],[28.621306,44.134225],[28.621326,44.134286],[28.621335,44.134364],[28.621328,44.134408],[28.621324,44.134431],[28.621255,44.134531],[28.621209,44.134568],[28.621168,44.134602],[28.621051,44.134649],[28.621001,44.134666],[28.620827,44.134722],[28.620778,44.134735],[28.62077,44.134738],[28.620536,44.134802],[28.620359,44.134851],[28.620303,44.134866],[28.62007,44.13493],[28.619876,44.134983],[28.619846,44.135011],[28.619713,44.135134],[28.61971,44.135138],[28.619671,44.135184],[28.619641,44.135253],[28.61964,44.135282],[28.619632,44.13541],[28.619606,44.135473],[28.61959,44.135511],[28.619645,44.135622],[28.619728,44.135791],[28.619811,44.135961],[28.619893,44.136131],[28.619971,44.136288],[28.619976,44.1363],[28.620056,44.136471],[28.620137,44.136641],[28.620213,44.136803],[28.620292,44.136971],[28.620372,44.137141],[28.620452,44.137312],[28.620525,44.137467],[28.620533,44.137479],[28.620552,44.137512],[28.620581,44.137551],[28.620631,44.137606],[28.620653,44.137629],[28.620666,44.137642],[28.620725,44.137694],[28.620776,44.137732],[28.620817,44.137759],[28.620847,44.137777],[28.620951,44.137833],[28.621005,44.137851],[28.621015,44.137857],[28.621047,44.137879],[28.621073,44.137914],[28.621086,44.137957],[28.621079,44.137998],[28.621055,44.138046],[28.621015,44.138127],[28.620995,44.138181],[28.620992,44.13821],[28.620989,44.138242],[28.620992,44.138308],[28.621004,44.138374],[28.621004,44.138376],[28.621021,44.138431],[28.621047,44.138495],[28.621068,44.138545],[28.621112,44.138646],[28.621145,44.138715],[28.621193,44.138817],[28.621227,44.138884],[28.621313,44.139053],[28.621326,44.139079],[28.621398,44.139223],[28.621483,44.139392],[28.621532,44.139491],[28.621567,44.139562],[28.62165,44.139731],[28.621733,44.139901],[28.621796,44.14003],[28.621815,44.140071],[28.621898,44.14024],[28.62194,44.140327],[28.62198,44.14041],[28.622061,44.14058],[28.622066,44.14059],[28.622133,44.140726],[28.622145,44.14075],[28.622229,44.140919],[28.622313,44.141089],[28.622397,44.141258],[28.622481,44.141428],[28.622511,44.14149],[28.622566,44.141597],[28.622567,44.141599],[28.622651,44.141766],[28.622691,44.141846],[28.622737,44.141935],[28.622825,44.142104],[28.622912,44.142272],[28.622999,44.142441],[28.623072,44.142581],[28.623086,44.14261],[28.623172,44.142779],[28.623257,44.142948],[28.623342,44.143117],[28.623346,44.143124],[28.623389,44.143208],[28.623428,44.143286],[28.623513,44.143455],[28.62355,44.14353],[28.623598,44.143624],[28.623684,44.143793],[28.623769,44.143962],[28.623852,44.144128],[28.623854,44.144131],[28.623941,44.1443],[28.623964,44.144346],[28.624034,44.144466],[28.624095,44.14457],[28.624127,44.144607],[28.624149,44.144625],[28.624157,44.144632],[28.624215,44.144667],[28.624262,44.144683],[28.624302,44.144706],[28.624329,44.144732],[28.624333,44.144736],[28.624354,44.144773],[28.624362,44.144812],[28.624355,44.144852],[28.624344,44.144876],[28.624334,44.144888],[28.624319,44.144906],[28.624285,44.144932],[28.624243,44.144952],[28.624195,44.144964],[28.624144,44.144968],[28.624144,44.144968],[28.624083,44.144961],[28.624027,44.144942],[28.62398,44.144912],[28.623955,44.144882],[28.623948,44.144873],[28.623933,44.14483],[28.623934,44.144788],[28.623952,44.144749],[28.623948,44.144721],[28.623925,44.144547],[28.623911,44.144442],[28.623894,44.144383],[28.623887,44.144369],[28.623804,44.144199],[28.62372,44.14403],[28.623691,44.14397],[28.623636,44.14386],[28.623551,44.143691],[28.62348,44.143549],[28.623466,44.143522],[28.623381,44.143353],[28.623296,44.143184],[28.623211,44.143015],[28.623126,44.142845],[28.62304,44.142676],[28.623003,44.142602],[28.622955,44.142507],[28.62287,44.142338],[28.622784,44.142169],[28.622698,44.142],[28.622613,44.141831],[28.622527,44.141662],[28.622503,44.141613],[28.622341,44.141651],[28.622324,44.141656],[28.622094,44.141726],[28.621864,44.141796],[28.621856,44.141798],[28.621633,44.141866],[28.621402,44.141937],[28.621172,44.142007],[28.620941,44.142077],[28.62071,44.142148],[28.620479,44.142218],[28.620248,44.142288],[28.620017,44.142359],[28.619786,44.142429],[28.619555,44.142499],[28.619324,44.14257],[28.619094,44.14264],[28.618863,44.14271],[28.618658,44.142773],[28.618632,44.142781],[28.618401,44.142851],[28.618379,44.142858],[28.61819,44.142914],[28.618209,44.142952],[28.618256,44.143045],[28.618294,44.143122],[28.618378,44.143291],[28.618462,44.143461],[28.618545,44.14363],[28.618629,44.1438],[28.618687,44.143918],[28.618713,44.143969],[28.618797,44.144139],[28.618881,44.144308],[28.618965,44.144478],[28.619049,44.144647],[28.619133,44.144817],[28.619165,44.144881],[28.619225,44.144985],[28.61932,44.145151],[28.619415,44.145318],[28.61951,44.145483],[28.61955,44.145553],[28.619638,44.145593],[28.619668,44.14563],[28.619794,44.145784],[28.619824,44.145821],[28.619919,44.145939],[28.620044,44.146094],[28.620169,44.146248],[28.620294,44.146403],[28.620348,44.14647],[28.620419,44.146559],[28.620496,44.146655],[28.620543,44.146716],[28.620574,44.146756],[28.620589,44.146828],[28.620638,44.146882],[28.620727,44.14698],[28.620774,44.147033],[28.620851,44.14712],[28.62091,44.147185],[28.621007,44.147293],[28.621045,44.147336],[28.621088,44.147386],[28.621183,44.147486],[28.621324,44.147635],[28.621464,44.147784],[28.621588,44.147916],[28.621604,44.147933],[28.621667,44.148001],[28.621726,44.148064],[28.621744,44.148083],[28.621794,44.148135],[28.621887,44.148231],[28.621981,44.148328],[28.622029,44.148379],[28.622171,44.148527],[28.622313,44.148675],[28.622454,44.148824],[28.622596,44.148972],[28.622738,44.149121],[28.62288,44.149269],[28.623007,44.149403],[28.623021,44.149417],[28.623163,44.149566],[28.623305,44.149714],[28.623447,44.149862],[28.62356,44.14998],[28.623589,44.150011],[28.623668,44.150094],[28.62373,44.150159],[28.623754,44.150184],[28.623872,44.150307],[28.623962,44.150402],[28.624014,44.150456],[28.624156,44.150604],[28.624233,44.150685],[28.624297,44.150665],[28.624502,44.150601],[28.624527,44.150591],[28.624663,44.150536],[28.624743,44.150492],[28.624806,44.150457],[28.624933,44.150472],[28.624958,44.150481],[28.624998,44.150494],[28.625034,44.150521],[28.625072,44.150566],[28.625108,44.150644],[28.625102,44.150665],[28.625063,44.150809],[28.625044,44.150847],[28.625022,44.150893],[28.62495,44.150957],[28.624867,44.150999],[28.624858,44.151003],[28.62475,44.151027],[28.624679,44.151036],[28.624605,44.151032],[28.624596,44.151032],[28.624521,44.151021],[28.624477,44.151014],[28.62436,44.151007],[28.624358,44.151007],[28.624253,44.151007],[28.624173,44.151014],[28.624117,44.151024],[28.624084,44.15103],[28.624017,44.151051],[28.623923,44.151087],[28.623903,44.151099],[28.623706,44.15121],[28.623508,44.151321],[28.623311,44.151432],[28.623158,44.151519],[28.623115,44.151544],[28.62292,44.151657],[28.622848,44.1517],[28.622737,44.151765],[28.622726,44.151771],[28.62253,44.151883],[28.622335,44.151995],[28.62232,44.152004],[28.622226,44.15202],[28.622125,44.152081],[28.622078,44.15211],[28.621934,44.152198],[28.621743,44.152314],[28.621552,44.152431],[28.621367,44.152543],[28.621361,44.152547],[28.621169,44.152663],[28.620978,44.15278],[28.620925,44.152812],[28.62082,44.152876],[28.620787,44.152896],[28.620728,44.152932],[28.620686,44.15297],[28.620625,44.153025],[28.620589,44.153058],[28.620584,44.153077],[28.620565,44.153098],[28.620549,44.153106],[28.620524,44.153113],[28.620498,44.153114],[28.62045,44.153136],[28.620252,44.153227],[28.620251,44.153227],[28.620061,44.153345],[28.620053,44.15335],[28.619871,44.153462],[28.619681,44.153579],[28.619647,44.1536],[28.61949,44.153696],[28.6193,44.153814],[28.619215,44.153866],[28.619141,44.153912],[28.61911,44.153931],[28.619034,44.153978],[28.61892,44.154048],[28.618778,44.154136],[28.61873,44.154165],[28.618662,44.154207],[28.61854,44.154283],[28.618497,44.154309],[28.618373,44.154386],[28.618349,44.1544],[28.618159,44.154517],[28.618098,44.154555],[28.618073,44.15457],[28.61797,44.154635],[28.617782,44.154754],[28.617666,44.154828],[28.617594,44.154873],[28.617406,44.154992],[28.617218,44.155111],[28.61703,44.15523],[28.616841,44.155349],[28.616655,44.155467],[28.616653,44.155468],[28.616465,44.155587],[28.616277,44.155706],[28.616237,44.155732],[28.616089,44.155825],[28.615901,44.155944],[28.615713,44.156063],[28.615526,44.156182],[28.615525,44.156182],[28.615337,44.156301],[28.615329,44.156306],[28.615187,44.156437],[28.615113,44.156505],[28.615032,44.156577],[28.614943,44.156657],[28.614889,44.156706],[28.614883,44.156729],[28.614879,44.156747],[28.614862,44.156779],[28.614816,44.156823],[28.61476,44.156851],[28.614714,44.15686],[28.61468,44.156867],[28.614626,44.156864],[28.614572,44.156856],[28.614485,44.156894],[28.614274,44.156987],[28.614228,44.157008],[28.614064,44.157075],[28.613969,44.157114],[28.613869,44.157175],[28.613679,44.157292],[28.613646,44.157313],[28.613563,44.157364],[28.613488,44.157409],[28.613296,44.157525],[28.613104,44.157641],[28.612913,44.157757],[28.612721,44.157873],[28.612529,44.157989],[28.612338,44.158105],[28.612175,44.158204],[28.612146,44.158221],[28.612097,44.158251],[28.612044,44.158315],[28.612009,44.158358],[28.612005,44.158364],[28.611979,44.1584],[28.611952,44.158455],[28.611951,44.158482],[28.611943,44.158508],[28.611926,44.158529],[28.611915,44.158544],[28.611874,44.158572],[28.611822,44.15859],[28.611765,44.158594],[28.611709,44.158586],[28.61167,44.158586],[28.611616,44.158588],[28.611554,44.158597],[28.611452,44.158621],[28.611442,44.158626],[28.611339,44.158676],[28.611235,44.158728],[28.611224,44.158733],[28.611028,44.158829],[28.610871,44.158907],[28.610821,44.158931],[28.610615,44.159033],[28.610443,44.159119],[28.610408,44.159136],[28.610201,44.159237],[28.610035,44.159318],[28.609994,44.159338],[28.609865,44.159402],[28.609787,44.15944],[28.609628,44.159518],[28.60962,44.159523],[28.608244,44.1602],[28.607735,44.160451],[28.607513,44.16056],[28.605698,44.161454],[28.605503,44.16155],[28.605258,44.16167],[28.604882,44.161856],[28.604926,44.16191],[28.605132,44.162165],[28.605974,44.163236],[28.60604,44.163318],[28.606776,44.164268],[28.606913,44.164449],[28.607089,44.164682],[28.607217,44.164858],[28.607241,44.16489],[28.607418,44.165133],[28.607534,44.165293],[28.607557,44.165324],[28.60765,44.165451],[28.60765,44.165452],[28.607769,44.16561],[28.607887,44.165769],[28.607939,44.165838],[28.60801,44.165925],[28.608067,44.165996],[28.608133,44.166082],[28.608253,44.16624],[28.608374,44.166398],[28.608494,44.166556],[28.608615,44.166713],[28.608694,44.166818],[28.608733,44.166872],[28.608847,44.167032],[28.608961,44.167192],[28.609017,44.16727],[28.609072,44.167354],[28.609179,44.167516],[28.609264,44.167644],[28.609284,44.16768],[28.609379,44.167847],[28.609406,44.167893],[28.609465,44.168016],[28.609547,44.168186],[28.60963,44.168355],[28.609633,44.168362],[28.609695,44.16853],[28.609719,44.168594],[28.609754,44.168705],[28.609784,44.168799],[28.609811,44.16888],[28.60987,44.169055],[28.609896,44.169133],[28.609923,44.169232],[28.609961,44.169378],[28.609969,44.169409],[28.610009,44.169587],[28.610018,44.169627],[28.610036,44.169768],[28.610057,44.169935],[28.610057,44.169949],[28.610065,44.170129],[28.61007,44.170246],[28.61006,44.170311],[28.610034,44.170477],[28.610016,44.170589],[28.610018,44.170722],[28.61007,44.170701],[28.610126,44.170693],[28.610181,44.170696],[28.610233,44.170711],[28.610278,44.170738],[28.610306,44.170772],[28.61031,44.170784],[28.610319,44.17081],[28.610315,44.17085],[28.610294,44.170886],[28.610261,44.170915],[28.610206,44.170939],[28.610195,44.170941],[28.610143,44.170948],[28.61008,44.17094],[28.610024,44.170916],[28.610044,44.170995],[28.610073,44.171118],[28.610085,44.171167],[28.610089,44.171289],[28.610094,44.171469],[28.6101,44.171649],[28.610101,44.171692],[28.610107,44.171829],[28.610114,44.172009],[28.610115,44.172031],[28.610187,44.172166],[28.610188,44.172186],[28.610198,44.172366],[28.610204,44.172474],[28.610217,44.172542],[28.610239,44.172659],[28.610261,44.172714],[28.610309,44.172839],[28.610333,44.172884],[28.610398,44.173005],[28.610428,44.17305],[28.61051,44.173175],[28.610539,44.173211],[28.610624,44.17332],[28.610667,44.173365],[28.610732,44.173436],[28.610805,44.173516],[28.610942,44.173666],[28.611063,44.173799],[28.61108,44.173816],[28.611222,44.173964],[28.611365,44.174112],[28.611508,44.17426],[28.611651,44.174408],[28.611793,44.174556],[28.611897,44.174663],[28.611937,44.174703],[28.612064,44.174829],[28.612084,44.174849],[28.61223,44.174995],[28.612376,44.175141],[28.612522,44.175288],[28.612669,44.175434],[28.61272,44.175485],[28.612817,44.175579],[28.612966,44.175723],[28.613116,44.175868],[28.613265,44.176012],[28.613326,44.176071],[28.613424,44.176152],[28.613587,44.176287],[28.61375,44.176422],[28.613755,44.176427],[28.613914,44.176559],[28.614076,44.176693],[28.614173,44.176773],[28.614217,44.17678],[28.614256,44.176795],[28.614286,44.176816],[28.614306,44.176843],[28.614316,44.176872],[28.614315,44.176897],[28.614307,44.176921],[28.614324,44.176939],[28.614465,44.177087],[28.614604,44.177235],[28.614665,44.1773],[28.614744,44.177384],[28.614793,44.177437],[28.614884,44.177533],[28.615008,44.177667],[28.615023,44.177681],[28.615153,44.177804],[28.615174,44.177825],[28.615326,44.177968],[28.615477,44.178111],[28.615628,44.178255],[28.61578,44.178398],[28.61583,44.178446],[28.615932,44.178541],[28.615985,44.178591],[28.616084,44.178684],[28.616236,44.178827],[28.616388,44.17897],[28.61654,44.179114],[28.616692,44.179257],[28.616749,44.179311],[28.616841,44.179402],[28.616988,44.179547],[28.617135,44.179693],[28.617282,44.179839],[28.617309,44.179865],[28.617377,44.179944],[28.617418,44.17999],[28.617547,44.180137],[28.617551,44.180141],[28.617658,44.180263],[28.617685,44.180293],[28.61773,44.180345],[28.617808,44.180449],[28.617901,44.180572],[28.617917,44.180595],[28.617926,44.180607],[28.61804,44.180768],[28.618113,44.180878],[28.618148,44.180929],[28.618257,44.181089],[28.618259,44.181091],[28.618329,44.181194],[28.61837,44.181251],[28.618429,44.181331],[28.618488,44.181409],[28.618532,44.181465],[28.618626,44.181555],[28.618775,44.181699],[28.618844,44.181765],[28.61891,44.181847],[28.619035,44.182003],[28.61916,44.182159],[28.619258,44.182282],[28.619285,44.182314],[28.619414,44.182469],[28.619542,44.182624],[28.61967,44.182778],[28.619754,44.182879],[28.619799,44.182932],[28.619928,44.183086],[28.620058,44.18324],[28.620187,44.183394],[28.620198,44.183407],[28.620251,44.183471],[28.620316,44.183549],[28.620445,44.183703],[28.620574,44.183857],[28.620703,44.184011],[28.620795,44.184121],[28.620832,44.184166],[28.620961,44.18432],[28.621087,44.18447],[28.62109,44.184474],[28.62122,44.184628],[28.621331,44.184759],[28.621349,44.184784],[28.621402,44.184855],[28.62133,44.184878],[28.621402,44.184966],[28.62145,44.185025],[28.621524,44.185123],[28.621642,44.185281],[28.621761,44.18544],[28.621797,44.185489],[28.621864,44.185576],[28.621881,44.185598],[28.622001,44.185756],[28.622122,44.185913],[28.622242,44.186071],[28.622363,44.186229],[28.622449,44.186343],[28.622482,44.186387],[28.622501,44.186411],[28.622512,44.186428],[28.622598,44.186513],[28.622617,44.186539],[28.622737,44.186697],[28.622858,44.186855],[28.622978,44.187013],[28.623098,44.187171],[28.623218,44.187328],[28.623338,44.187486],[28.623383,44.187546],[28.623459,44.187644],[28.623496,44.18769],[28.623587,44.187799],[28.623592,44.187805],[28.623716,44.187953],[28.623845,44.188108],[28.623847,44.18811],[28.623964,44.188265],[28.624083,44.188423],[28.624172,44.188541],[28.624198,44.188581],[28.624306,44.188743],[28.62432,44.188765],[28.624389,44.188909],[28.624471,44.189079],[28.624488,44.189115],[28.624539,44.18925],[28.624557,44.189297],[28.62459,44.189425],[28.624635,44.189601],[28.62465,44.189661],[28.624664,44.189779],[28.624677,44.189886],[28.624677,44.189958],[28.624678,44.190038],[28.624676,44.190138],[28.624674,44.19022],[28.624667,44.19027],[28.624657,44.190315],[28.62462,44.190488],[28.624596,44.190601],[28.624635,44.190593],[28.624676,44.190595],[28.624714,44.190605],[28.624745,44.190625],[28.624757,44.190637],[28.624771,44.190663],[28.624773,44.190691],[28.624762,44.190719],[28.624741,44.190742],[28.624729,44.19075],[28.624699,44.190763],[28.624665,44.19077],[28.624631,44.19077],[28.624597,44.190763],[28.624568,44.190749],[28.624543,44.190998],[28.624537,44.191063],[28.624515,44.191173],[28.62448,44.191351],[28.624467,44.191414],[28.624462,44.191441],[28.624451,44.191503],[28.624446,44.191529],[28.624413,44.191704],[28.624413,44.191708],[28.624394,44.191805],[28.624378,44.191886],[28.624342,44.192064],[28.624306,44.192242],[28.62427,44.19242],[28.624245,44.192542],[28.624234,44.192598],[28.624229,44.192622],[28.624224,44.192648],[28.624203,44.192768],[28.624202,44.192776],[28.624168,44.192954],[28.624135,44.193133],[28.624101,44.193311],[28.624086,44.193391],[28.624068,44.193489],[28.624037,44.193668],[28.624005,44.193846],[28.623973,44.194024],[28.623941,44.194203],[28.623927,44.194283],[28.623922,44.194383],[28.623921,44.194403],[28.623914,44.194562],[28.623908,44.194693],[28.623905,44.194742],[28.623895,44.194921],[28.623886,44.195101],[28.623882,44.195173],[28.62388,44.195208],[28.62388,44.195282],[28.623879,44.195462],[28.623879,44.195641],[28.623879,44.195821],[28.623878,44.196],[28.623878,44.196055],[28.623887,44.196183],[28.623891,44.196244],[28.623897,44.196346],[28.623896,44.196359],[28.623896,44.196532],[28.623926,44.196523],[28.623959,44.19652],[28.623992,44.196523],[28.624017,44.196532],[28.624029,44.196538],[28.62403,44.196539],[28.624039,44.196544],[28.624053,44.196556],[28.624065,44.196574],[28.624071,44.196595],[28.62407,44.196616],[28.624061,44.196636],[28.624046,44.196653],[28.624024,44.196668],[28.624036,44.196719],[28.624075,44.196897],[28.624087,44.196947],[28.624106,44.197006],[28.624126,44.197073],[28.624179,44.197248],[28.624215,44.19737],[28.624235,44.197422],[28.6243,44.197594],[28.624338,44.197695],[28.624372,44.197767],[28.624451,44.197937],[28.624531,44.198107],[28.624539,44.198124],[28.624637,44.198275],[28.624743,44.198438],[28.624829,44.198569],[28.624853,44.1986],[28.624976,44.198755],[28.625046,44.198844],[28.625106,44.19891],[28.625243,44.199061],[28.625319,44.199144],[28.62539,44.199211],[28.625443,44.199262],[28.625548,44.199352],[28.625623,44.199417],[28.625715,44.199488],[28.625861,44.199601],[28.625885,44.199618],[28.62606,44.199744],[28.626162,44.199818],[28.626234,44.199873],[28.626406,44.200003],[28.626579,44.200134],[28.626671,44.200203],[28.626749,44.200269],[28.626851,44.200356],[28.626912,44.200404],[28.627033,44.200498],[28.627081,44.200537],[28.62725,44.200669],[28.627254,44.200673],[28.627419,44.200802],[28.627424,44.200806],[28.627482,44.200851],[28.627588,44.200935],[28.627589,44.200936],[28.627619,44.200959],[28.627762,44.201064],[28.627937,44.201192],[28.628009,44.201245],[28.62811,44.201323],[28.628194,44.201388],[28.628281,44.201453],[28.628454,44.201584],[28.628497,44.201616],[28.628632,44.201709],[28.628688,44.201748],[28.628818,44.201814],[28.62883,44.201821],[28.628885,44.201849],[28.628915,44.201846],[28.628944,44.20185],[28.628971,44.20186],[28.628992,44.201875],[28.629006,44.201894],[28.629012,44.20191],[28.629037,44.201923],[28.629129,44.201967],[28.629187,44.201993],[28.629245,44.202017],[28.629251,44.202019],[28.629283,44.202029],[28.629327,44.202043],[28.629479,44.202088],[28.629497,44.202093],[28.629694,44.202147],[28.629713,44.202152],[28.629865,44.202194],[28.629948,44.202213],[28.630041,44.202235],[28.63019,44.202261],[28.630274,44.202275],[28.630373,44.20229],[28.630435,44.2023],[28.630517,44.202314],[28.630486,44.20242],[28.630485,44.202423],[28.630459,44.202508],[28.630433,44.202596],[28.6304,44.202709],[28.63038,44.202772],[28.630349,44.202866],[28.630337,44.2029],[28.630326,44.202947],[28.630284,44.203124],[28.630244,44.203292],[28.630241,44.203302],[28.630192,44.203478],[28.630142,44.203654],[28.630093,44.203831],[28.63008,44.203875],[28.630043,44.204007],[28.629994,44.204183],[28.629945,44.20436],[28.629896,44.204536],[28.629877,44.204604],[28.62985,44.204712],[28.629807,44.204888],[28.629789,44.204958],[28.629763,44.205065],[28.629719,44.205242],[28.629675,44.205419],[28.629647,44.205536],[28.629633,44.205596],[28.629593,44.205773],[28.629592,44.205778],[28.629557,44.205951],[28.629522,44.206129],[28.629486,44.206307],[28.629462,44.20643],[28.629451,44.206485],[28.629436,44.206561],[28.629416,44.206663],[28.629383,44.206841],[28.629349,44.207019],[28.629315,44.207197],[28.629281,44.207376],[28.629253,44.207526],[28.629247,44.207554],[28.629213,44.207732],[28.62918,44.20791],[28.629146,44.208088],[28.629138,44.208131],[28.629114,44.208266],[28.629084,44.208445],[28.629053,44.208623],[28.629022,44.208802],[28.629015,44.20884],[28.628996,44.208958],[28.628993,44.20898],[28.628967,44.209159],[28.628941,44.209338],[28.628914,44.209517],[28.628888,44.209696],[28.628862,44.209874],[28.628836,44.210053],[28.62881,44.210232],[28.628801,44.210296],[28.628788,44.210411],[28.628767,44.210591],[28.628747,44.21077],[28.628727,44.210949],[28.628706,44.211128],[28.628686,44.211308],[28.628666,44.211487],[28.628646,44.211666],[28.628625,44.211845],[28.628605,44.212024],[28.628592,44.212138],[28.628586,44.212204],[28.628585,44.212215],[28.628572,44.212384],[28.628562,44.212521],[28.628559,44.212563],[28.628546,44.212743],[28.628545,44.212765],[28.628536,44.212923],[28.628527,44.213103],[28.628518,44.213282],[28.628509,44.213462],[28.628499,44.213642],[28.62849,44.213821],[28.628482,44.213975],[28.628481,44.214001],[28.628475,44.214107],[28.62847,44.214181],[28.628457,44.214361],[28.628455,44.214402],[28.628448,44.214487],[28.628445,44.21454],[28.628436,44.214719],[28.628428,44.214898],[28.628427,44.214912],[28.628425,44.215078],[28.628423,44.215257],[28.628421,44.215437],[28.628421,44.215446],[28.628417,44.215617],[28.628416,44.215661],[28.628408,44.215783],[28.628402,44.215794],[28.62838,44.215832],[28.628361,44.215884],[28.628374,44.215934],[28.628399,44.215976],[28.628401,44.215979],[28.628398,44.21603],[28.628397,44.216049],[28.628391,44.216155],[28.628381,44.216334],[28.628376,44.21642],[28.628373,44.216471],[28.628347,44.216508],[28.628312,44.216558],[28.628255,44.216621],[28.628219,44.216663],[28.628217,44.216665],[28.628198,44.216687],[28.628194,44.216691],[28.628173,44.216706],[28.628142,44.216722],[28.628101,44.216735],[28.628072,44.216739],[28.628047,44.216741],[28.628026,44.21674],[28.628019,44.216739],[28.627977,44.216732],[28.627943,44.216719],[28.627878,44.216676],[28.627836,44.216641],[28.627822,44.21663],[28.627682,44.2165],[28.627679,44.216498],[28.627518,44.216363],[28.627379,44.216247],[28.627346,44.21623],[28.627142,44.216126],[28.626939,44.216022],[28.626823,44.215963],[28.626739,44.215908],[28.626639,44.215843],[28.626573,44.215794],[28.626555,44.21578],[28.626547,44.215774],[28.626421,44.215677],[28.626385,44.21565],[28.626238,44.215539],[28.626214,44.215521],[28.626037,44.215395],[28.625859,44.215268],[28.625682,44.215141],[28.625505,44.215015],[28.625413,44.214949],[28.625327,44.214888],[28.625279,44.214853],[28.62515,44.214761],[28.624972,44.214634],[28.624794,44.214507],[28.624617,44.21438],[28.624447,44.214259],[28.624276,44.214137],[28.62427,44.214133],[28.624124,44.214033],[28.624094,44.214012],[28.623912,44.213888],[28.623735,44.213768],[28.623708,44.213773],[28.623686,44.213773],[28.62368,44.213773],[28.623644,44.213764],[28.623614,44.213746],[28.623595,44.213721],[28.62359,44.213695],[28.623597,44.213669],[28.623575,44.213653],[28.623398,44.213529],[28.623219,44.213403],[28.62304,44.213278],[28.622861,44.213152],[28.622733,44.213062],[28.622682,44.213027],[28.622502,44.212901],[28.622323,44.212775],[28.622143,44.212649],[28.621964,44.212524],[28.621785,44.212398],[28.621768,44.212387],[28.621604,44.212273],[28.621422,44.212149],[28.621399,44.212133],[28.621313,44.212074],[28.621241,44.212025],[28.62106,44.2119],[28.620879,44.211776],[28.620818,44.211734],[28.620697,44.211652],[28.620516,44.211527],[28.620335,44.211403],[28.620153,44.211279],[28.620012,44.211182],[28.619972,44.211154],[28.619958,44.211144],[28.619872,44.211086],[28.619828,44.211055],[28.619791,44.21103],[28.619609,44.210906],[28.619428,44.210781],[28.619247,44.210657],[28.619065,44.210533],[28.618941,44.210448],[28.618884,44.210409],[28.618701,44.210286],[28.618518,44.210163],[28.618438,44.210109],[28.618335,44.210039],[28.618153,44.209916],[28.617992,44.209808],[28.61797,44.209793],[28.61779,44.209667],[28.617636,44.20956],[28.617611,44.209542],[28.617433,44.209416],[28.617254,44.209289],[28.617075,44.209163],[28.617066,44.209157],[28.616936,44.209065],[28.616902,44.209042],[28.616729,44.208924],[28.616699,44.208916],[28.616482,44.208858],[28.616463,44.208854],[28.616221,44.208806],[28.616214,44.208805],[28.61597,44.208779],[28.615905,44.208773],[28.615717,44.208774],[28.615599,44.208775],[28.615466,44.208784],[28.6153,44.208797],[28.615216,44.208809],[28.614981,44.208843],[28.614971,44.208845],[28.61473,44.208895],[28.614692,44.208903],[28.614594,44.208931],[28.614514,44.208963],[28.614485,44.208974],[28.614358,44.209038],[28.614342,44.209051],[28.614179,44.209186],[28.614018,44.209309],[28.613846,44.20944],[28.613815,44.209464],[28.613671,44.209568],[28.613494,44.209695],[28.613317,44.209823],[28.613199,44.209908],[28.61314,44.20995],[28.612962,44.210077],[28.612919,44.210108],[28.612786,44.210205],[28.61261,44.210334],[28.612435,44.210462],[28.612259,44.210591],[28.612084,44.210719],[28.611982,44.210794],[28.611908,44.210847],[28.611731,44.210975],[28.611685,44.211009],[28.61163,44.211048],[28.611554,44.211102],[28.611377,44.21123],[28.6112,44.211357],[28.611023,44.211484],[28.610845,44.211611],[28.610668,44.211739],[28.610623,44.211771],[28.610581,44.211802],[28.610492,44.211867],[28.610317,44.211995],[28.610141,44.212124],[28.609965,44.212252],[28.60979,44.21238],[28.609694,44.21245],[28.609646,44.212529],[28.609589,44.212622],[28.609506,44.212684],[28.609331,44.212813],[28.609156,44.212942],[28.608982,44.213071],[28.608807,44.213201],[28.608717,44.213267],[28.608653,44.213321],[28.608625,44.213345],[28.608531,44.213433],[28.608506,44.213467],[28.60847,44.213517],[28.608414,44.213626],[28.608411,44.213634],[28.608348,44.213808],[28.608333,44.213848],[28.608262,44.213978],[28.608252,44.213996],[28.608151,44.214137],[28.608144,44.214143],[28.607983,44.214279],[28.607922,44.214331],[28.607829,44.214421],[28.607761,44.214487],[28.607791,44.214528],[28.607799,44.214573],[28.607795,44.214585],[28.607784,44.214618],[28.607749,44.214656],[28.607697,44.214684],[28.607635,44.214696],[28.607632,44.214696],[28.607571,44.214693],[28.607513,44.214674],[28.607467,44.214642],[28.607444,44.214608],[28.607443,44.214603],[28.607434,44.214571],[28.60744,44.214534],[28.60746,44.214499],[28.607493,44.21447],[28.607407,44.214413],[28.607381,44.214396],[28.607235,44.214293],[28.607055,44.214168],[28.607051,44.214165],[28.606979,44.214106],[28.606941,44.214044],[28.606943,44.214015],[28.606945,44.213983],[28.606967,44.213929],[28.607003,44.213879],[28.607041,44.213855],[28.607068,44.213838],[28.607222,44.213747],[28.607233,44.21374],[28.607315,44.213687],[28.607413,44.213613],[28.607416,44.213611],[28.607563,44.213466],[28.607569,44.21346],[28.607664,44.213323],[28.607665,44.213285],[28.607666,44.213276],[28.607668,44.213196],[28.607669,44.213145],[28.607641,44.213108],[28.607641,44.213108],[28.607629,44.21306],[28.607639,44.213011],[28.607664,44.212976],[28.607671,44.212967],[28.607704,44.212942],[28.607756,44.212834],[28.607768,44.21281],[28.607781,44.212783],[28.607719,44.212711],[28.607597,44.212627],[28.607478,44.212546],[28.607416,44.212503],[28.607235,44.212379],[28.607054,44.212255],[28.606873,44.21213],[28.606692,44.212006],[28.606511,44.211882],[28.60633,44.211757],[28.606149,44.211633],[28.605991,44.211525]]},"properties":{"line":"13","dir":"0","headsign":"Carrefour","mode":"bus","color":"#0059a9"}},{"type":"Feature","geometry":{"type":"LineString","coordinates":[[28.605991,44.211525],[28.605811,44.211401],[28.605768,44.211372],[28.605768,44.211372],[28.605798,44.211392],[28.605979,44.211517],[28.606161,44.211641],[28.606342,44.211766],[28.606523,44.21189],[28.606704,44.212014],[28.606885,44.212139],[28.607067,44.212263],[28.607248,44.212387],[28.607429,44.212512],[28.607478,44.212546],[28.60761,44.212636],[28.607719,44.212711],[28.607771,44.212772],[28.607781,44.212783],[28.607816,44.212814],[28.607889,44.212879],[28.607925,44.212912],[28.607942,44.212927],[28.60799,44.212954],[28.608023,44.212987],[28.608042,44.213024],[28.608047,44.213064],[28.608041,44.213093],[28.608148,44.213193],[28.608195,44.213223],[28.608249,44.213238],[28.608313,44.213239],[28.608372,44.213226],[28.608411,44.213212],[28.608419,44.21321],[28.608575,44.213155],[28.608636,44.213111],[28.608812,44.212983],[28.608988,44.212855],[28.609164,44.212727],[28.60934,44.212599],[28.609517,44.212471],[28.609693,44.212343],[28.609869,44.212215],[28.610045,44.212087],[28.610221,44.211959],[28.610397,44.211831],[28.610574,44.211703],[28.61075,44.211575],[28.610761,44.211566],[28.610927,44.211448],[28.611105,44.211321],[28.611239,44.211226],[28.611283,44.211196],[28.611413,44.211107],[28.611465,44.21107],[28.611642,44.210943],[28.611819,44.210816],[28.611996,44.210688],[28.612174,44.210561],[28.612351,44.210434],[28.612528,44.210306],[28.612705,44.210179],[28.612746,44.21015],[28.612881,44.210051],[28.613057,44.209923],[28.613233,44.209794],[28.61329,44.209753],[28.613409,44.209666],[28.613453,44.209634],[28.613586,44.209539],[28.613764,44.209413],[28.613795,44.209391],[28.613938,44.209282],[28.613948,44.209275],[28.614096,44.209156],[28.614098,44.209154],[28.614255,44.209017],[28.614285,44.208991],[28.61441,44.208876],[28.614489,44.208804],[28.614568,44.208736],[28.614672,44.208647],[28.614729,44.208599],[28.614892,44.208462],[28.615043,44.208337],[28.615055,44.208326],[28.615213,44.208186],[28.615372,44.208047],[28.615414,44.208009],[28.615492,44.208065],[28.615569,44.207997],[28.615795,44.20816],[28.615971,44.208288],[28.615983,44.208297],[28.616145,44.208418],[28.616318,44.208548],[28.616492,44.208678],[28.616572,44.208738],[28.616668,44.208805],[28.616848,44.20893],[28.616947,44.208999],[28.617028,44.209056],[28.617206,44.209182],[28.617285,44.209238],[28.617385,44.209308],[28.617565,44.209434],[28.617621,44.209473],[28.617744,44.209559],[28.617896,44.209666],[28.617924,44.209685],[28.618104,44.209809],[28.618285,44.209934],[28.618466,44.210058],[28.618647,44.210183],[28.618828,44.210308],[28.619009,44.210432],[28.61919,44.210557],[28.619218,44.210577],[28.619369,44.210683],[28.619549,44.210808],[28.619728,44.210934],[28.61985,44.211019],[28.619908,44.21106],[28.619942,44.211084],[28.620086,44.211186],[28.620264,44.211313],[28.620352,44.211375],[28.620444,44.211438],[28.620625,44.211563],[28.620806,44.211688],[28.620986,44.211812],[28.621167,44.211937],[28.621348,44.212062],[28.621529,44.212186],[28.62171,44.212311],[28.621891,44.212435],[28.622072,44.21256],[28.622253,44.212685],[28.622333,44.21274],[28.622433,44.212809],[28.622613,44.212934],[28.622786,44.213054],[28.622967,44.213179],[28.623147,44.213304],[28.623327,44.213429],[28.623341,44.213438],[28.623509,44.213546],[28.623522,44.213552],[28.62368,44.213622],[28.623717,44.213623],[28.623736,44.213628],[28.623755,44.213634],[28.623784,44.213655],[28.6238,44.213683],[28.623801,44.213704],[28.623871,44.213754],[28.624048,44.213881],[28.624098,44.213917],[28.624131,44.21394],[28.624226,44.214008],[28.624318,44.214073],[28.624405,44.214134],[28.624571,44.214251],[28.624749,44.214378],[28.624928,44.214504],[28.625106,44.214631],[28.625166,44.214673],[28.625284,44.214757],[28.625463,44.214883],[28.625641,44.21501],[28.625819,44.215136],[28.625997,44.215262],[28.626176,44.215388],[28.626251,44.215441],[28.626352,44.215518],[28.626499,44.215628],[28.626524,44.215646],[28.626674,44.215753],[28.626714,44.215761],[28.626889,44.215798],[28.626954,44.215811],[28.626971,44.215814],[28.627202,44.215833],[28.627203,44.215833],[28.627395,44.215806],[28.627448,44.215799],[28.627463,44.215841],[28.627465,44.215846],[28.627469,44.215856],[28.627701,44.215864],[28.627783,44.215866],[28.627951,44.215875],[28.62816,44.215886],[28.628199,44.215874],[28.628225,44.215866],[28.628266,44.215839],[28.628307,44.215781],[28.62831,44.215721],[28.628319,44.215542],[28.628321,44.215511],[28.628328,44.215363],[28.62833,44.215334],[28.628335,44.215184],[28.628341,44.215004],[28.628347,44.214825],[28.628353,44.214645],[28.628359,44.214465],[28.628361,44.2144],[28.628365,44.214285],[28.628371,44.214106],[28.628373,44.214053],[28.628379,44.213926],[28.628389,44.213746],[28.628398,44.213566],[28.628408,44.213386],[28.628418,44.213207],[28.628427,44.213027],[28.628437,44.212847],[28.628441,44.212762],[28.628455,44.212666],[28.628456,44.212656],[28.628472,44.212488],[28.628488,44.212308],[28.628505,44.212129],[28.628515,44.212018],[28.628521,44.211949],[28.628522,44.211933],[28.62854,44.21177],[28.62856,44.211591],[28.628581,44.211412],[28.628601,44.211232],[28.628621,44.211053],[28.628641,44.210874],[28.628661,44.210695],[28.628681,44.210515],[28.628696,44.21038],[28.628703,44.210335],[28.628711,44.210283],[28.628729,44.210157],[28.628754,44.209978],[28.628779,44.209799],[28.628804,44.20962],[28.628829,44.209441],[28.628854,44.209262],[28.628862,44.209206],[28.628882,44.209084],[28.628904,44.20895],[28.628911,44.208906],[28.62894,44.208727],[28.62897,44.208548],[28.628999,44.20837],[28.629021,44.208239],[28.629029,44.208191],[28.629059,44.208014],[28.629059,44.208012],[28.629092,44.207834],[28.629125,44.207656],[28.629158,44.207477],[28.629191,44.207299],[28.629224,44.207121],[28.629257,44.206943],[28.62929,44.206764],[28.629323,44.206586],[28.629338,44.206503],[28.629354,44.20643],[28.629359,44.206407],[28.629397,44.20623],[28.629435,44.206052],[28.629474,44.205874],[28.629496,44.205771],[28.629513,44.205696],[28.629538,44.205594],[28.629556,44.205519],[28.629599,44.205342],[28.629642,44.205164],[28.629685,44.204987],[28.629728,44.20481],[28.629732,44.204792],[28.629774,44.204633],[28.629821,44.204457],[28.629867,44.204281],[28.629914,44.204105],[28.62996,44.203929],[28.629975,44.203872],[28.630005,44.203753],[28.630048,44.203578],[28.630062,44.20352],[28.630091,44.203402],[28.630127,44.203257],[28.630134,44.203225],[28.630178,44.203048],[28.63018,44.20304],[28.630221,44.202871],[28.63024,44.202794],[28.630242,44.20274],[28.630241,44.2027],[28.63024,44.202668],[28.630226,44.202623],[28.63022,44.202604],[28.630181,44.202548],[28.630146,44.202499],[28.630074,44.202412],[28.630061,44.2024],[28.629994,44.202338],[28.629876,44.202306],[28.62979,44.202284],[28.629645,44.202236],[28.629417,44.202162],[28.629313,44.202128],[28.629209,44.202089],[28.62919,44.202081],[28.629068,44.202035],[28.629021,44.202015],[28.628968,44.201992],[28.628955,44.201986],[28.628929,44.201992],[28.628901,44.201993],[28.628873,44.201988],[28.628848,44.201978],[28.628828,44.201964],[28.628815,44.201947],[28.628814,44.201945],[28.628808,44.201925],[28.628808,44.201912],[28.628651,44.201829],[28.628609,44.201807],[28.628463,44.201702],[28.628428,44.201677],[28.628283,44.201578],[28.628101,44.201455],[28.628096,44.201452],[28.62792,44.20133],[28.62784,44.201276],[28.627739,44.201206],[28.627558,44.201081],[28.627444,44.201001],[28.627378,44.200956],[28.627328,44.200921],[28.627203,44.200825],[28.627032,44.200693],[28.626898,44.20059],[28.626861,44.200562],[28.626711,44.200448],[28.626688,44.20043],[28.626528,44.200295],[28.626525,44.200293],[28.626361,44.200157],[28.626218,44.200038],[28.626197,44.200021],[28.626033,44.199885],[28.625869,44.199749],[28.625704,44.199614],[28.625603,44.19953],[28.625565,44.199499],[28.625541,44.199477],[28.625387,44.199335],[28.625331,44.199283],[28.625236,44.199192],[28.625087,44.199047],[28.625053,44.199015],[28.624954,44.198897],[28.62489,44.198822],[28.624829,44.198743],[28.624712,44.198592],[28.624711,44.198589],[28.624617,44.198423],[28.624581,44.198359],[28.624518,44.198256],[28.624447,44.19814],[28.624423,44.198093],[28.624336,44.197925],[28.624336,44.197924],[28.624265,44.197754],[28.62425,44.197716],[28.624194,44.197582],[28.624179,44.197547],[28.624133,44.197409],[28.624075,44.197234],[28.62405,44.197159],[28.624022,44.19706],[28.624013,44.197031],[28.62398,44.196886],[28.623938,44.196709],[28.623932,44.196681],[28.623902,44.196673],[28.623877,44.196659],[28.623855,44.196637],[28.623844,44.196612],[28.623846,44.196585],[28.623855,44.196566],[28.623856,44.196564],[28.623873,44.196546],[28.623896,44.196532],[28.623896,44.196373],[28.623897,44.196346],[28.623891,44.196244],[28.623888,44.19619],[28.623878,44.196055],[28.623878,44.196014],[28.623879,44.195836],[28.623879,44.195657],[28.623879,44.195477],[28.62388,44.195297],[28.62388,44.195208],[28.623882,44.195173],[28.623885,44.195118],[28.623895,44.194938],[28.623904,44.194759],[28.623908,44.194693],[28.623913,44.194579],[28.623921,44.194403],[28.623921,44.194399],[28.623927,44.194283],[28.623938,44.194221],[28.62397,44.194043],[28.624001,44.193865],[28.624033,44.193686],[28.624065,44.193508],[28.624086,44.193391],[28.624098,44.19333],[28.624131,44.193152],[28.624165,44.192973],[28.624198,44.192795],[28.624203,44.192768],[28.624224,44.192648],[28.624229,44.192622],[28.62423,44.192617],[28.624245,44.192542],[28.624266,44.192439],[28.624302,44.192261],[28.624338,44.192083],[28.624374,44.191905],[28.624394,44.191805],[28.624409,44.191727],[28.624413,44.191704],[28.624443,44.191549],[28.624451,44.191503],[28.624462,44.191441],[28.624467,44.191414],[28.624476,44.191371],[28.624511,44.191193],[28.624537,44.191063],[28.624542,44.191013],[28.624559,44.190834],[28.624568,44.190749],[28.624553,44.190738],[28.624533,44.190712],[28.624525,44.190684],[28.62453,44.190657],[28.62453,44.190655],[28.624549,44.190629],[28.624578,44.190609],[28.624596,44.190601],[28.624618,44.190497],[28.624656,44.190321],[28.624667,44.19027],[28.624674,44.19022],[28.624676,44.19014],[28.624678,44.190038],[28.624677,44.18996],[28.624677,44.189886],[28.624664,44.189778],[28.62465,44.189661],[28.624634,44.189597],[28.624589,44.189421],[28.624557,44.189297],[28.624537,44.189244],[28.624488,44.189115],[28.624467,44.18907],[28.624385,44.188901],[28.62432,44.188765],[28.624298,44.188732],[28.624191,44.18857],[28.624172,44.188541],[28.624074,44.188411],[28.623955,44.188253],[28.623847,44.18811],[28.623834,44.188095],[28.623705,44.18794],[28.623592,44.187805],[28.623576,44.187786],[28.623496,44.18769],[28.62345,44.187631],[28.623383,44.187546],[28.623328,44.187474],[28.623208,44.187316],[28.623088,44.187158],[28.622968,44.187],[28.622848,44.186842],[28.622728,44.186685],[28.622608,44.186527],[28.622598,44.186513],[28.622512,44.186428],[28.622501,44.186411],[28.622473,44.186375],[28.622449,44.186343],[28.622353,44.186217],[28.622233,44.186059],[28.622112,44.185901],[28.621992,44.185743],[28.621871,44.185586],[28.621864,44.185576],[28.621797,44.185489],[28.621751,44.185428],[28.621633,44.185269],[28.621515,44.185111],[28.62145,44.185025],[28.621391,44.184953],[28.62133,44.184878],[28.62117,44.184831],[28.621155,44.184827],[28.621041,44.184689],[28.620914,44.184534],[28.620794,44.184389],[28.620787,44.184379],[28.62066,44.184224],[28.620533,44.184069],[28.620407,44.183914],[28.620377,44.183878],[28.62028,44.183759],[28.620153,44.183604],[28.620026,44.183449],[28.619899,44.183294],[28.619772,44.183139],[28.619713,44.183066],[28.619646,44.182984],[28.619519,44.182828],[28.619392,44.182673],[28.619265,44.182518],[28.619245,44.182494],[28.619138,44.182363],[28.619011,44.182208],[28.618953,44.182137],[28.618893,44.182051],[28.618801,44.18192],[28.618783,44.181891],[28.618687,44.181728],[28.61859,44.181563],[28.618532,44.181465],[28.61848,44.181397],[28.618429,44.181331],[28.618363,44.18124],[28.618329,44.181194],[28.618257,44.181089],[28.618252,44.181081],[28.618142,44.18092],[28.618113,44.180878],[28.61804,44.180768],[28.618032,44.180757],[28.617918,44.180597],[28.617917,44.180595],[28.617901,44.180572],[28.617799,44.180437],[28.61773,44.180345],[28.617672,44.180278],[28.617658,44.180263],[28.617547,44.180137],[28.617538,44.180126],[28.617404,44.179974],[28.617377,44.179944],[28.617309,44.179865],[28.617265,44.179821],[28.617118,44.179676],[28.616971,44.17953],[28.616823,44.179384],[28.616749,44.179311],[28.616673,44.179239],[28.616521,44.179096],[28.61637,44.178953],[28.616218,44.17881],[28.616066,44.178667],[28.615985,44.178591],[28.615913,44.178524],[28.61583,44.178446],[28.615762,44.178381],[28.61561,44.178237],[28.615459,44.178094],[28.615307,44.177951],[28.615156,44.177807],[28.615153,44.177804],[28.615008,44.177667],[28.614996,44.177659],[28.614994,44.177657],[28.614905,44.177589],[28.614831,44.177529],[28.614711,44.177434],[28.614663,44.177396],[28.614496,44.177262],[28.61433,44.17713],[28.614155,44.17699],[28.614121,44.176986],[28.614089,44.176976],[28.614059,44.17696],[28.614036,44.176939],[28.61402,44.176914],[28.61402,44.176914],[28.614014,44.176888],[28.614015,44.176866],[28.614022,44.176846],[28.613936,44.176753],[28.613799,44.176605],[28.613733,44.176534],[28.613696,44.176494],[28.613662,44.176456],[28.61353,44.176304],[28.613397,44.176152],[28.613326,44.176071],[28.613253,44.176001],[28.613104,44.175856],[28.612954,44.175712],[28.612805,44.175567],[28.61272,44.175485],[28.612657,44.175423],[28.612511,44.175276],[28.612365,44.17513],[28.612219,44.174984],[28.612073,44.174838],[28.612064,44.174829],[28.611926,44.174692],[28.611897,44.174663],[28.611783,44.174545],[28.61164,44.174397],[28.611497,44.174249],[28.611355,44.174101],[28.611212,44.173953],[28.611069,44.173806],[28.611063,44.173799],[28.610933,44.173656],[28.610796,44.173506],[28.610732,44.173436],[28.610657,44.173355],[28.610624,44.17332],[28.610534,44.173204],[28.61051,44.173175],[28.610426,44.173047],[28.610398,44.173005],[28.610334,44.172886],[28.610309,44.172839],[28.610263,44.172719],[28.610239,44.172659],[28.610219,44.172551],[28.610204,44.172474],[28.610199,44.172379],[28.610189,44.172199],[28.610187,44.172166],[28.610115,44.172031],[28.610115,44.172022],[28.610107,44.171842],[28.610101,44.171692],[28.6101,44.171663],[28.610095,44.171484],[28.610089,44.171307],[28.610085,44.171167],[28.610074,44.17112],[28.610044,44.170995],[28.610033,44.170952],[28.610024,44.170916],[28.609986,44.170881],[28.609986,44.170881],[28.609968,44.170843],[28.609966,44.170807],[28.609974,44.170773],[28.60999,44.170752],[28.610018,44.170722],[28.610017,44.170674],[28.610016,44.170589],[28.61003,44.170501],[28.610058,44.170324],[28.61007,44.170246],[28.610065,44.170138],[28.610058,44.169958],[28.610057,44.169935],[28.610036,44.169775],[28.610018,44.169627],[28.61001,44.169591],[28.60997,44.169414],[28.609961,44.169378],[28.609924,44.169236],[28.609896,44.169133],[28.609871,44.169057],[28.609812,44.168883],[28.609784,44.168799],[28.609755,44.168708],[28.609719,44.168594],[28.609696,44.168532],[28.609633,44.168362],[28.609629,44.168355],[28.609547,44.168185],[28.609465,44.168015],[28.609406,44.167893],[28.609378,44.167844],[28.609283,44.167678],[28.609264,44.167644],[28.609177,44.167513],[28.60907,44.16735],[28.609017,44.16727],[28.608958,44.167188],[28.608844,44.167028],[28.60873,44.166868],[28.608694,44.166818],[28.608611,44.166708],[28.60849,44.166551],[28.60837,44.166393],[28.60825,44.166235],[28.608129,44.166077],[28.608067,44.165996],[28.608005,44.16592],[28.607939,44.165838],[28.607884,44.165764],[28.607765,44.165606],[28.60765,44.165451],[28.607647,44.165448],[28.607557,44.165324],[28.607531,44.165288],[28.607415,44.165129],[28.607329,44.165011],[28.607241,44.16489],[28.607217,44.164858],[28.607089,44.164682],[28.606913,44.164449],[28.606776,44.164268],[28.60604,44.163318],[28.605974,44.163236],[28.605132,44.162165],[28.604882,44.161856],[28.604882,44.161856],[28.605037,44.161779],[28.605243,44.161678],[28.605258,44.16167],[28.60545,44.161576],[28.605503,44.16155],[28.605656,44.161474],[28.605698,44.161454],[28.605863,44.161373],[28.606069,44.161271],[28.606276,44.161169],[28.606483,44.161067],[28.606689,44.160966],[28.606895,44.160864],[28.607101,44.160763],[28.607306,44.160662],[28.607512,44.160561],[28.607513,44.16056],[28.607718,44.160459],[28.607735,44.160451],[28.607925,44.160357],[28.608132,44.160255],[28.608244,44.1602],[28.608339,44.160154],[28.608545,44.160052],[28.608752,44.15995],[28.608959,44.159848],[28.609166,44.159746],[28.609373,44.159644],[28.609579,44.159543],[28.60962,44.159523],[28.609786,44.159441],[28.609865,44.159402],[28.609993,44.159339],[28.610035,44.159318],[28.6102,44.159237],[28.610407,44.159136],[28.610443,44.159119],[28.610614,44.159034],[28.61082,44.158932],[28.610871,44.158907],[28.611027,44.15883],[28.611224,44.158733],[28.611234,44.158728],[28.611339,44.158676],[28.611428,44.158632],[28.611452,44.158621],[28.611523,44.158564],[28.611568,44.158512],[28.611591,44.158457],[28.611597,44.158441],[28.611614,44.158406],[28.611648,44.158374],[28.611693,44.158351],[28.611727,44.158343],[28.611747,44.158339],[28.611801,44.158339],[28.611885,44.158326],[28.611956,44.158306],[28.611981,44.158298],[28.612097,44.158251],[28.612174,44.158204],[28.612175,44.158204],[28.612366,44.158088],[28.612557,44.157972],[28.612749,44.157856],[28.612941,44.15774],[28.613132,44.157624],[28.613324,44.157508],[28.613516,44.157392],[28.613563,44.157364],[28.613646,44.157313],[28.613707,44.157275],[28.613897,44.157158],[28.613969,44.157114],[28.614075,44.157021],[28.614158,44.15695],[28.614233,44.156885],[28.614373,44.156763],[28.614392,44.156747],[28.61443,44.156714],[28.614434,44.156673],[28.614462,44.15662],[28.614496,44.156591],[28.614514,44.156577],[28.614587,44.156548],[28.614632,44.156541],[28.614707,44.156544],[28.614709,44.156544],[28.614732,44.15655],[28.614928,44.15647],[28.615018,44.156433],[28.615141,44.156383],[28.615329,44.156306],[28.615362,44.156285],[28.615526,44.156182],[28.61555,44.156166],[28.615738,44.156047],[28.615927,44.155928],[28.616115,44.155809],[28.616237,44.155732],[28.616303,44.15569],[28.616491,44.155571],[28.616655,44.155467],[28.616679,44.155452],[28.616867,44.155333],[28.617055,44.155214],[28.617243,44.155095],[28.617431,44.154976],[28.617619,44.154857],[28.617666,44.154828],[28.617807,44.154738],[28.617996,44.154619],[28.618073,44.15457],[28.618098,44.154555],[28.618185,44.154502],[28.618373,44.154386],[28.618374,44.154385],[28.618497,44.154309],[28.618564,44.154267],[28.618662,44.154207],[28.618755,44.15415],[28.618778,44.154136],[28.618945,44.154033],[28.619034,44.153978],[28.619135,44.153916],[28.619141,44.153912],[28.619215,44.153866],[28.619325,44.153798],[28.619515,44.153681],[28.619647,44.1536],[28.619705,44.153564],[28.619895,44.153447],[28.620053,44.15335],[28.620085,44.15333],[28.620252,44.153227],[28.620288,44.153193],[28.620306,44.153177],[28.620429,44.153063],[28.620431,44.153044],[28.62044,44.153027],[28.620456,44.153012],[28.620479,44.153003],[28.620505,44.152999],[28.62053,44.153001],[28.620599,44.152977],[28.620728,44.152932],[28.62082,44.152876],[28.620925,44.152812],[28.621011,44.15276],[28.621202,44.152643],[28.621367,44.152543],[28.621394,44.152527],[28.621585,44.15241],[28.621776,44.152294],[28.621967,44.152178],[28.622078,44.15211],[28.622157,44.152062],[28.622226,44.15202],[28.622248,44.151963],[28.622315,44.151912],[28.622487,44.151781],[28.622593,44.1517],[28.622661,44.151657],[28.622848,44.151537],[28.62303,44.151421],[28.623035,44.151418],[28.623182,44.151328],[28.623226,44.151301],[28.623416,44.151185],[28.623607,44.151068],[28.623798,44.150951],[28.623989,44.150834],[28.62417,44.150723],[28.624233,44.150685],[28.623962,44.150402],[28.623754,44.150184],[28.623668,44.150094],[28.62356,44.14998],[28.623007,44.149403],[28.621981,44.148328],[28.621794,44.148135],[28.621726,44.148064],[28.621667,44.148001],[28.621588,44.147916],[28.621538,44.147862],[28.621397,44.147713],[28.621257,44.147564],[28.621116,44.147415],[28.621088,44.147386],[28.621007,44.147293],[28.620982,44.147265],[28.620851,44.14712],[28.620846,44.147114],[28.620727,44.14698],[28.62071,44.146962],[28.620589,44.146828],[28.620546,44.146808],[28.620498,44.146786],[28.620416,44.14669],[28.620405,44.146677],[28.62028,44.146521],[28.620155,44.146366],[28.62003,44.146211],[28.619905,44.146056],[28.61978,44.1459],[28.619735,44.145844],[28.619655,44.145745],[28.61956,44.145628],[28.61955,44.145553],[28.61955,44.145553],[28.619464,44.145404],[28.619369,44.145237],[28.619274,44.145071],[28.619179,44.144905],[28.619165,44.144881],[28.619093,44.144736],[28.61901,44.144567],[28.618926,44.144399],[28.618842,44.14423],[28.618758,44.14406],[28.618687,44.143918],[28.618674,44.143891],[28.61859,44.143721],[28.618506,44.143552],[28.618423,44.143382],[28.618339,44.143213],[28.618256,44.143045],[28.618255,44.143043],[28.61819,44.142914],[28.61819,44.142914],[28.618379,44.142858],[28.618658,44.142773],[28.621856,44.141798],[28.622341,44.141651],[28.622503,44.141613],[28.62246,44.141533],[28.622447,44.141506],[28.622376,44.141363],[28.622292,44.141194],[28.622208,44.141024],[28.622124,44.140855],[28.62204,44.140685],[28.622003,44.14061],[28.621956,44.140516],[28.621918,44.140438],[28.621867,44.140335],[28.621725,44.140048],[28.621459,44.13951],[28.621258,44.139097],[28.62105,44.13866],[28.62092,44.138394],[28.620788,44.138128],[28.620749,44.138052],[28.620741,44.138037],[28.620658,44.137861],[28.620645,44.137836],[28.620464,44.137483],[28.620429,44.137412],[28.620016,44.136546],[28.619429,44.135328],[28.619293,44.135038],[28.619254,44.13496],[28.619118,44.134699],[28.619089,44.134642],[28.61903,44.134531],[28.618943,44.134362],[28.618855,44.134194],[28.618767,44.134025],[28.61868,44.133856],[28.618592,44.133688],[28.618505,44.133519],[28.618417,44.133351],[28.618329,44.133182],[28.618283,44.133093],[28.618242,44.133014],[28.618154,44.132845],[28.618066,44.132677],[28.617979,44.132508],[28.617916,44.132388],[28.617891,44.13234],[28.617803,44.132171],[28.617718,44.132008],[28.61771,44.131998],[28.617649,44.131926],[28.617592,44.131876],[28.617547,44.131861],[28.617544,44.13186],[28.617501,44.131836],[28.617466,44.131802],[28.617444,44.131759],[28.617444,44.13171],[28.617444,44.131702],[28.617465,44.131657],[28.617508,44.131617],[28.617559,44.131593],[28.617563,44.13159],[28.617644,44.131576],[28.617724,44.131585],[28.617775,44.131603],[28.617904,44.131629],[28.617993,44.131636],[28.618026,44.131634],[28.618153,44.131628],[28.618276,44.131621],[28.6183,44.13162],[28.618339,44.131616],[28.618526,44.1316],[28.618605,44.131593],[28.618775,44.131578],[28.619024,44.131556],[28.619273,44.131534],[28.619522,44.131512],[28.619688,44.131497],[28.619771,44.13149],[28.62002,44.131468],[28.620062,44.131464],[28.620137,44.131536],[28.620173,44.131584],[28.620219,44.131644],[28.620271,44.131754],[28.620352,44.131924],[28.620426,44.13208],[28.620433,44.132095],[28.620511,44.132266],[28.62059,44.132436],[28.620669,44.132607],[28.62067,44.132609],[28.620729,44.13271],[28.62078,44.132754],[28.620818,44.132786],[28.620934,44.132848],[28.620961,44.132859],[28.620995,44.132873],[28.621038,44.13285],[28.62109,44.132839],[28.621144,44.13284],[28.621196,44.132853],[28.621216,44.132864],[28.621239,44.132876],[28.621254,44.132891],[28.62127,44.132908],[28.621287,44.132948],[28.621285,44.13299],[28.621263,44.133029],[28.621225,44.133061],[28.621193,44.133074],[28.621174,44.133082],[28.621116,44.13309],[28.621058,44.133084],[28.621006,44.133064],[28.620981,44.133148],[28.62097,44.133181],[28.62097,44.133281],[28.620975,44.13331],[28.620994,44.133427],[28.62102,44.133485],[28.621052,44.133555],[28.621098,44.133655],[28.621113,44.13369],[28.621171,44.133817],[28.621174,44.133828],[28.621191,44.133878]]},"properties":{"line":"13","dir":"1","headsign":"Auchan (C.L.)","mode":"bus","color":"#0059a9"}},{"type":"Feature","geometry":{"type":"LineString","coordinates":[[28.587342,44.158942],[28.587487,44.158956],[28.587591,44.158966],[28.587839,44.158991],[28.588087,44.159015],[28.588336,44.159039],[28.588584,44.159064],[28.588731,44.159078],[28.588832,44.159089],[28.58908,44.159116],[28.589328,44.159142],[28.589576,44.159169],[28.589825,44.159195],[28.590073,44.159222],[28.590211,44.159236],[28.590321,44.159248],[28.590449,44.159261],[28.590569,44.159273],[28.590818,44.159298],[28.591066,44.159324],[28.591176,44.159335],[28.591224,44.15934],[28.591314,44.15935],[28.591357,44.159354],[28.591562,44.159376],[28.59181,44.159403],[28.592059,44.159429],[28.592307,44.159455],[28.592401,44.159466],[28.592555,44.159482],[28.592723,44.1595],[28.592795,44.159507],[28.592803,44.159508],[28.593051,44.159535],[28.593299,44.159561],[28.593426,44.159574],[28.593548,44.159587],[28.593669,44.159599],[28.593785,44.159612],[28.593795,44.159613],[28.594043,44.159641],[28.594162,44.159654],[28.594292,44.159668],[28.59454,44.159694],[28.594788,44.159721],[28.595036,44.159747],[28.595284,44.159774],[28.595532,44.1598],[28.59578,44.159827],[28.596029,44.159853],[28.5961,44.159861],[28.596277,44.15988],[28.596318,44.159884],[28.596526,44.159905],[28.596681,44.15992],[28.596776,44.159928],[28.596952,44.159944],[28.597025,44.15995],[28.597274,44.159971],[28.597462,44.159988],[28.597528,44.15999],[28.597778,44.159998],[28.598003,44.160006],[28.598031,44.160006],[28.598281,44.160009],[28.598532,44.160012],[28.598541,44.160012],[28.598788,44.160004],[28.598971,44.159997],[28.599038,44.159995],[28.599289,44.159986],[28.59931,44.159986],[28.599544,44.159964],[28.599792,44.159942],[28.600041,44.159919],[28.600073,44.159916],[28.600292,44.159884],[28.600538,44.159848],[28.600758,44.159815],[28.600785,44.15981],[28.600937,44.159784],[28.601029,44.159768],[28.601272,44.159725],[28.601275,44.159725],[28.601483,44.159688],[28.601515,44.159683],[28.60168,44.159656],[28.60176,44.159643],[28.601917,44.159618],[28.602002,44.159611],[28.602208,44.159595],[28.602248,44.159597],[28.602441,44.159605],[28.602494,44.159616],[28.602733,44.159671],[28.60279,44.159684],[28.602955,44.159751],[28.603075,44.159799],[28.60316,44.159852],[28.603345,44.159968],[28.603349,44.159973],[28.603494,44.160119],[28.603505,44.16013],[28.603621,44.160275],[28.603745,44.160432],[28.603869,44.160588],[28.603993,44.160744],[28.604113,44.160894],[28.604117,44.160899],[28.604236,44.161057],[28.604277,44.161112],[28.604343,44.161198],[28.604358,44.161216],[28.604486,44.161371],[28.604536,44.161431],[28.604613,44.161525],[28.604646,44.161567],[28.604739,44.161681],[28.604865,44.161836],[28.604882,44.161856],[28.604991,44.161991],[28.605117,44.162147],[28.605132,44.162165],[28.605241,44.162303],[28.605364,44.16246],[28.605487,44.162617],[28.60561,44.162773],[28.605733,44.16293],[28.605857,44.163087],[28.605974,44.163236],[28.605977,44.16324],[28.60604,44.163318],[28.606098,44.163393],[28.60622,44.16355],[28.606342,44.163708],[28.606463,44.163865],[28.606585,44.164022],[28.606707,44.164179],[28.606776,44.164268],[28.606828,44.164337],[28.606913,44.164449],[28.606948,44.164495],[28.607068,44.164653],[28.607089,44.164682],[28.607185,44.164812],[28.607217,44.164858],[28.607241,44.16489],[28.607301,44.164972],[28.607417,44.165131],[28.607533,44.165291],[28.607557,44.165324],[28.607649,44.16545],[28.60765,44.165451],[28.607767,44.165609],[28.607886,44.165767],[28.607939,44.165838],[28.608008,44.165924],[28.608067,44.165996],[28.608131,44.166081],[28.608252,44.166238],[28.608372,44.166396],[28.608493,44.166554],[28.608613,44.166712],[28.608694,44.166818],[28.608732,44.16687],[28.608846,44.16703],[28.60896,44.16719],[28.609017,44.16727],[28.609071,44.167352],[28.609178,44.167514],[28.609264,44.167644],[28.609283,44.167678],[28.609378,44.167845],[28.609406,44.167893],[28.609464,44.168014],[28.609546,44.168184],[28.609629,44.168353],[28.609633,44.168362],[28.609695,44.168528],[28.609719,44.168594],[28.609754,44.168703],[28.609784,44.168799],[28.609811,44.168878],[28.60987,44.169053],[28.609896,44.169133],[28.609922,44.16923],[28.609961,44.169378],[28.609968,44.169407],[28.610008,44.169585],[28.610018,44.169627],[28.610035,44.169766],[28.610057,44.169935],[28.610057,44.169947],[28.610065,44.170127],[28.61007,44.170246],[28.61006,44.170309],[28.610034,44.170475],[28.610016,44.170589],[28.610018,44.170722],[28.61007,44.170701],[28.610126,44.170693],[28.610181,44.170696],[28.610233,44.170711],[28.610278,44.170738],[28.610306,44.170772],[28.61031,44.170782],[28.610319,44.17081],[28.610315,44.17085],[28.610294,44.170886],[28.610261,44.170915],[28.610206,44.170939],[28.610198,44.17094],[28.610143,44.170948],[28.61008,44.17094],[28.610024,44.170916],[28.610044,44.170995],[28.610073,44.171115],[28.610085,44.171167],[28.610089,44.171287],[28.610094,44.171467],[28.6101,44.171647],[28.610101,44.171692],[28.610106,44.171827],[28.610114,44.172006],[28.610115,44.172031],[28.610187,44.172166],[28.610188,44.172183],[28.610198,44.172362],[28.610204,44.172474],[28.610216,44.172535],[28.610239,44.172659],[28.610258,44.172708],[28.610309,44.172839],[28.61033,44.172877],[28.610398,44.173005],[28.610421,44.17304],[28.61051,44.173175],[28.61053,44.173199],[28.610624,44.17332],[28.610653,44.173351],[28.610662,44.17336],[28.610732,44.173436],[28.611063,44.173799],[28.611897,44.174663],[28.612064,44.174829],[28.61272,44.175485],[28.613326,44.176071],[28.613359,44.176098],[28.613523,44.176234],[28.613687,44.17637],[28.613755,44.176427],[28.613851,44.176506],[28.614015,44.176643],[28.614173,44.176773],[28.614193,44.176776],[28.614217,44.17678],[28.614256,44.176795],[28.614446,44.176683],[28.614576,44.176607],[28.61464,44.176574],[28.614752,44.176515],[28.614843,44.176473],[28.615052,44.176375],[28.615152,44.176328],[28.615258,44.176295],[28.615355,44.176264],[28.615484,44.17624],[28.615535,44.17623],[28.615727,44.176212],[28.615779,44.176208],[28.615973,44.176213],[28.616197,44.17622],[28.616222,44.176222],[28.616472,44.176238],[28.616702,44.176252],[28.616722,44.176253],[28.616826,44.17626],[28.616971,44.176269],[28.617221,44.176285],[28.617471,44.176301],[28.617721,44.176317],[28.617894,44.176328],[28.617971,44.176333],[28.618154,44.176344],[28.618221,44.176348],[28.618471,44.176364],[28.618721,44.17638],[28.618971,44.176396],[28.619068,44.176402],[28.619221,44.176412],[28.61947,44.176427],[28.61972,44.176443],[28.619939,44.176457],[28.61997,44.176459],[28.620022,44.176463],[28.62022,44.176476],[28.62047,44.176493],[28.620658,44.176506],[28.620719,44.176511],[28.620969,44.176528],[28.621219,44.176545],[28.621446,44.176561],[28.621468,44.176563],[28.621596,44.176571],[28.621709,44.176596],[28.621948,44.176649],[28.622188,44.176703],[28.622428,44.176756],[28.622667,44.176809],[28.622907,44.176862],[28.623147,44.176915],[28.623387,44.176968],[28.623398,44.176971],[28.623595,44.177015],[28.623626,44.177022],[28.623752,44.177051],[28.623846,44.177073],[28.623865,44.177077],[28.624103,44.177132],[28.624333,44.177185],[28.624342,44.177187],[28.624581,44.177242],[28.624737,44.177277],[28.624821,44.177296],[28.62506,44.17735],[28.625299,44.177404],[28.625538,44.177458],[28.62558,44.177467],[28.625778,44.177512],[28.625852,44.177529],[28.626017,44.177566],[28.626256,44.17762],[28.6263,44.17763],[28.626495,44.177675],[28.626718,44.177725],[28.626734,44.177729],[28.626904,44.177767],[28.626974,44.177783],[28.626998,44.177789],[28.627213,44.177838],[28.627321,44.177862],[28.627452,44.177892],[28.627689,44.177946],[28.627901,44.177994],[28.627924,44.178002],[28.628147,44.178084],[28.628329,44.178151],[28.62837,44.178167],[28.628592,44.17825],[28.628676,44.178282],[28.628814,44.178334],[28.628949,44.178385],[28.629036,44.178418],[28.629202,44.178483],[28.629258,44.178502],[28.629485,44.178579],[28.629517,44.17859],[28.629613,44.178622],[28.629712,44.178656],[28.629837,44.178697],[28.629939,44.178732],[28.630124,44.178796],[28.630165,44.17881],[28.630311,44.17886],[28.630392,44.178887],[28.630621,44.178961],[28.630849,44.179035],[28.631078,44.17911],[28.631306,44.179184],[28.631535,44.179258],[28.631763,44.179332],[28.631992,44.179407],[28.63222,44.179481],[28.632449,44.179555],[28.632456,44.179558],[28.632677,44.179629],[28.632886,44.179697],[28.632906,44.179704],[28.633009,44.179738],[28.633108,44.17977],[28.633133,44.179779],[28.633189,44.179798],[28.633371,44.179843],[28.633506,44.179877],[28.633608,44.179902],[28.633631,44.179908],[28.63367,44.179911],[28.633707,44.179922],[28.633737,44.179941],[28.633838,44.179971],[28.63407,44.180038],[28.634219,44.180082],[28.634332,44.180081],[28.634359,44.180081],[28.634581,44.180087],[28.634832,44.180093],[28.635082,44.180099],[28.635247,44.180103],[28.635334,44.180104],[28.635584,44.180107],[28.63565,44.180108],[28.635835,44.18011],[28.63584,44.18011],[28.635831,44.180223],[28.63583,44.180231],[28.635815,44.18041],[28.635801,44.18059],[28.635798,44.180625],[28.635789,44.18077],[28.635778,44.180949],[28.635767,44.181129],[28.635756,44.181309],[28.635745,44.181488],[28.63574,44.18157],[28.635735,44.181668],[28.635725,44.181848],[28.635714,44.182027],[28.635714,44.18203],[28.6357,44.182207],[28.635687,44.182386],[28.635673,44.182566],[28.635671,44.182592],[28.635648,44.182743],[28.635621,44.182922],[28.635594,44.183101],[28.635589,44.183135],[28.635562,44.183278],[28.63553,44.183457],[28.635497,44.183635],[28.635465,44.183814],[28.635451,44.18389],[28.635433,44.183985],[28.635431,44.183992],[28.6354,44.18417],[28.635389,44.184236],[28.635367,44.184348],[28.635333,44.184526],[28.635292,44.184733],[28.635384,44.184742],[28.635402,44.184744],[28.635558,44.184761],[28.635606,44.184767],[28.63563,44.18477],[28.63568,44.184777],[28.635687,44.184778],[28.635742,44.184789],[28.6358,44.184802],[28.635913,44.184843],[28.6378,44.185636],[28.638838,44.186071],[28.639236,44.186239],[28.639357,44.186286],[28.640471,44.186714],[28.640708,44.186805],[28.64083,44.186853],[28.640867,44.186868],[28.6421,44.187346],[28.642216,44.187393],[28.642299,44.187426],[28.642561,44.187533],[28.642725,44.187608],[28.642737,44.187613],[28.642897,44.187702],[28.643034,44.187768],[28.643048,44.187772],[28.643419,44.187942],[28.643663,44.188053],[28.643798,44.188109],[28.644456,44.188382],[28.645421,44.188783],[28.646452,44.1892],[28.647072,44.189453],[28.647653,44.189686],[28.647764,44.189731],[28.647836,44.189761],[28.647878,44.189778],[28.647942,44.189805],[28.648096,44.189867],[28.648314,44.189956],[28.648438,44.190007],[28.648531,44.190045],[28.648749,44.190135],[28.648966,44.190225],[28.649101,44.190281],[28.649183,44.190315],[28.6494,44.190405],[28.649618,44.190495],[28.649835,44.190585],[28.650052,44.190675],[28.650269,44.190765],[28.650487,44.190855],[28.650528,44.190872],[28.650569,44.190887],[28.650592,44.190896],[28.650643,44.190728],[28.650697,44.190553],[28.650751,44.190377],[28.650777,44.190294],[28.650827,44.190258],[28.650849,44.190237],[28.650858,44.190211],[28.650907,44.190063],[28.650916,44.19005],[28.650924,44.190038],[28.650952,44.19003],[28.650987,44.190032],[28.650997,44.190033],[28.651043,44.190039],[28.650839,44.190724],[28.650779,44.190926],[28.650665,44.191313],[28.650478,44.191949],[28.650459,44.192015],[28.650396,44.19222],[28.650298,44.192554],[28.650112,44.193154],[28.650097,44.193203],[28.649982,44.193557],[28.649898,44.193781],[28.649837,44.193926],[28.649731,44.194146],[28.649635,44.194351],[28.649383,44.194839],[28.649321,44.194959],[28.649284,44.195029],[28.649092,44.195427],[28.648892,44.195882],[28.648786,44.196112],[28.648782,44.196121],[28.648704,44.196291],[28.648684,44.196336],[28.648625,44.196462],[28.648545,44.196633],[28.648468,44.196797],[28.648465,44.196803],[28.64843,44.196879],[28.64845,44.196885],[28.648559,44.196915],[28.648575,44.19692],[28.648811,44.196981],[28.648986,44.197026],[28.649047,44.197042],[28.649283,44.197102],[28.64952,44.197162],[28.649756,44.197222],[28.649993,44.197282],[28.650229,44.197342],[28.650466,44.197402],[28.650702,44.197462],[28.650939,44.197522],[28.651175,44.197582],[28.651412,44.197642],[28.651545,44.197676],[28.651648,44.197702],[28.651885,44.197762],[28.651898,44.197766],[28.651948,44.197778],[28.651906,44.197858],[28.651892,44.197887],[28.651842,44.197982],[28.651824,44.198015],[28.651806,44.198049],[28.651803,44.198054],[28.651718,44.198199],[28.651706,44.19822],[28.651696,44.198237],[28.651673,44.198281],[28.651614,44.198388],[28.651523,44.198556],[28.651457,44.198677],[28.651431,44.198722],[28.651335,44.198888],[28.651309,44.198932],[28.651306,44.198938],[28.65117,44.19918],[28.650877,44.199697],[28.650579,44.200219],[28.650264,44.200834],[28.650011,44.201283],[28.649978,44.201346],[28.649744,44.201767],[28.649731,44.201789],[28.649664,44.20191],[28.649538,44.202136],[28.649494,44.202215],[28.649432,44.202326],[28.649101,44.202919],[28.648842,44.203384],[28.648775,44.203504],[28.64847,44.204051],[28.648248,44.204454],[28.648237,44.204474],[28.648172,44.204588],[28.648154,44.20462],[28.648061,44.204787],[28.647967,44.204954],[28.64788,44.205109],[28.647873,44.205121],[28.64778,44.205288],[28.647687,44.205455],[28.647594,44.205622],[28.647578,44.205651],[28.647572,44.205661],[28.647565,44.205674],[28.647501,44.205789],[28.64741,44.205957],[28.647318,44.206124],[28.647253,44.206243],[28.647226,44.206291],[28.647133,44.206459],[28.647076,44.206563],[28.647041,44.206626],[28.64695,44.206793],[28.646894,44.206897],[28.646859,44.206961],[28.64682,44.207031],[28.646767,44.207128],[28.646675,44.207295],[28.646638,44.207363],[28.646625,44.20747],[28.646604,44.207649],[28.646596,44.207712],[28.64659,44.207767],[28.646582,44.207829],[28.646566,44.207971],[28.646562,44.208008],[28.646555,44.208097],[28.646543,44.208187],[28.646535,44.208245],[28.646521,44.208366],[28.646503,44.208519],[28.646497,44.20857],[28.646465,44.208822],[28.646447,44.20892],[28.646295,44.20974],[28.64627,44.209874],[28.646162,44.210434],[28.646135,44.210577],[28.64611,44.210707],[28.646106,44.210728],[28.64601,44.211225],[28.645988,44.211344],[28.64598,44.211385],[28.645954,44.211522],[28.64593,44.211646],[28.645919,44.2117],[28.645885,44.211878],[28.645875,44.211932],[28.645851,44.212056],[28.645841,44.21211],[28.645813,44.212234],[28.645773,44.212411],[28.645768,44.212434],[28.645722,44.212554],[28.645722,44.212554],[28.645706,44.212569],[28.645587,44.212674],[28.645555,44.212696],[28.645531,44.212712],[28.645408,44.212796],[28.645372,44.212816],[28.645177,44.212929],[28.645166,44.212936],[28.644968,44.213025],[28.644959,44.213029],[28.644749,44.213101],[28.644732,44.213107],[28.644521,44.213163],[28.644439,44.213185],[28.644285,44.213216],[28.644141,44.213246],[28.644044,44.21326],[28.643929,44.213278],[28.6438,44.213279],[28.643586,44.21328],[28.643554,44.213278],[28.643538,44.213278],[28.643304,44.213263],[28.643054,44.213248],[28.642908,44.213239],[28.642789,44.213233],[28.642786,44.21326],[28.642763,44.213431],[28.64274,44.21361],[28.642717,44.213789],[28.642693,44.213968],[28.642682,44.214059],[28.642666,44.214147],[28.642662,44.214169],[28.642625,44.214325],[28.642583,44.214502],[28.642545,44.21466],[28.642541,44.214679],[28.642525,44.21475],[28.642494,44.214856],[28.642455,44.214997],[28.642438,44.215034],[28.642361,44.215205],[28.642352,44.215224],[28.642247,44.215372],[28.642172,44.215476],[28.642131,44.21553],[28.642031,44.215662],[28.642036,44.215671],[28.642042,44.215697],[28.642041,44.215697],[28.642035,44.215722],[28.642017,44.215744],[28.64199,44.21576],[28.641956,44.215769],[28.641908,44.215837],[28.641869,44.215893],[28.641757,44.215985],[28.641592,44.216121],[28.641498,44.216199],[28.64142,44.21625],[28.641415,44.216253],[28.641303,44.216327],[28.64123,44.216373],[28.641059,44.216479],[28.641039,44.216489],[28.640838,44.216597],[28.640779,44.216629],[28.640631,44.216699],[28.640479,44.216772],[28.640417,44.216793],[28.64019,44.216869],[28.640048,44.216918],[28.639973,44.216942],[28.639965,44.216945],[28.639735,44.217016],[28.639505,44.217088],[28.639276,44.21716],[28.63925,44.217168],[28.639045,44.21723],[28.638931,44.217264],[28.638812,44.217298],[28.638579,44.217364],[28.638514,44.217383],[28.638345,44.217429],[28.6382,44.217469],[28.63811,44.217491],[28.637873,44.217551],[28.637636,44.217611],[28.637516,44.217642],[28.637399,44.217669],[28.63716,44.217724],[28.636922,44.21778],[28.636899,44.217785],[28.636683,44.217834],[28.636565,44.217861],[28.636443,44.217887],[28.636204,44.21794],[28.635964,44.217993],[28.635724,44.218046],[28.635484,44.218098],[28.635444,44.218107],[28.635244,44.218151],[28.635004,44.218203],[28.634764,44.218255],[28.634524,44.218308],[28.634284,44.21836],[28.634245,44.218369],[28.634045,44.218415],[28.633806,44.21847],[28.633646,44.218507],[28.633568,44.218525],[28.633329,44.21858],[28.63317,44.218616],[28.63309,44.218634],[28.632851,44.218689],[28.632757,44.218711],[28.632653,44.218734],[28.632612,44.218744],[28.632373,44.218798],[28.632134,44.218853],[28.632075,44.218867],[28.631909,44.2189],[28.631894,44.218904],[28.63166,44.218968],[28.631641,44.218973],[28.631504,44.219017],[28.631432,44.21904],[28.631382,44.219056],[28.63122,44.219133],[28.631011,44.219232],[28.630988,44.219243],[28.630818,44.219343],[28.630632,44.219454],[28.630626,44.219457],[28.630462,44.21957],[28.630448,44.21958],[28.630277,44.21971],[28.630218,44.219754],[28.63017,44.219798],[28.630125,44.219843],[28.629977,44.219988],[28.629929,44.220035],[28.629865,44.220103],[28.629841,44.220133],[28.629803,44.220179],[28.629759,44.220234],[28.629722,44.220287],[28.629677,44.220352],[28.629617,44.220448],[28.629515,44.220612],[28.629466,44.220691],[28.629421,44.220776],[28.629357,44.220895],[28.629337,44.220941],[28.62929,44.221056],[28.62927,44.221112],[28.629263,44.221132],[28.629243,44.22121],[28.629226,44.221286],[28.629213,44.221345],[28.62919,44.221463],[28.62919,44.221464],[28.629161,44.22164],[28.629131,44.221819],[28.629102,44.221998],[28.629098,44.222023],[28.629074,44.222176],[28.629055,44.222303],[28.629046,44.222355],[28.629029,44.222463],[28.629018,44.222533],[28.628997,44.222675],[28.628991,44.222712],[28.628963,44.222891],[28.628936,44.22307],[28.628908,44.223248],[28.62888,44.223427],[28.628853,44.223606],[28.628825,44.223785],[28.62882,44.223818],[28.628786,44.223965],[28.628745,44.224143],[28.628705,44.22432],[28.628693,44.22437],[28.628669,44.224497],[28.628634,44.224675],[28.6286,44.224853],[28.628595,44.224875],[28.628573,44.22493],[28.628587,44.224962],[28.628586,44.224996],[28.628569,44.225027],[28.628546,44.225044],[28.628533,44.225054],[28.628491,44.225069],[28.628459,44.225072],[28.628412,44.225067],[28.62837,44.225051],[28.62834,44.225026],[28.628326,44.225003],[28.62832,44.22497],[28.628334,44.224937],[28.628361,44.224907],[28.628388,44.224849],[28.628466,44.22468],[28.628499,44.224606],[28.62853,44.224497],[28.628568,44.224361],[28.628577,44.224317],[28.628617,44.224139],[28.628657,44.223962],[28.62869,44.223813],[28.628695,44.22378],[28.628724,44.223602],[28.628754,44.223423],[28.628783,44.223244],[28.628812,44.223066],[28.628841,44.222887],[28.62887,44.222708],[28.628877,44.222667],[28.628894,44.222562],[28.628899,44.222529],[28.628922,44.222381],[28.628926,44.222351],[28.628935,44.222294],[28.628953,44.222172],[28.628977,44.222014],[28.62898,44.221993],[28.629009,44.221815],[28.629037,44.221636],[28.629066,44.221457],[28.629067,44.221453],[28.62909,44.221334],[28.629102,44.221283],[28.629108,44.221259],[28.629125,44.221188],[28.629148,44.221108],[28.62915,44.221102],[28.629177,44.22102],[28.62921,44.22094],[28.629236,44.220877],[28.629275,44.220792],[28.629284,44.220774],[28.629349,44.220647],[28.62937,44.220604],[28.629454,44.220434],[28.629518,44.220306],[28.629518,44.220306],[28.629639,44.220106],[28.629739,44.219942],[28.62974,44.219939],[28.629831,44.219772],[28.629916,44.219616],[28.629922,44.219603],[28.629975,44.219502],[28.629993,44.219447],[28.629999,44.219424],[28.630012,44.219377],[28.630022,44.219335],[28.630032,44.219264],[28.630032,44.219239],[28.630033,44.219177],[28.630027,44.219111],[28.630015,44.219055],[28.630011,44.219037],[28.629952,44.218877],[28.629951,44.218875],[28.629874,44.218714],[28.629865,44.218705],[28.629855,44.218695],[28.629717,44.218547],[28.629713,44.218544],[28.629558,44.218403],[28.629519,44.218367],[28.629402,44.218262],[28.629247,44.21812],[28.629239,44.218114],[28.629091,44.217979],[28.628936,44.217838],[28.628842,44.217753],[28.628758,44.217703],[28.628567,44.217588],[28.628547,44.217576],[28.628414,44.217449],[28.628263,44.217305],[28.628112,44.217162],[28.628104,44.217154],[28.627982,44.217027],[28.627974,44.217016],[28.627851,44.21686],[28.627847,44.216854],[28.627726,44.216704],[28.627699,44.216669],[28.627601,44.216574],[28.62758,44.216555],[28.627425,44.216414],[28.62727,44.216273],[28.627266,44.21627],[28.627084,44.216143],[28.626903,44.216018],[28.626823,44.215963],[28.62672,44.215896],[28.626639,44.215843],[28.626573,44.215794],[28.626547,44.215774],[28.626543,44.21577],[28.626421,44.215677],[28.626374,44.215641],[28.626238,44.215539],[28.6262,44.215511],[28.626022,44.215385],[28.625845,44.215258],[28.625668,44.215131],[28.62549,44.215004],[28.625413,44.214949],[28.625313,44.214878],[28.625279,44.214853],[28.625135,44.214751],[28.624958,44.214624],[28.62478,44.214497],[28.624602,44.21437],[28.624437,44.214252],[28.62427,44.214133],[28.624261,44.214126],[28.624124,44.214033],[28.624079,44.214002],[28.623897,44.213878],[28.623735,44.213768],[28.623708,44.213773],[28.62368,44.213773],[28.623677,44.213772],[28.623644,44.213764],[28.623614,44.213746],[28.623595,44.213721],[28.62359,44.213695],[28.623597,44.213669],[28.623562,44.213644],[28.623383,44.213519],[28.623204,44.213393],[28.623025,44.213268],[28.622846,44.213142],[28.622733,44.213062],[28.622667,44.213016],[28.622488,44.212891],[28.622308,44.212765],[28.622129,44.212639],[28.621949,44.212514],[28.62177,44.212388],[28.621768,44.212387],[28.621589,44.212263],[28.621408,44.212139],[28.621399,44.212133],[28.621313,44.212074],[28.621226,44.212014],[28.621045,44.21189],[28.620864,44.211766],[28.620818,44.211734],[28.620683,44.211641],[28.620501,44.211517],[28.62032,44.211393],[28.620139,44.211268],[28.620012,44.211182],[28.619958,44.211144],[28.619957,44.211144],[28.619872,44.211086],[28.619828,44.211055],[28.619776,44.21102],[28.619595,44.210896],[28.619413,44.210771],[28.619232,44.210647],[28.619051,44.210523],[28.618941,44.210448],[28.618869,44.210399],[28.618686,44.210276],[28.618503,44.210153],[28.618438,44.210109],[28.618321,44.210029],[28.618138,44.209906],[28.617992,44.209808],[28.617956,44.209782],[28.617776,44.209657],[28.617636,44.20956],[28.617597,44.209531],[28.617418,44.209405],[28.617239,44.209279],[28.617066,44.209157],[28.617061,44.209153],[28.616936,44.209065],[28.616881,44.209027],[28.616729,44.208924],[28.616699,44.208903],[28.616519,44.208778],[28.616339,44.208653],[28.616159,44.208528],[28.615978,44.208403],[28.615798,44.208277],[28.615618,44.208152],[28.615492,44.208065],[28.615438,44.208027],[28.615414,44.208009],[28.615257,44.207903],[28.615076,44.207779],[28.614894,44.207655],[28.614712,44.207532],[28.614531,44.207408],[28.614459,44.207359],[28.614371,44.207253],[28.614355,44.207234],[28.614254,44.207098],[28.614137,44.20694],[28.614101,44.206891],[28.614016,44.206782],[28.613978,44.206733],[28.613877,44.206629],[28.613734,44.206481],[28.613591,44.206334],[28.613447,44.206186],[28.613304,44.206038],[28.613286,44.20602],[28.613155,44.205893],[28.613006,44.205748],[28.612955,44.2057],[28.612857,44.205604],[28.612708,44.205459],[28.61256,44.205314],[28.612411,44.205169],[28.612263,44.205024],[28.612114,44.204879],[28.612081,44.204846],[28.611967,44.204734],[28.611819,44.204588],[28.611671,44.204443],[28.611523,44.204297],[28.611375,44.204152],[28.611338,44.204115],[28.611228,44.204007],[28.611212,44.203992],[28.611136,44.203916],[28.61108,44.203861],[28.610933,44.203716],[28.610786,44.20357],[28.610771,44.203555],[28.610635,44.203429],[28.610482,44.203286],[28.610434,44.203242],[28.610397,44.203226],[28.610372,44.203201],[28.610363,44.203171],[28.610343,44.203147],[28.610218,44.202993],[28.610194,44.202963],[28.610104,44.202878],[28.610069,44.202844],[28.609918,44.2027],[28.609767,44.202556],[28.609617,44.202412],[28.609466,44.202268],[28.609315,44.202125],[28.609165,44.201981],[28.609021,44.201843],[28.609012,44.201836],[28.608853,44.201697],[28.608694,44.201558],[28.608535,44.201419],[28.608454,44.201349],[28.60839,44.201309],[28.608372,44.201286],[28.608363,44.201274],[28.608352,44.201236],[28.608363,44.201181],[28.608398,44.201138],[28.608403,44.201133],[28.608466,44.201101],[28.608542,44.201089],[28.608574,44.201092],[28.608596,44.201094],[28.60882,44.201105],[28.60887,44.201107],[28.609077,44.201039],[28.609305,44.200965],[28.60942,44.200928],[28.609504,44.200841],[28.609548,44.200795],[28.609571,44.200726],[28.609557,44.20067],[28.609551,44.200645],[28.609485,44.200605],[28.609438,44.200594],[28.609353,44.200598],[28.609301,44.200619],[28.609148,44.200679],[28.609079,44.200707]]},"properties":{"line":"14","dir":"0","headsign":"Cap Linie Vivo","mode":"bus","color":"#0059a9"}},{"type":"Feature","geometry":{"type":"LineString","coordinates":[[28.609079,44.200708],[28.608947,44.200763],[28.608863,44.200798],[28.608668,44.20088],[28.608645,44.20089],[28.608515,44.200948],[28.608452,44.200954],[28.608447,44.200954],[28.608393,44.200936],[28.608367,44.200911],[28.608308,44.200855],[28.608308,44.200855],[28.608471,44.200782],[28.608684,44.200688],[28.608827,44.200624],[28.608897,44.200593],[28.60911,44.200498],[28.609324,44.200403],[28.609347,44.200393],[28.609443,44.20035],[28.609502,44.200384],[28.609543,44.200408],[28.609627,44.20055],[28.609637,44.200566],[28.609676,44.200648],[28.609698,44.200695],[28.609699,44.200722],[28.609699,44.200728],[28.609691,44.200804],[28.609648,44.200864],[28.60954,44.200894],[28.60942,44.200928],[28.609312,44.200963],[28.609084,44.201037],[28.60887,44.201107],[28.608865,44.201111],[28.608736,44.201215],[28.608732,44.201244],[28.60873,44.201262],[28.608716,44.201336],[28.608708,44.20138],[28.608712,44.201407],[28.60872,44.201451],[28.608757,44.201517],[28.608789,44.201557],[28.608914,44.201711],[28.609021,44.201843],[28.609042,44.201864],[28.609193,44.202008],[28.609343,44.202151],[28.609494,44.202295],[28.609645,44.202439],[28.609795,44.202583],[28.609946,44.202727],[28.610096,44.202869],[28.610104,44.202878],[28.610194,44.202963],[28.610268,44.202999],[28.61046,44.203091],[28.610489,44.203091],[28.610489,44.203091],[28.610512,44.203097],[28.610547,44.203114],[28.610571,44.203138],[28.610579,44.203167],[28.610572,44.203196],[28.610551,44.203221],[28.610517,44.203239],[28.610476,44.203246],[28.610434,44.203242],[28.610641,44.203434],[28.610771,44.203555],[28.610785,44.203569],[28.610931,44.203714],[28.611078,44.203859],[28.611136,44.203916],[28.611212,44.203992],[28.611225,44.204004],[28.611338,44.204115],[28.611373,44.20415],[28.611521,44.204295],[28.611669,44.20444],[28.611816,44.204586],[28.611964,44.204731],[28.612081,44.204846],[28.612112,44.204876],[28.612261,44.205021],[28.612409,44.205166],[28.612558,44.205311],[28.612706,44.205456],[28.612854,44.205601],[28.612955,44.2057],[28.613003,44.205746],[28.613153,44.205891],[28.613286,44.20602],[28.613301,44.206035],[28.613444,44.206183],[28.613588,44.206331],[28.613731,44.206478],[28.613874,44.206626],[28.613978,44.206733],[28.614012,44.206776],[28.614101,44.206891],[28.614132,44.206933],[28.614249,44.207091],[28.614355,44.207234],[28.614369,44.20725],[28.614459,44.207359],[28.614511,44.207395],[28.615414,44.208009],[28.615488,44.207943],[28.615569,44.207997],[28.615983,44.208297],[28.616572,44.208738],[28.616947,44.208999],[28.617285,44.209238],[28.617574,44.20944],[28.617621,44.209473],[28.617753,44.209566],[28.617896,44.209666],[28.617933,44.209691],[28.618113,44.209815],[28.618294,44.20994],[28.618475,44.210065],[28.618656,44.210189],[28.618837,44.210314],[28.619018,44.210439],[28.619199,44.210563],[28.619218,44.210577],[28.619378,44.210689],[28.619558,44.210815],[28.619737,44.21094],[28.61985,44.211019],[28.619917,44.211066],[28.619942,44.211084],[28.620095,44.211192],[28.620273,44.211319],[28.620352,44.211375],[28.620453,44.211444],[28.620634,44.211569],[28.620815,44.211694],[28.620995,44.211818],[28.621176,44.211943],[28.621357,44.212068],[28.621538,44.212192],[28.621719,44.212317],[28.6219,44.212442],[28.622081,44.212566],[28.622262,44.212691],[28.622333,44.21274],[28.622442,44.212816],[28.622622,44.212941],[28.622795,44.21306],[28.622976,44.213185],[28.623156,44.21331],[28.623336,44.213435],[28.623341,44.213438],[28.623509,44.213546],[28.623532,44.213557],[28.62368,44.213622],[28.623717,44.213623],[28.623745,44.213631],[28.623755,44.213634],[28.623784,44.213655],[28.6238,44.213683],[28.623801,44.213704],[28.62388,44.21376],[28.624057,44.213887],[28.624098,44.213917],[28.624131,44.21394],[28.624235,44.214014],[28.624318,44.214073],[28.624414,44.21414],[28.624592,44.214267],[28.624771,44.214393],[28.624949,44.214519],[28.625127,44.214646],[28.625166,44.214673],[28.625306,44.214772],[28.625484,44.214899],[28.625663,44.215025],[28.625841,44.215151],[28.62602,44.215278],[28.626198,44.215404],[28.626251,44.215441],[28.626371,44.215532],[28.626499,44.215628],[28.626546,44.215662],[28.626674,44.215753],[28.626717,44.215786],[28.626727,44.21579],[28.626905,44.215861],[28.626946,44.215874],[28.626978,44.215885],[28.627046,44.215902],[28.62711,44.215908],[28.627166,44.215901],[28.627177,44.2159],[28.627224,44.215868],[28.627281,44.215855],[28.627409,44.215856],[28.627469,44.215856],[28.627662,44.215862],[28.627783,44.215866],[28.627913,44.215873],[28.62816,44.215886],[28.628174,44.215891],[28.628243,44.215918],[28.6283,44.215949],[28.628356,44.216007],[28.628397,44.216049],[28.628389,44.216179],[28.628379,44.216359],[28.628376,44.21642],[28.628373,44.216471],[28.62838,44.216536],[28.628399,44.216716],[28.62841,44.216816],[28.62842,44.216885],[28.628421,44.216894],[28.628435,44.216976],[28.628451,44.217065],[28.628452,44.217067],[28.62849,44.217167],[28.628528,44.217232],[28.628545,44.217261],[28.628647,44.217387],[28.628682,44.217431],[28.628786,44.217534],[28.628933,44.21768],[28.628941,44.217688],[28.629082,44.217824],[28.629232,44.217968],[28.62933,44.218062],[28.629384,44.218111],[28.62954,44.218252],[28.62961,44.218315],[28.629695,44.218393],[28.629822,44.218508],[28.629852,44.218533],[28.630015,44.218667],[28.630177,44.218801],[28.630204,44.21881],[28.630333,44.218849],[28.630439,44.218878],[28.630447,44.21888],[28.630573,44.218908],[28.630692,44.218922],[28.630696,44.218922],[28.630788,44.218928],[28.630932,44.21893],[28.630955,44.218928],[28.631048,44.218922],[28.631204,44.218905],[28.631251,44.2189],[28.631416,44.218859],[28.631454,44.21885],[28.631526,44.218832],[28.631692,44.218798],[28.631797,44.218776],[28.631932,44.218745],[28.632147,44.218696],[28.632171,44.218691],[28.632411,44.218638],[28.63265,44.218584],[28.63289,44.218531],[28.63313,44.218478],[28.633369,44.218425],[28.633587,44.218376],[28.633609,44.218371],[28.633706,44.218349],[28.633848,44.218317],[28.633848,44.218317],[28.634088,44.218264],[28.634115,44.218258],[28.634191,44.21824],[28.634234,44.218232],[28.634292,44.218219],[28.634327,44.218212],[28.634569,44.218163],[28.63481,44.218114],[28.635051,44.218065],[28.635118,44.218051],[28.635292,44.218014],[28.63533,44.218006],[28.635397,44.217992],[28.635519,44.217965],[28.635532,44.217962],[28.635772,44.217909],[28.636012,44.217856],[28.636122,44.217832],[28.636252,44.217803],[28.636492,44.21775],[28.636521,44.217744],[28.636732,44.217698],[28.636754,44.217693],[28.63697,44.217641],[28.637208,44.217584],[28.637446,44.217527],[28.637456,44.217524],[28.637682,44.217464],[28.637917,44.2174],[28.638132,44.217343],[28.638153,44.217337],[28.638385,44.217269],[28.638617,44.217201],[28.638797,44.217149],[28.63885,44.217132],[28.63908,44.217061],[28.639311,44.216991],[28.639541,44.21692],[28.639602,44.216901],[28.639772,44.216847],[28.639857,44.21682],[28.639945,44.216794],[28.640003,44.216774],[28.640228,44.216695],[28.640391,44.216638],[28.640455,44.21661],[28.640667,44.216515],[28.640686,44.216506],[28.640867,44.216397],[28.641059,44.216282],[28.641251,44.216167],[28.641284,44.216146],[28.641327,44.216117],[28.641437,44.216041],[28.641618,44.215917],[28.641718,44.215848],[28.641789,44.215762],[28.641832,44.21571],[28.641831,44.215687],[28.641839,44.215664],[28.641855,44.215646],[28.641876,44.215632],[28.641903,44.215623],[28.641915,44.215602],[28.642009,44.215451],[28.642006,44.215421],[28.641995,44.215321],[28.641995,44.21526],[28.641998,44.215248],[28.642021,44.215166],[28.642044,44.215095],[28.642052,44.21508],[28.6421,44.214997],[28.642154,44.214927],[28.64217,44.214913],[28.642227,44.214864],[28.642325,44.214822],[28.642336,44.214777],[28.642366,44.214664],[28.642476,44.214059],[28.642527,44.213702],[28.642568,44.213443],[28.642698,44.212584],[28.6427,44.212569],[28.642756,44.212244],[28.642871,44.211558],[28.642895,44.211399],[28.642947,44.211058],[28.642976,44.210866],[28.642986,44.210801],[28.643037,44.21041],[28.64304,44.21041],[28.643214,44.210414],[28.643212,44.210437],[28.643193,44.210614],[28.643175,44.21079],[28.643173,44.210805],[28.643146,44.210971],[28.643117,44.211149],[28.643088,44.211328],[28.643059,44.211507],[28.643049,44.211566],[28.64303,44.211685],[28.643002,44.211864],[28.642975,44.212043],[28.642947,44.212221],[28.642919,44.2124],[28.642899,44.212529],[28.642891,44.212579],[28.642869,44.212717],[28.642863,44.212758],[28.642835,44.212936],[28.642807,44.213115],[28.642789,44.213233],[28.642886,44.213238],[28.642908,44.213239],[28.643136,44.213253],[28.643385,44.213268],[28.643538,44.213278],[28.643586,44.21328],[28.643642,44.21328],[28.643893,44.213278],[28.643929,44.213278],[28.644141,44.213246],[28.644384,44.213196],[28.644439,44.213185],[28.644626,44.213135],[28.644732,44.213107],[28.644862,44.213062],[28.644959,44.213029],[28.645088,44.212971],[28.645166,44.212936],[28.645296,44.212861],[28.645408,44.212796],[28.645487,44.212742],[28.645531,44.212712],[28.645587,44.212674],[28.645656,44.212613],[28.645706,44.212569],[28.645722,44.212554],[28.645766,44.21244],[28.645768,44.212434],[28.645807,44.21226],[28.645841,44.21211],[28.645846,44.212081],[28.645875,44.211932],[28.64588,44.211903],[28.645915,44.211725],[28.64593,44.211646],[28.645949,44.211547],[28.64598,44.211385],[28.645983,44.211372],[28.64601,44.211225],[28.646013,44.211209],[28.646048,44.211031],[28.646082,44.210852],[28.646106,44.210728],[28.64611,44.210707],[28.646116,44.210674],[28.646135,44.210577],[28.64615,44.210496],[28.646162,44.210434],[28.646184,44.210318],[28.646219,44.21014],[28.646253,44.209962],[28.64627,44.209874],[28.646287,44.209783],[28.646295,44.20974],[28.64632,44.209605],[28.646353,44.209427],[28.646386,44.209248],[28.646419,44.20907],[28.646447,44.20892],[28.646452,44.208891],[28.646465,44.208822],[28.646479,44.208711],[28.646497,44.20857],[28.646502,44.208532],[28.646523,44.208353],[28.646535,44.208245],[28.646544,44.208175],[28.646555,44.208097],[28.646563,44.207994],[28.646566,44.207971],[28.646584,44.207817],[28.64659,44.207767],[28.646596,44.207712],[28.646605,44.207638],[28.646626,44.207459],[28.646638,44.207363],[28.646672,44.207301],[28.646764,44.207133],[28.64682,44.207031],[28.646856,44.206966],[28.646894,44.206897],[28.646947,44.206798],[28.647039,44.206631],[28.647076,44.206563],[28.647131,44.206464],[28.647223,44.206296],[28.647253,44.206243],[28.647315,44.206129],[28.647407,44.205962],[28.647499,44.205794],[28.647565,44.205674],[28.647572,44.205661],[28.647578,44.205651],[28.647444,44.205619],[28.647207,44.205559],[28.647204,44.205558],[28.646966,44.205501],[28.646729,44.205444],[28.646491,44.205387],[28.646253,44.20533],[28.646015,44.205273],[28.645777,44.205215],[28.645539,44.205158],[28.645398,44.205124],[28.645339,44.205117],[28.645307,44.205088],[28.645306,44.205087],[28.645219,44.205036],[28.645091,44.205001],[28.645085,44.205],[28.644848,44.20494],[28.644667,44.204895],[28.644608,44.204883],[28.644563,44.204873],[28.64454,44.20492],[28.644518,44.204964],[28.644426,44.204961],[28.644352,44.204944],[28.644386,44.204876],[28.644352,44.204868],[28.644263,44.204848],[28.644114,44.204813],[28.643912,44.204766],[28.643875,44.204756],[28.64364,44.204694],[28.643576,44.204677],[28.643405,44.204632],[28.64327,44.204597],[28.643188,44.204574],[28.643172,44.204569],[28.643114,44.204547],[28.643025,44.204502],[28.64297,44.204471],[28.642956,44.204462],[28.642782,44.204354],[28.642729,44.204321],[28.642597,44.204234],[28.642413,44.204112],[28.642229,44.20399],[28.64212,44.203918],[28.642094,44.203901],[28.64207,44.203875],[28.641892,44.203683],[28.641883,44.203706],[28.641869,44.203723],[28.641855,44.203732],[28.641833,44.203743],[28.641807,44.203749],[28.641769,44.203748],[28.641746,44.203743],[28.641724,44.203734],[28.641706,44.203722],[28.64164,44.203671],[28.641631,44.203664],[28.641524,44.203578],[28.641472,44.203542],[28.641451,44.20353],[28.641418,44.20351],[28.641283,44.203451],[28.641234,44.203429],[28.641182,44.203407],[28.641153,44.203382],[28.64114,44.203352],[28.641143,44.203326],[28.641164,44.203296],[28.641182,44.203283],[28.64121,44.203272],[28.641242,44.203266],[28.641274,44.203268],[28.641307,44.203278],[28.64133,44.203292],[28.641331,44.203293],[28.641369,44.203324],[28.641442,44.203387],[28.641498,44.203427],[28.641535,44.203454],[28.641577,44.20348],[28.64162,44.203501],[28.641692,44.203534],[28.641757,44.203563],[28.641818,44.203592],[28.641858,44.203619],[28.641882,44.203641],[28.641889,44.203655],[28.641893,44.20367],[28.641892,44.203683],[28.642017,44.203817],[28.642094,44.203901],[28.64212,44.203918],[28.642179,44.203957],[28.642363,44.204079],[28.642548,44.204201],[28.642729,44.204321],[28.642732,44.204323],[28.642921,44.20444],[28.642956,44.204462],[28.643025,44.204502],[28.643114,44.204547],[28.643132,44.204554],[28.643188,44.204574],[28.64327,44.204597],[28.64337,44.204623],[28.643576,44.204677],[28.643605,44.204685],[28.643841,44.204747],[28.643912,44.204766],[28.644081,44.204805],[28.644263,44.204848],[28.644286,44.204853],[28.644386,44.204876],[28.644439,44.204763],[28.644659,44.204301],[28.644871,44.203851],[28.644909,44.20377],[28.645109,44.203327],[28.645159,44.203231],[28.645239,44.203051],[28.64546,44.202651],[28.645531,44.20251],[28.645752,44.202076],[28.645871,44.20183],[28.645879,44.201813],[28.645953,44.20166],[28.646012,44.201538],[28.646035,44.20149],[28.646051,44.201454],[28.646115,44.201319],[28.646194,44.201149],[28.646274,44.200978],[28.646301,44.20092],[28.646354,44.200807],[28.646433,44.200637],[28.646512,44.200466],[28.646546,44.200393],[28.646593,44.200297],[28.646676,44.200127],[28.646765,44.199947],[28.646765,44.199947],[28.646841,44.199788],[28.646852,44.199765],[28.646865,44.19974],[28.646926,44.19962],[28.647011,44.199451],[28.647037,44.199401],[28.64707,44.199337],[28.647097,44.199281],[28.647179,44.199111],[28.647261,44.198941],[28.647343,44.198772],[28.647425,44.198602],[28.647433,44.198585],[28.64746,44.19853],[28.647511,44.198435],[28.647599,44.198269],[28.647601,44.198265],[28.647684,44.198096],[28.647768,44.197926],[28.647845,44.19777],[28.647845,44.19777],[28.647934,44.197586],[28.648016,44.197416],[28.648068,44.19731],[28.648098,44.197246],[28.648178,44.197075],[28.648244,44.196933],[28.648257,44.196904],[28.648288,44.196837],[28.648256,44.196826],[28.648232,44.196817],[28.648139,44.196785],[28.645432,44.195629],[28.645117,44.195495],[28.644228,44.195116],[28.644013,44.195024],[28.643797,44.194932],[28.643616,44.194855],[28.643581,44.19484],[28.643445,44.194783],[28.643365,44.194749],[28.643149,44.194657],[28.642933,44.194566],[28.642758,44.194492],[28.642717,44.194474],[28.642501,44.194383],[28.642285,44.194291],[28.642094,44.194211],[28.642069,44.1942],[28.641853,44.194109],[28.641637,44.194017],[28.641433,44.193931],[28.641421,44.193926],[28.641236,44.193848],[28.641205,44.193834],[28.640989,44.193743],[28.640773,44.193651],[28.640752,44.193643],[28.640557,44.19356],[28.640341,44.193468],[28.640125,44.193377],[28.640069,44.193353],[28.639909,44.193286],[28.639693,44.193195],[28.639688,44.193193],[28.639581,44.193146],[28.639477,44.193103],[28.639471,44.1931],[28.639363,44.193051],[28.639267,44.193007],[28.639119,44.192939],[28.639059,44.192909],[28.638854,44.192807],[28.638677,44.192719],[28.638649,44.192704],[28.638647,44.192703],[28.638544,44.192651],[28.638456,44.192596],[28.638405,44.192564],[28.638324,44.192491],[28.63831,44.192472],[28.638196,44.192312],[28.638193,44.192308],[28.638092,44.192152],[28.637987,44.191989],[28.637884,44.191829],[28.637882,44.191825],[28.637796,44.191692],[28.637777,44.191662],[28.637671,44.191499],[28.637566,44.191335],[28.63744,44.191142],[28.63744,44.191142],[28.637355,44.191009],[28.637251,44.190846],[28.637146,44.190682],[28.637048,44.190529],[28.637041,44.190519],[28.63701,44.19047],[28.636936,44.190355],[28.636821,44.190177],[28.636821,44.190177],[28.636726,44.190029],[28.636621,44.189865],[28.636516,44.189702],[28.636434,44.189573],[28.636411,44.189539],[28.636306,44.189375],[28.636201,44.189212],[28.636096,44.189049],[28.636068,44.189005],[28.636,44.1889],[28.635903,44.188879],[28.635889,44.188876],[28.635663,44.188829],[28.635554,44.188807],[28.635419,44.188784],[28.635399,44.188781],[28.63518,44.188744],[28.634938,44.188703],[28.634695,44.188661],[28.634616,44.188648],[28.634568,44.18864],[28.634454,44.188618],[28.634211,44.188573],[28.634187,44.188569],[28.63408,44.18855],[28.63408,44.18855],[28.634176,44.188266],[28.634442,44.187487],[28.634838,44.186244],[28.635219,44.185064],[28.635225,44.185039],[28.635267,44.184862],[28.63527,44.184851],[28.635285,44.18477],[28.635292,44.184733],[28.635302,44.184686],[28.635336,44.184511],[28.63537,44.184335],[28.635389,44.184236],[28.635403,44.184157],[28.635433,44.183985],[28.635434,44.183979],[28.635451,44.18389],[28.635467,44.1838],[28.6355,44.183622],[28.635532,44.183444],[28.635565,44.183265],[28.635589,44.183135],[28.635596,44.183087],[28.635623,44.182909],[28.63565,44.18273],[28.635671,44.182592],[28.635674,44.182551],[28.635688,44.182371],[28.635702,44.182192],[28.635714,44.18203],[28.635715,44.182012],[28.635725,44.181832],[28.635736,44.181652],[28.63574,44.18157],[28.635746,44.181473],[28.635757,44.181293],[28.635768,44.181113],[28.635779,44.180934],[28.63579,44.180754],[28.635798,44.180625],[28.635789,44.180571],[28.635772,44.180456],[28.635739,44.180395],[28.635733,44.180384],[28.635671,44.180327],[28.635595,44.18027],[28.63557,44.180255],[28.635546,44.180239],[28.63548,44.1802],[28.635393,44.180158],[28.635367,44.180148],[28.635247,44.180103],[28.635121,44.1801],[28.63487,44.180094],[28.63462,44.180088],[28.634369,44.180081],[28.634359,44.180081],[28.634219,44.180082],[28.634119,44.180078],[28.633868,44.180069],[28.633855,44.180068],[28.633731,44.180064],[28.633724,44.180069],[28.633717,44.180073],[28.63369,44.180084],[28.63366,44.180091],[28.633629,44.180092],[28.633613,44.18009],[28.633598,44.180088],[28.63357,44.180079],[28.633546,44.180065],[28.633527,44.180047],[28.633514,44.180026],[28.633509,44.180004],[28.63351,44.179988],[28.633451,44.179953],[28.633258,44.179839],[28.633189,44.179798],[28.633108,44.17977],[28.633034,44.179746],[28.633009,44.179738],[28.632886,44.179697],[28.632806,44.179671],[28.632577,44.179597],[28.632456,44.179558],[28.632349,44.179523],[28.632121,44.179449],[28.631892,44.179374],[28.631664,44.1793],[28.631435,44.179226],[28.631207,44.179152],[28.630978,44.179077],[28.63075,44.179003],[28.630522,44.178929],[28.630311,44.17886],[28.630294,44.178855],[28.630124,44.178796],[28.630068,44.178777],[28.629842,44.178699],[28.629837,44.178697],[28.629614,44.178623],[28.629613,44.178622],[28.629517,44.17859],[28.629388,44.178546],[28.629202,44.178483],[28.629163,44.178468],[28.628949,44.178385],[28.628943,44.178382],[28.62872,44.178299],[28.628676,44.178282],[28.628498,44.178215],[28.628329,44.178151],[28.628276,44.178132],[28.628052,44.17805],[28.627901,44.177994],[28.627819,44.177975],[28.627581,44.177921],[28.627341,44.177867],[28.627321,44.177862],[28.627102,44.177813],[28.626998,44.177789],[28.626904,44.177767],[28.626863,44.177758],[28.626718,44.177725],[28.626624,44.177704],[28.626385,44.17765],[28.6263,44.17763],[28.626146,44.177595],[28.625906,44.177541],[28.625852,44.177529],[28.625667,44.177487],[28.62558,44.177467],[28.625428,44.177433],[28.625189,44.177379],[28.624949,44.177325],[28.624737,44.177277],[28.62471,44.177271],[28.624471,44.177217],[28.624333,44.177185],[28.624232,44.177162],[28.623993,44.177107],[28.623846,44.177073],[28.623755,44.177052],[28.623752,44.177051],[28.623595,44.177015],[28.623515,44.176997],[28.623398,44.176971],[28.623276,44.176944],[28.623036,44.176891],[28.622796,44.176837],[28.622557,44.176784],[28.622317,44.176731],[28.622077,44.176678],[28.621838,44.176625],[28.621596,44.176571],[28.621594,44.176571],[28.621446,44.176561],[28.621344,44.176554],[28.621095,44.176537],[28.620845,44.176519],[28.620658,44.176506],[28.620595,44.176502],[28.620346,44.176485],[28.620096,44.176468],[28.620022,44.176463],[28.619939,44.176457],[28.619846,44.176451],[28.619596,44.176435],[28.619346,44.17642],[28.619096,44.176404],[28.619068,44.176402],[28.618846,44.176388],[28.618596,44.176372],[28.618346,44.176356],[28.618154,44.176344],[28.618097,44.17634],[28.617894,44.176328],[28.617847,44.176325],[28.617597,44.176309],[28.617347,44.176293],[28.617097,44.176277],[28.616847,44.176261],[28.616826,44.17626],[28.616702,44.176252],[28.616597,44.176246],[28.616347,44.17623],[28.616197,44.17622],[28.616096,44.176217],[28.615846,44.17621],[28.615779,44.176208],[28.61563,44.176235],[28.615603,44.176241],[28.615536,44.176259],[28.615422,44.176298],[28.615381,44.176317],[28.615209,44.176395],[28.615172,44.176414],[28.614969,44.17652],[28.614766,44.176625],[28.614731,44.176643],[28.614655,44.176685],[28.614567,44.176734],[28.614368,44.176843],[28.614316,44.176872],[28.614315,44.176897],[28.614307,44.176921],[28.614291,44.176943],[28.614264,44.176965],[28.614229,44.17698],[28.61419,44.176989],[28.614155,44.17699],[28.614121,44.176986],[28.614089,44.176976],[28.614059,44.17696],[28.614036,44.176939],[28.61402,44.176914],[28.614014,44.176888],[28.614015,44.176866],[28.614022,44.176846],[28.613962,44.176781],[28.613733,44.176534],[28.613696,44.176494],[28.613326,44.176071],[28.61272,44.175485],[28.612064,44.174829],[28.611897,44.174663],[28.611063,44.173799],[28.610732,44.173436],[28.610624,44.17332],[28.61051,44.173175],[28.610426,44.173047],[28.610398,44.173005],[28.610336,44.172889],[28.610309,44.172839],[28.610265,44.172724],[28.610239,44.172659],[28.61022,44.172557],[28.610204,44.172474],[28.610199,44.17239],[28.610189,44.17221],[28.610187,44.172166],[28.610115,44.172031],[28.610108,44.171854],[28.610101,44.171692],[28.6101,44.171674],[28.610095,44.171494],[28.61009,44.171317],[28.610085,44.171167],[28.610076,44.171131],[28.610044,44.170995],[28.610035,44.17096],[28.610024,44.170916],[28.609986,44.170881],[28.609986,44.170881],[28.609968,44.170843],[28.609966,44.170807],[28.609974,44.170773],[28.60999,44.170752],[28.610018,44.170722],[28.610017,44.170683],[28.610016,44.170589],[28.610028,44.170512],[28.610056,44.170335],[28.61007,44.170246],[28.610066,44.170148],[28.610058,44.169969],[28.610057,44.169935],[28.610038,44.169786],[28.610018,44.169627],[28.610012,44.169602],[28.609972,44.169425],[28.609961,44.169378],[28.609927,44.169246],[28.609896,44.169133],[28.609875,44.169068],[28.609816,44.168893],[28.609784,44.168799],[28.609759,44.168719],[28.609719,44.168594],[28.6097,44.168542],[28.609635,44.168368],[28.609633,44.168362],[28.609552,44.168195],[28.60947,44.168025],[28.609406,44.167893],[28.609383,44.167854],[28.609289,44.167688],[28.609264,44.167644],[28.609183,44.167522],[28.609076,44.16736],[28.609017,44.16727],[28.608965,44.167198],[28.608851,44.167038],[28.608737,44.166877],[28.608694,44.166818],[28.608618,44.166718],[28.608498,44.16656],[28.608377,44.166402],[28.608257,44.166245],[28.608136,44.166087],[28.608067,44.165996],[28.608013,44.165929],[28.607939,44.165838],[28.607891,44.165774],[28.607772,44.165615],[28.607654,44.165457],[28.60765,44.165451],[28.607557,44.165324],[28.607538,44.165298],[28.607422,44.165138],[28.607306,44.164979],[28.607241,44.16489],[28.607217,44.164858],[28.60719,44.164819],[28.607089,44.164682],[28.607072,44.164659],[28.606953,44.164501],[28.606913,44.164449],[28.606833,44.164343],[28.606776,44.164268],[28.606712,44.164185],[28.60659,44.164028],[28.606468,44.163871],[28.606346,44.163714],[28.606225,44.163557],[28.606103,44.163399],[28.60604,44.163318],[28.605979,44.163242],[28.605974,44.163236],[28.605856,44.163086],[28.605733,44.162929],[28.60561,44.162772],[28.605486,44.162616],[28.605363,44.162459],[28.60524,44.162302],[28.605132,44.162165],[28.605116,44.162146],[28.60499,44.16199],[28.604882,44.161856],[28.604864,44.161835],[28.604738,44.161679],[28.604646,44.161567],[28.604612,44.161524],[28.604536,44.161431],[28.604485,44.161369],[28.604358,44.161215],[28.604343,44.161198],[28.604277,44.161112],[28.604238,44.16106],[28.604119,44.160902],[28.604113,44.160894],[28.603994,44.160744],[28.603869,44.160588],[28.603745,44.160432],[28.603621,44.160276],[28.603505,44.16013],[28.60349,44.160115],[28.603345,44.159968],[28.603329,44.159959],[28.603141,44.159841],[28.603075,44.159799],[28.60292,44.159736],[28.60279,44.159684],[28.602677,44.159658],[28.602441,44.159605],[28.602422,44.159604],[28.602208,44.159595],[28.602165,44.159599],[28.601917,44.159618],[28.601912,44.159618],[28.60168,44.159656],[28.601668,44.159658],[28.601483,44.159688],[28.601424,44.159698],[28.601275,44.159725],[28.601181,44.159741],[28.600937,44.159784],[28.600937,44.159784],[28.600758,44.159815],[28.600693,44.159825],[28.600447,44.159861],[28.600202,44.159897],[28.600073,44.159916],[28.599954,44.159927],[28.599705,44.15995],[28.599456,44.159972],[28.59931,44.159986],[28.599204,44.159989],[28.598971,44.159997],[28.598954,44.159998],[28.598703,44.160006],[28.598541,44.160012],[28.598451,44.160011],[28.5982,44.160008],[28.598003,44.160006],[28.597948,44.160004],[28.597698,44.159995],[28.597462,44.159988],[28.597447,44.159986],[28.597197,44.159965],[28.596952,44.159944],[28.59695,44.159943],[28.596702,44.159922],[28.596681,44.15992],[28.596454,44.159898],[28.596318,44.159884],[28.596206,44.159872],[28.5961,44.159861],[28.595958,44.159846],[28.595709,44.159819],[28.595461,44.159793],[28.595213,44.159766],[28.594965,44.15974],[28.594717,44.159713],[28.594469,44.159687],[28.594221,44.15966],[28.594162,44.159654],[28.593973,44.159633],[28.593785,44.159612],[28.593725,44.159605],[28.593669,44.159599],[28.593477,44.15958],[28.593426,44.159574],[28.593229,44.159553],[28.59298,44.159527],[28.592795,44.159507],[28.592732,44.159501],[28.592723,44.1595],[28.592484,44.159474],[28.592401,44.159466],[28.592236,44.159448],[28.591988,44.159422],[28.59174,44.159395],[28.591492,44.159369],[28.591357,44.159354],[28.591243,44.159342],[28.591224,44.15934],[28.591176,44.159335],[28.590995,44.159317],[28.590747,44.159291],[28.590498,44.159266],[28.590449,44.159261],[28.59025,44.15924],[28.590211,44.159236],[28.590002,44.159214],[28.589754,44.159188],[28.589506,44.159161],[28.589258,44.159135],[28.58901,44.159108],[28.588762,44.159082],[28.588731,44.159078],[28.588513,44.159057],[28.588265,44.159032],[28.588016,44.159008],[28.587768,44.158984],[28.58752,44.158959],[28.587487,44.158956],[28.587272,44.158935],[28.587179,44.158926],[28.587179,44.158926],[28.587326,44.15894]]},"properties":{"line":"14","dir":"1","headsign":"Cap Linie Industriala -imbarcare","mode":"bus","color":"#0059a9"}},{"type":"Feature","geometry":{"type":"LineString","coordinates":[[28.623733,44.211163],[28.623548,44.211262],[28.623383,44.211351],[28.623347,44.21137],[28.623347,44.21137],[28.623229,44.211288],[28.623049,44.211162],[28.622968,44.211105],[28.622869,44.211037],[28.622689,44.210912],[28.622509,44.210787],[28.622354,44.210679],[28.622328,44.210662],[28.622148,44.210537],[28.622136,44.210529],[28.621965,44.210413],[28.621956,44.210407],[28.62179,44.21029],[28.621787,44.210288],[28.621676,44.210209],[28.621612,44.210161],[28.621603,44.210155],[28.621519,44.210091],[28.621439,44.210031],[28.621266,44.2099],[28.621093,44.20977],[28.621021,44.209716],[28.620926,44.209638],[28.620759,44.209504],[28.620758,44.209503],[28.6206,44.209367],[28.620553,44.209328],[28.620439,44.209229],[28.620404,44.209199],[28.620292,44.209087],[28.620215,44.209011],[28.620145,44.208941],[28.620136,44.208932],[28.62002,44.20879],[28.619948,44.208701],[28.619912,44.208633],[28.619824,44.208465],[28.619806,44.208431],[28.619788,44.208293],[28.619788,44.208292],[28.619775,44.208113],[28.619769,44.208025],[28.619791,44.207941],[28.619811,44.207864],[28.619826,44.207766],[28.619827,44.207763],[28.619848,44.207689],[28.619902,44.207598],[28.619932,44.207548],[28.620022,44.207449],[28.620159,44.207299],[28.620185,44.207271],[28.620324,44.207176],[28.620506,44.207052],[28.620688,44.206928],[28.620869,44.206804],[28.621051,44.20668],[28.621233,44.206556],[28.621329,44.20649],[28.621415,44.206433],[28.621597,44.206312],[28.621707,44.206228],[28.621776,44.206184],[28.621964,44.206065],[28.622151,44.205945],[28.622175,44.20593],[28.622335,44.205822],[28.622349,44.205813],[28.622508,44.205708],[28.622519,44.2057],[28.622703,44.205578],[28.622752,44.205545],[28.622887,44.205456],[28.622944,44.205418],[28.623047,44.205349],[28.623071,44.205333],[28.623116,44.205304],[28.623258,44.205215],[28.623348,44.205159],[28.623445,44.205093],[28.623625,44.204968],[28.62363,44.204965],[28.623755,44.204878],[28.623805,44.204843],[28.623827,44.204828],[28.623832,44.204824],[28.623986,44.204718],[28.624167,44.204592],[28.624145,44.204571],[28.624141,44.204564],[28.624133,44.204545],[28.624134,44.204517],[28.624146,44.204492],[28.624169,44.20447],[28.624201,44.204455],[28.624166,44.204401],[28.624058,44.204239],[28.623988,44.204133],[28.623945,44.204078],[28.623821,44.203922],[28.623697,44.203765],[28.623652,44.203709],[28.623553,44.203614],[28.623468,44.203534],[28.623402,44.203471],[28.623347,44.203418],[28.623238,44.203333],[28.62315,44.203264],[28.623069,44.2032],[28.622996,44.203144],[28.622899,44.203068],[28.622846,44.203026],[28.622953,44.202951],[28.623131,44.202825],[28.62331,44.202699],[28.623313,44.202697],[28.623495,44.202577],[28.623512,44.202566],[28.623679,44.202456],[28.623863,44.202334],[28.624047,44.202212],[28.624231,44.20209],[28.624415,44.201968],[28.624553,44.201877],[28.624599,44.201846],[28.624685,44.201788],[28.624782,44.201723],[28.624908,44.20164],[28.624966,44.201601],[28.62515,44.201479],[28.625335,44.201357],[28.625519,44.201235],[28.62563,44.201162],[28.625703,44.201113],[28.625887,44.200991],[28.626071,44.200869],[28.626255,44.200747],[28.62644,44.200625],[28.626484,44.200595],[28.626625,44.200504],[28.626711,44.200448],[28.62681,44.200382],[28.626851,44.200356],[28.626994,44.20026],[28.627057,44.200217],[28.627177,44.200138],[28.627362,44.200016],[28.627546,44.199894],[28.627731,44.199772],[28.627739,44.199767],[28.627917,44.199653],[28.628041,44.199573],[28.628076,44.199551],[28.628105,44.199531],[28.628236,44.199442],[28.628287,44.19941],[28.628474,44.19929],[28.628611,44.199202],[28.628661,44.199168],[28.628777,44.19909],[28.628802,44.199073],[28.628844,44.199045],[28.628845,44.199045],[28.629028,44.198923],[28.629194,44.198814],[28.629212,44.198802],[28.629275,44.198762],[28.629398,44.19868],[28.629582,44.198558],[28.629624,44.198531],[28.629767,44.198436],[28.62995,44.198313],[28.630134,44.19819],[28.630317,44.198068],[28.630493,44.19795],[28.630501,44.197945],[28.630684,44.197823],[28.630868,44.1977],[28.631028,44.197593],[28.631038,44.197586],[28.63105,44.197578],[28.631051,44.197577],[28.631085,44.197555],[28.631235,44.197456],[28.631421,44.197335],[28.631606,44.197214],[28.631659,44.197179],[28.631795,44.1971],[28.63183,44.19708],[28.631985,44.196977],[28.632169,44.196855],[28.632353,44.196734],[28.632537,44.196612],[28.632538,44.196611],[28.632604,44.196568],[28.632722,44.196489],[28.632725,44.196487],[28.632908,44.196371],[28.633097,44.196252],[28.633117,44.196239],[28.633285,44.196133],[28.633473,44.196014],[28.633604,44.195931],[28.633661,44.195895],[28.633848,44.195775],[28.634036,44.195656],[28.634223,44.195536],[28.634411,44.195417],[28.634598,44.195297],[28.634785,44.195178],[28.634973,44.195058],[28.63516,44.194938],[28.635348,44.194819],[28.635535,44.194699],[28.635722,44.19458],[28.635839,44.194505],[28.63591,44.19446],[28.636092,44.194342],[28.636097,44.194339],[28.636245,44.19424],[28.636281,44.194216],[28.636315,44.194193],[28.636465,44.194095],[28.63665,44.193973],[28.636835,44.193852],[28.63702,44.19373],[28.637205,44.193609],[28.637234,44.19359],[28.637389,44.193486],[28.637492,44.193417],[28.637572,44.193363],[28.637754,44.193239],[28.6378,44.193208],[28.637935,44.193115],[28.638091,44.193007],[28.638117,44.192987],[28.638287,44.192855],[28.638457,44.192724],[28.63846,44.192722],[28.638544,44.192651],[28.638619,44.192579],[28.638651,44.192549],[28.638668,44.192532],[28.638768,44.192432],[28.63877,44.19243],[28.638913,44.192288],[28.638915,44.192286],[28.639061,44.19214],[28.639073,44.192129],[28.639204,44.191991],[28.639301,44.19189],[28.639345,44.191839],[28.639419,44.191753],[28.639476,44.191687],[28.639477,44.191685],[28.639581,44.19156],[28.639606,44.191531],[28.639642,44.191487],[28.639735,44.191377],[28.639736,44.191376],[28.639867,44.191225],[28.64,44.191072],[28.640132,44.19092],[28.640265,44.190767],[28.640397,44.190614],[28.640529,44.190462],[28.640662,44.190309],[28.640695,44.190271],[28.640794,44.190156],[28.640926,44.190003],[28.641058,44.18985],[28.64119,44.189697],[28.641251,44.189626],[28.641322,44.189544],[28.641455,44.189392],[28.641588,44.189239],[28.641705,44.189104],[28.64172,44.189086],[28.641851,44.188933],[28.641981,44.188779],[28.642112,44.188626],[28.642242,44.188472],[28.642373,44.188318],[28.642503,44.188165],[28.642522,44.188143],[28.642634,44.188011],[28.642642,44.188002],[28.642764,44.187858],[28.642781,44.187838],[28.642832,44.187778],[28.642894,44.187705],[28.642897,44.187702],[28.643004,44.18758],[28.643027,44.187553],[28.643163,44.187402],[28.643298,44.187251],[28.643433,44.1871],[28.643569,44.186949],[28.643704,44.186797],[28.64384,44.186646],[28.643976,44.186495],[28.644111,44.186344],[28.644196,44.186249],[28.644239,44.186201],[28.644247,44.186193],[28.644388,44.186044],[28.64452,44.185906],[28.644529,44.185896],[28.644674,44.18575],[28.644819,44.185603],[28.644843,44.185579],[28.644964,44.185456],[28.645109,44.185309],[28.645168,44.18525],[28.645254,44.185163],[28.645391,44.185025],[28.6454,44.185016],[28.645408,44.185008],[28.645508,44.1849],[28.645456,44.184831],[28.645382,44.184734],[28.645373,44.184726],[28.645329,44.184675],[28.645312,44.184655],[28.645196,44.184522],[28.645064,44.18437],[28.644931,44.184217],[28.644806,44.184074],[28.644796,44.184063],[28.644656,44.183915],[28.644607,44.183864],[28.644507,44.183767],[28.644398,44.183664],[28.644338,44.183626],[28.644216,44.18355],[28.644147,44.18351],[28.644,44.183424],[28.643954,44.183396],[28.643762,44.18328],[28.643632,44.183201],[28.64357,44.183164],[28.643379,44.183048],[28.643187,44.182932],[28.642996,44.182816],[28.6429,44.182758],[28.642804,44.1827],[28.642788,44.18269],[28.642621,44.182579],[28.642493,44.182494],[28.642451,44.182455],[28.642334,44.182346],[28.642312,44.182315],[28.64223,44.182201],[28.642186,44.182176],[28.642163,44.182163],[28.642121,44.18214],[28.642054,44.182102],[28.641998,44.182066],[28.642062,44.182015],[28.642121,44.181966],[28.642208,44.181891],[28.642244,44.18186],[28.642265,44.181841],[28.64233,44.181784],[28.642368,44.181754],[28.642423,44.181709],[28.642532,44.181616],[28.642564,44.181589],[28.642693,44.181478],[28.642854,44.181341],[28.643015,44.181203],[28.643075,44.181151],[28.64317,44.181069],[28.643176,44.181064],[28.643336,44.180926],[28.643465,44.180814],[28.643495,44.180788],[28.643616,44.180688],[28.643659,44.180651],[28.64382,44.180513],[28.643981,44.180375],[28.644037,44.180327],[28.644142,44.180237],[28.644303,44.180099],[28.644464,44.179961],[28.644487,44.179942],[28.644625,44.179823],[28.644786,44.179685],[28.644926,44.179565],[28.644947,44.179547],[28.645108,44.17941],[28.645269,44.179272],[28.64543,44.179134],[28.645473,44.179097],[28.645564,44.179019],[28.645591,44.178996],[28.645752,44.178858],[28.645913,44.17872],[28.646073,44.178583],[28.646193,44.178481],[28.646233,44.178446],[28.646245,44.178437],[28.646303,44.178387],[28.646364,44.178334],[28.646395,44.178308],[28.646556,44.17817],[28.646717,44.178033],[28.646878,44.177895],[28.647039,44.177757],[28.6472,44.177619],[28.647361,44.177481],[28.647444,44.177411],[28.647523,44.177343],[28.647684,44.177205],[28.647845,44.177068],[28.648006,44.17693],[28.64804,44.176901],[28.648164,44.176795],[28.648164,44.176795],[28.648267,44.176706],[28.648328,44.176655],[28.64849,44.176517],[28.648653,44.17638],[28.648815,44.176243],[28.648977,44.176106],[28.64907,44.176028],[28.64914,44.17597],[28.649303,44.175834],[28.649364,44.175783],[28.649466,44.175697],[28.649629,44.175562],[28.649687,44.175513],[28.649768,44.175447],[28.649793,44.175427],[28.649867,44.175369],[28.649928,44.175334],[28.64998,44.175312],[28.649997,44.175305],[28.6501,44.175283],[28.65021,44.175274],[28.650232,44.175272],[28.650368,44.175283],[28.650448,44.175295],[28.650475,44.175299],[28.650575,44.175323],[28.650664,44.175354],[28.650677,44.17536],[28.650893,44.175452],[28.651051,44.175519],[28.651112,44.175519],[28.651189,44.175519],[28.651253,44.175525],[28.651331,44.175541],[28.651365,44.175548],[28.651411,44.175557],[28.651493,44.175557],[28.651594,44.175523],[28.6516,44.175518],[28.651676,44.175466],[28.651761,44.175371],[28.651787,44.175341],[28.651922,44.175242],[28.651924,44.17524],[28.65214,44.17516],[28.652176,44.175146],[28.65235,44.175081],[28.652428,44.175052],[28.652577,44.175032],[28.65259,44.175032],[28.652768,44.17503],[28.652852,44.175],[28.653077,44.17492],[28.653301,44.17484],[28.653526,44.174759],[28.65375,44.174679],[28.653975,44.174599],[28.654199,44.174519],[28.654423,44.174438],[28.654648,44.174358],[28.654872,44.174278],[28.655096,44.174198],[28.655321,44.174118],[28.655545,44.174037],[28.65575,44.173964],[28.655774,44.173954],[28.655989,44.173861],[28.656103,44.173812],[28.656205,44.17376],[28.65641,44.173656],[28.65642,44.173651],[28.65661,44.173543],[28.656699,44.173492],[28.656806,44.173422],[28.656949,44.173328],[28.656993,44.173298],[28.657062,44.17325],[28.657172,44.173173],[28.657299,44.173085],[28.657354,44.173042],[28.657523,44.17291],[28.657609,44.172843],[28.657672,44.172737],[28.657707,44.17268],[28.657788,44.17259],[28.657874,44.172495],[28.657925,44.172439],[28.658063,44.172289],[28.658119,44.172229],[28.6582,44.172138],[28.658336,44.171987],[28.658472,44.171836],[28.658608,44.171685],[28.658663,44.171624],[28.658744,44.171534],[28.658797,44.171475],[28.658858,44.171407],[28.658879,44.17138],[28.659006,44.171225],[28.659043,44.17118],[28.659133,44.17107],[28.659259,44.170915],[28.659386,44.17076],[28.659393,44.170752],[28.659462,44.170653],[28.659488,44.170602],[28.659491,44.170596],[28.659508,44.170552],[28.659541,44.17043],[28.659545,44.170421],[28.659578,44.170339],[28.659599,44.170302],[28.659623,44.170281],[28.659647,44.170269],[28.659687,44.170247],[28.659801,44.170193],[28.659856,44.170178],[28.659916,44.170162],[28.660079,44.170204],[28.660089,44.170206],[28.660205,44.170245],[28.660308,44.170283],[28.660459,44.170339],[28.66053,44.170367],[28.660751,44.170453],[28.660971,44.170539],[28.661088,44.170585],[28.661157,44.17062],[28.661179,44.170634],[28.661211,44.170656],[28.661259,44.1707],[28.661289,44.170733],[28.661324,44.170777],[28.661347,44.170806],[28.661569,44.170835],[28.661816,44.170867],[28.662063,44.170899],[28.66231,44.170931],[28.662522,44.170958],[28.662556,44.170963],[28.662729,44.170985],[28.662802,44.170999],[28.662963,44.17103],[28.663034,44.171056],[28.66321,44.171122],[28.663255,44.171139],[28.663339,44.171171],[28.663442,44.17124],[28.663625,44.171363],[28.663807,44.171487],[28.663959,44.171589],[28.66399,44.17161],[28.664173,44.171733],[28.664356,44.171856],[28.664407,44.171891],[28.664439,44.171961],[28.664439,44.171991],[28.664438,44.17203],[28.66437,44.172149],[28.664275,44.172315],[28.664264,44.172333],[28.664169,44.172477],[28.66406,44.172639],[28.664032,44.172682],[28.664005,44.172728],[28.664011,44.172809],[28.664013,44.172812],[28.664057,44.172897],[28.66414,44.172961],[28.664149,44.172968],[28.664376,44.173038],[28.664482,44.173071],[28.664601,44.173116],[28.664613,44.173121],[28.664698,44.173183],[28.664712,44.173263],[28.66472,44.173305],[28.664671,44.173433],[28.66466,44.17346],[28.664611,44.173559],[28.664581,44.173601],[28.664465,44.17376],[28.66445,44.173781],[28.664344,44.173917],[28.664342,44.17392],[28.664294,44.173981],[28.664251,44.174032]]},"properties":{"line":"42","dir":"0","headsign":"Portul Tomis","mode":"bus","color":"#0059a9"}},{"type":"Feature","geometry":{"type":"LineString","coordinates":[[28.664251,44.174032],[28.664245,44.174038],[28.664194,44.17408],[28.66414,44.174104],[28.664046,44.174112],[28.664025,44.174114],[28.663978,44.174107],[28.663938,44.174093],[28.66388,44.174057],[28.66384,44.17403],[28.663661,44.173905],[28.663655,44.173901],[28.663489,44.173776],[28.663388,44.173699],[28.663322,44.173642],[28.663247,44.173577],[28.663247,44.173577],[28.66345,44.173572],[28.6637,44.173566],[28.663951,44.173559],[28.663972,44.173559],[28.6642,44.173559],[28.664331,44.173559],[28.664451,44.173559],[28.664611,44.173559],[28.66466,44.17346],[28.664674,44.173424],[28.66472,44.173305],[28.664708,44.173238],[28.664698,44.173183],[28.664613,44.173121],[28.664541,44.173093],[28.664482,44.173071],[28.664312,44.173018],[28.664149,44.172968],[28.664105,44.172934],[28.664057,44.172897],[28.664011,44.172809],[28.664011,44.172804],[28.664005,44.172728],[28.664032,44.172682],[28.664052,44.172651],[28.66416,44.172489],[28.664264,44.172333],[28.664269,44.172325],[28.664364,44.172158],[28.664438,44.17203],[28.664439,44.171961],[28.66443,44.171942],[28.664407,44.171891],[28.664251,44.171786],[28.664069,44.171663],[28.663959,44.171589],[28.663886,44.171539],[28.663703,44.171416],[28.66352,44.171293],[28.663339,44.171171],[28.663326,44.171166],[28.66321,44.171122],[28.663107,44.171084],[28.662963,44.17103],[28.662869,44.171012],[28.662729,44.170985],[28.662622,44.170971],[28.662522,44.170958],[28.662375,44.170939],[28.662128,44.170907],[28.661882,44.170876],[28.661635,44.170844],[28.661388,44.170812],[28.661347,44.170806],[28.661289,44.170733],[28.661259,44.1707],[28.661255,44.170696],[28.661211,44.170656],[28.661157,44.17062],[28.661088,44.170585],[28.661061,44.170574],[28.66084,44.170488],[28.66062,44.170402],[28.660459,44.170339],[28.660384,44.170327],[28.660191,44.170295],[28.660145,44.170293],[28.660134,44.170292],[28.660078,44.170297],[28.660024,44.170312],[28.65994,44.17035],[28.659896,44.170369],[28.659853,44.170409],[28.65979,44.170455],[28.659767,44.17047],[28.659676,44.170532],[28.659644,44.170562],[28.659607,44.170602],[28.659591,44.170619],[28.659563,44.170653],[28.659487,44.170757],[28.659486,44.170758],[28.659395,44.170904],[28.659384,44.170919],[28.659266,44.171073],[28.659159,44.171213],[28.659145,44.17123],[28.659103,44.171285],[28.659003,44.171374],[28.658958,44.171415],[28.658854,44.1715],[28.658844,44.171512],[28.658715,44.171662],[28.658583,44.171815],[28.658451,44.171967],[28.658319,44.17212],[28.658319,44.172121],[28.658197,44.172276],[28.658127,44.172366],[28.658061,44.172431],[28.657913,44.172576],[28.657779,44.172707],[28.65776,44.172722],[28.657609,44.172843],[28.657592,44.172856],[28.657423,44.172988],[28.657299,44.173085],[28.65725,44.173119],[28.65707,44.173244],[28.657062,44.17325],[28.656949,44.173328],[28.656888,44.173368],[28.656703,44.17349],[28.656699,44.173492],[28.656505,44.173603],[28.65642,44.173651],[28.656302,44.173711],[28.656103,44.173812],[28.656095,44.173815],[28.65588,44.173908],[28.65575,44.173964],[28.655659,44.173997],[28.655435,44.174077],[28.655211,44.174157],[28.654986,44.174237],[28.654762,44.174317],[28.654537,44.174398],[28.654313,44.174478],[28.654088,44.174558],[28.653864,44.174638],[28.653639,44.174719],[28.653415,44.174799],[28.65319,44.174879],[28.652966,44.17496],[28.652768,44.17503],[28.652741,44.17504],[28.652552,44.175108],[28.652517,44.17512],[28.652389,44.175167],[28.652304,44.175207],[28.652097,44.175306],[28.65205,44.175328],[28.651993,44.175361],[28.651914,44.17541],[28.651903,44.175421],[28.651855,44.175465],[28.65177,44.175557],[28.651718,44.175612],[28.651693,44.175653],[28.65167,44.175688],[28.651669,44.175711],[28.651659,44.175731],[28.65164,44.175748],[28.651614,44.17576],[28.651585,44.175765],[28.651554,44.175763],[28.651526,44.175754],[28.651503,44.175739],[28.651496,44.175736],[28.65129,44.175633],[28.651122,44.175548],[28.651078,44.17553],[28.651051,44.175519],[28.650863,44.175439],[28.650664,44.175354],[28.650641,44.175347],[28.650575,44.175323],[28.650475,44.175299],[28.650392,44.175286],[28.650368,44.175283],[28.650232,44.175272],[28.650138,44.17528],[28.6501,44.175283],[28.649997,44.175305],[28.649928,44.175334],[28.649894,44.175353],[28.649867,44.175369],[28.649768,44.175447],[28.649716,44.175489],[28.649687,44.175513],[28.649553,44.175624],[28.649391,44.17576],[28.649364,44.175783],[28.649229,44.175895],[28.649071,44.176028],[28.64907,44.176028],[28.648908,44.176165],[28.648746,44.176302],[28.648583,44.176439],[28.648421,44.176576],[28.648267,44.176706],[28.648259,44.176713],[28.648164,44.176795],[28.648098,44.176851],[28.64804,44.176901],[28.647937,44.176989],[28.647776,44.177127],[28.647615,44.177264],[28.647454,44.177402],[28.647444,44.177411],[28.647292,44.17754],[28.647131,44.177678],[28.64697,44.177816],[28.646809,44.177954],[28.646648,44.178091],[28.646487,44.178229],[28.646364,44.178334],[28.646327,44.178366],[28.646303,44.178387],[28.646245,44.178437],[28.646193,44.178481],[28.646166,44.178503],[28.646005,44.178641],[28.645845,44.178779],[28.645683,44.178916],[28.645564,44.179019],[28.645522,44.179054],[28.645473,44.179097],[28.645361,44.179192],[28.6452,44.17933],[28.645039,44.179468],[28.644926,44.179565],[28.644878,44.179606],[28.644717,44.179744],[28.644556,44.179882],[28.644487,44.179942],[28.644395,44.18002],[28.644234,44.180158],[28.644073,44.180296],[28.644037,44.180327],[28.643912,44.180434],[28.643751,44.180572],[28.643616,44.180688],[28.64359,44.18071],[28.643465,44.180814],[28.643428,44.180846],[28.643268,44.180984],[28.64317,44.181069],[28.643108,44.181123],[28.643075,44.181151],[28.642947,44.18126],[28.642787,44.181398],[28.642626,44.181536],[28.642564,44.181589],[28.642465,44.181673],[28.642423,44.181709],[28.64233,44.181784],[28.642301,44.18181],[28.642265,44.181841],[28.642244,44.18186],[28.642268,44.181904],[28.642316,44.181996],[28.642402,44.182161],[28.642404,44.182164],[28.642471,44.182278],[28.642521,44.182324],[28.64262,44.182416],[28.642688,44.182462],[28.642869,44.182584],[28.642895,44.182602],[28.643061,44.1827],[28.643254,44.182815],[28.643277,44.182829],[28.643326,44.182858],[28.643446,44.18293],[28.643639,44.183046],[28.643731,44.183102],[28.64383,44.183163],[28.64402,44.18328],[28.644071,44.183312],[28.64421,44.183397],[28.644244,44.183418],[28.644396,44.183518],[28.644494,44.183583],[28.644562,44.183652],[28.644706,44.183799],[28.644714,44.183807],[28.644845,44.183949],[28.644983,44.184099],[28.645122,44.184248],[28.645155,44.184284],[28.64526,44.184399],[28.645398,44.184549],[28.645436,44.184591],[28.645487,44.184645],[28.645496,44.184655],[28.645536,44.184699],[28.645624,44.184796],[28.645683,44.184846],[28.645754,44.184907],[28.645765,44.184916],[28.645853,44.184979],[28.645905,44.185016],[28.646036,44.185103],[28.646219,44.185225],[28.646224,44.185228],[28.646403,44.185348],[28.646526,44.185429],[28.646493,44.185456],[28.646393,44.185536],[28.646325,44.18559],[28.646229,44.185668],[28.646208,44.185684],[28.646157,44.185723],[28.64611,44.185759],[28.646038,44.185816],[28.645987,44.185856],[28.645873,44.185945],[28.645819,44.185989],[28.645787,44.186014],[28.645651,44.186123],[28.645644,44.186128],[28.645484,44.186257],[28.645424,44.186304],[28.645319,44.186393],[28.645156,44.18653],[28.645082,44.186592],[28.644993,44.186666],[28.644961,44.186692],[28.644834,44.186806],[28.644678,44.186947],[28.644655,44.186967],[28.644551,44.18707],[28.644531,44.187093],[28.644398,44.187246],[28.644265,44.187398],[28.644132,44.187551],[28.644116,44.187568],[28.643993,44.1877],[28.643853,44.18785],[28.643748,44.187962],[28.643713,44.187999],[28.643663,44.188053],[28.643578,44.188151],[28.643555,44.188176],[28.643444,44.188303],[28.643311,44.188456],[28.643205,44.188577],[28.643178,44.188608],[28.643045,44.18876],[28.642912,44.188913],[28.64287,44.188961],[28.642781,44.189066],[28.64265,44.18922],[28.642519,44.189373],[28.642388,44.189527],[28.642257,44.18968],[28.642127,44.189834],[28.642081,44.189888],[28.642003,44.189979],[28.641996,44.189987],[28.641929,44.19007],[28.641891,44.190115],[28.641868,44.190142],[28.641739,44.190296],[28.64161,44.19045],[28.641481,44.190604],[28.641351,44.190758],[28.641222,44.190913],[28.641193,44.190947],[28.641091,44.191066],[28.641023,44.191144],[28.640959,44.191219],[28.640872,44.191319],[28.640826,44.191372],[28.640822,44.191377],[28.640697,44.191526],[28.640567,44.19168],[28.640452,44.191817],[28.640438,44.191834],[28.640407,44.191869],[28.640304,44.191986],[28.640169,44.192138],[28.640154,44.192155],[28.640035,44.19229],[28.639901,44.192441],[28.639816,44.192537],[28.639784,44.192574],[28.639767,44.192593],[28.639633,44.192746],[28.639561,44.192828],[28.639499,44.192898],[28.639372,44.193041],[28.639363,44.193051],[28.639138,44.192948],[28.639119,44.192939],[28.638907,44.192886],[28.638846,44.192871],[28.638713,44.19285],[28.638666,44.192849],[28.63859,44.192847],[28.638476,44.192863],[28.638426,44.192876],[28.638373,44.192889],[28.638207,44.192958],[28.638091,44.193007],[28.638005,44.193066],[28.637824,44.193191],[28.6378,44.193208],[28.637643,44.193315],[28.637492,44.193417],[28.63746,44.193438],[28.637277,44.193561],[28.637234,44.19359],[28.637092,44.193683],[28.636907,44.193804],[28.636722,44.193926],[28.636537,44.194047],[28.636352,44.194169],[28.636315,44.194193],[28.636245,44.19424],[28.636168,44.194291],[28.636092,44.194342],[28.635983,44.194412],[28.635839,44.194505],[28.635797,44.194532],[28.635609,44.194652],[28.635422,44.194771],[28.635234,44.194891],[28.635047,44.195011],[28.63486,44.19513],[28.634672,44.19525],[28.634485,44.195369],[28.634297,44.195489],[28.63411,44.195608],[28.633923,44.195728],[28.633735,44.195848],[28.633604,44.195931],[28.633547,44.195967],[28.633359,44.196086],[28.633171,44.196205],[28.633117,44.196239],[28.632983,44.196324],[28.632795,44.196443],[28.632725,44.196487],[28.63261,44.196564],[28.632604,44.196568],[28.632537,44.196612],[28.632426,44.196686],[28.632241,44.196808],[28.632057,44.19693],[28.631872,44.197052],[28.63183,44.19708],[28.631679,44.197167],[28.631659,44.197179],[28.631493,44.197287],[28.631308,44.197409],[28.631123,44.19753],[28.631085,44.197555],[28.63105,44.197578],[28.631038,44.197586],[28.631028,44.197593],[28.63094,44.197652],[28.630756,44.197774],[28.630573,44.197897],[28.630493,44.19795],[28.630389,44.19802],[28.630206,44.198142],[28.630022,44.198265],[28.629839,44.198387],[28.629655,44.19851],[28.629624,44.198531],[28.629471,44.198632],[28.629286,44.198754],[28.629275,44.198762],[28.629194,44.198814],[28.629101,44.198875],[28.628917,44.198997],[28.628845,44.199045],[28.628802,44.199073],[28.628777,44.19909],[28.628733,44.199119],[28.628611,44.199202],[28.628548,44.199242],[28.628362,44.199362],[28.628236,44.199442],[28.628177,44.199483],[28.628076,44.199551],[28.628041,44.199573],[28.627992,44.199605],[28.627805,44.199724],[28.627739,44.199767],[28.627619,44.199845],[28.627435,44.199967],[28.627251,44.200089],[28.627066,44.200211],[28.627057,44.200217],[28.626883,44.200334],[28.626851,44.200356],[28.626711,44.200448],[28.626698,44.200456],[28.626513,44.200577],[28.626484,44.200595],[28.626328,44.200698],[28.626144,44.200821],[28.62596,44.200943],[28.625776,44.201065],[28.62563,44.201162],[28.625592,44.201187],[28.625407,44.201309],[28.625223,44.201431],[28.625039,44.201553],[28.624908,44.20164],[28.624855,44.201675],[28.624685,44.201788],[28.624671,44.201797],[28.624553,44.201877],[28.624488,44.20192],[28.624303,44.202042],[28.624119,44.202164],[28.62394,44.202283],[28.623756,44.202405],[28.623572,44.202527],[28.623512,44.202566],[28.623387,44.202648],[28.623313,44.202697],[28.623243,44.202805],[28.623153,44.202944],[28.623144,44.202965],[28.623114,44.203034],[28.623113,44.203078],[28.623114,44.203096],[28.62313,44.203136],[28.623139,44.203157],[28.6232,44.203234],[28.623242,44.203287],[28.623347,44.203418],[28.623369,44.20344],[28.623468,44.203534],[28.62352,44.203583],[28.623652,44.203709],[28.623669,44.20373],[28.623793,44.203886],[28.623917,44.204042],[28.623988,44.204133],[28.624032,44.204199],[28.62414,44.204362],[28.624201,44.204455],[28.62424,44.204448],[28.624279,44.20445],[28.624315,44.204462],[28.624338,44.204478],[28.624344,44.204482],[28.624362,44.204507],[28.624367,44.204535],[28.624359,44.204563],[28.624339,44.204587],[28.624308,44.204605],[28.624291,44.20461],[28.624273,44.204615],[28.624235,44.204616],[28.624198,44.204608],[28.624167,44.204592],[28.624071,44.204659],[28.62389,44.204784],[28.623832,44.204824],[28.623827,44.204828],[28.623755,44.204878],[28.62371,44.204909],[28.62363,44.204965],[28.62353,44.205034],[28.623349,44.205158],[28.623348,44.205159],[28.62316,44.205276],[28.623116,44.205304],[28.623038,44.205428],[28.622934,44.205592],[28.622867,44.205698],[28.622833,44.205755],[28.622773,44.205856],[28.622743,44.205922],[28.622702,44.206012],[28.622675,44.206093],[28.622655,44.206153],[28.622632,44.206249],[28.622629,44.206266],[28.622606,44.206445],[28.622594,44.206537],[28.622591,44.206622],[28.622586,44.206765],[28.622589,44.206799],[28.622604,44.206979],[28.62261,44.207051],[28.622626,44.207158],[28.622648,44.207313],[28.622653,44.207336],[28.622684,44.207477],[28.622694,44.207513],[28.622743,44.207689],[28.622773,44.207795],[28.622797,44.207864],[28.622819,44.207925],[28.622867,44.208035],[28.62287,44.208043],[28.62294,44.208207],[28.623001,44.208352],[28.623013,44.208377],[28.623099,44.208546],[28.623185,44.208715],[28.623271,44.208884],[28.623317,44.208974],[28.62336,44.209051],[28.623369,44.209068],[28.623461,44.209215],[28.623563,44.209379],[28.623666,44.209544],[28.623769,44.209708],[28.623871,44.209872],[28.623974,44.210036],[28.624049,44.210156],[28.624076,44.2102],[28.624148,44.210319],[28.624176,44.210365],[28.624276,44.21053],[28.624355,44.21066],[28.624377,44.210695],[28.624438,44.210797],[28.624378,44.210827],[28.624348,44.210843],[28.624197,44.210921],[28.623996,44.211025],[28.623949,44.211049],[28.623829,44.211111],[28.6238,44.211127],[28.623733,44.211163]]},"properties":{"line":"42","dir":"1","headsign":"Cap Linie Tomis Nord","mode":"bus","color":"#0059a9"}},{"type":"Feature","geometry":{"type":"LineString","coordinates":[[28.605991,44.211525],[28.605811,44.211401],[28.605768,44.211372],[28.605768,44.211372],[28.605798,44.211392],[28.605979,44.211517],[28.606161,44.211641],[28.606342,44.211766],[28.606523,44.21189],[28.606704,44.212014],[28.606885,44.212139],[28.607067,44.212263],[28.607248,44.212387],[28.607429,44.212512],[28.607478,44.212546],[28.60761,44.212636],[28.607719,44.212711],[28.607771,44.212772],[28.607781,44.212783],[28.607816,44.212814],[28.607889,44.212879],[28.607925,44.212912],[28.607942,44.212927],[28.60799,44.212954],[28.608023,44.212987],[28.608042,44.213024],[28.608047,44.213064],[28.608041,44.213093],[28.608148,44.213193],[28.608195,44.213223],[28.608249,44.213238],[28.608313,44.213239],[28.608372,44.213226],[28.608411,44.213212],[28.608419,44.21321],[28.608575,44.213155],[28.608636,44.213111],[28.608812,44.212983],[28.608988,44.212855],[28.609164,44.212727],[28.60934,44.212599],[28.609517,44.212471],[28.609693,44.212343],[28.609869,44.212215],[28.610045,44.212087],[28.610221,44.211959],[28.610397,44.211831],[28.610574,44.211703],[28.61075,44.211575],[28.610761,44.211566],[28.610927,44.211448],[28.611105,44.211321],[28.611239,44.211226],[28.611284,44.211196],[28.611413,44.211107],[28.611465,44.21107],[28.611642,44.210943],[28.611819,44.210816],[28.611997,44.210688],[28.612174,44.210561],[28.612351,44.210434],[28.612528,44.210306],[28.612705,44.210179],[28.612746,44.21015],[28.612882,44.210051],[28.613058,44.209923],[28.613233,44.209794],[28.61329,44.209753],[28.613409,44.209666],[28.613453,44.209634],[28.613586,44.209539],[28.613764,44.209413],[28.613795,44.209391],[28.613939,44.209282],[28.613948,44.209275],[28.614095,44.209157],[28.614098,44.209154],[28.614254,44.209019],[28.614285,44.208991],[28.614409,44.208878],[28.614489,44.208804],[28.614566,44.208737],[28.614672,44.208647],[28.614728,44.2086],[28.614891,44.208463],[28.615043,44.208337],[28.615054,44.208326],[28.615213,44.208187],[28.615371,44.208047],[28.615414,44.208009],[28.615488,44.207943],[28.615527,44.207906],[28.61568,44.207764],[28.615834,44.207622],[28.615865,44.207593],[28.615893,44.207568],[28.615966,44.207504],[28.61599,44.207484],[28.616156,44.207349],[28.616227,44.20729],[28.61633,44.207222],[28.616513,44.2071],[28.616524,44.207093],[28.616705,44.206988],[28.616878,44.206887],[28.616901,44.206872],[28.617087,44.206751],[28.617272,44.206629],[28.617457,44.206508],[28.617642,44.206387],[28.617677,44.206365],[28.617828,44.206266],[28.617979,44.206167],[28.618013,44.206143],[28.618036,44.206128],[28.618121,44.206072],[28.618197,44.206023],[28.618383,44.205902],[28.618568,44.20578],[28.618754,44.205659],[28.618939,44.205538],[28.619125,44.205417],[28.61931,44.205296],[28.619496,44.205175],[28.619682,44.205054],[28.619867,44.204933],[28.619977,44.204861],[28.620053,44.204812],[28.62008,44.204794],[28.620238,44.204691],[28.620377,44.204599],[28.620423,44.204569],[28.620572,44.204471],[28.620608,44.204449],[28.620796,44.20433],[28.620984,44.204211],[28.621096,44.204141],[28.621173,44.204093],[28.621274,44.204029],[28.621361,44.203974],[28.621452,44.203918],[28.62155,44.203857],[28.621662,44.203787],[28.621739,44.203738],[28.621807,44.203695],[28.621925,44.203621],[28.622055,44.20354],[28.622114,44.203504],[28.622271,44.203407],[28.622304,44.203386],[28.622488,44.203272],[28.622498,44.203265],[28.62265,44.203161],[28.62268,44.203141],[28.622846,44.203026],[28.622846,44.203026],[28.62304,44.202889],[28.623219,44.202763],[28.623313,44.202697],[28.623398,44.202641],[28.623512,44.202566],[28.623583,44.202519],[28.623767,44.202397],[28.623951,44.202275],[28.624128,44.202158],[28.624313,44.202036],[28.624497,44.201914],[28.624553,44.201877],[28.624681,44.201791],[28.624685,44.201788],[28.624864,44.201669],[28.624908,44.20164],[28.625048,44.201547],[28.625233,44.201425],[28.625417,44.201303],[28.625601,44.201181],[28.62563,44.201162],[28.625785,44.201059],[28.625969,44.200937],[28.626153,44.200814],[28.626338,44.200692],[28.626484,44.200595],[28.626522,44.200571],[28.626707,44.20045],[28.626711,44.200448],[28.626851,44.200356],[28.626892,44.200328],[28.627057,44.200217],[28.627075,44.200205],[28.62726,44.200083],[28.627444,44.199961],[28.627629,44.199839],[28.627739,44.199767],[28.627813,44.199719],[28.628001,44.199599],[28.628041,44.199573],[28.628076,44.199551],[28.628186,44.199476],[28.628236,44.199442],[28.628371,44.199356],[28.628557,44.199236],[28.628611,44.199202],[28.628743,44.199113],[28.628777,44.19909],[28.628802,44.199073],[28.628845,44.199045],[28.628926,44.198991],[28.629111,44.198869],[28.629194,44.198814],[28.629275,44.198762],[28.629296,44.198748],[28.62948,44.198626],[28.629624,44.198531],[28.629665,44.198504],[28.629848,44.198381],[28.630032,44.198258],[28.630215,44.198136],[28.630399,44.198013],[28.630493,44.19795],[28.630582,44.197891],[28.630766,44.197768],[28.630949,44.197645],[28.631028,44.197593],[28.631038,44.197586],[28.63105,44.197578],[28.631085,44.197555],[28.631133,44.197523],[28.631318,44.197402],[28.631503,44.197281],[28.631659,44.197179],[28.631687,44.197163],[28.63183,44.19708],[28.631882,44.197045],[28.632067,44.196923],[28.632251,44.196801],[28.632436,44.196679],[28.632537,44.196612],[28.632604,44.196568],[28.63262,44.196557],[28.632725,44.196487],[28.632804,44.196437],[28.632992,44.196318],[28.633117,44.196239],[28.633181,44.196199],[28.633369,44.19608],[28.633557,44.195961],[28.633604,44.195931],[28.633745,44.195842],[28.633932,44.195722],[28.634119,44.195602],[28.634307,44.195483],[28.634494,44.195363],[28.634682,44.195244],[28.634869,44.195124],[28.635056,44.195005],[28.635244,44.194885],[28.635431,44.194765],[28.635619,44.194646],[28.635806,44.194526],[28.635839,44.194505],[28.635993,44.194406],[28.636092,44.194342],[28.636179,44.194284],[28.636245,44.19424],[28.636315,44.194193],[28.636363,44.194162],[28.636548,44.194041],[28.636733,44.193919],[28.636918,44.193798],[28.637103,44.193676],[28.637234,44.19359],[28.637288,44.193554],[28.637471,44.193431],[28.637492,44.193417],[28.637653,44.193308],[28.6378,44.193208],[28.637835,44.193184],[28.638015,44.193059],[28.638091,44.193007],[28.638193,44.192928],[28.638363,44.192797],[28.638457,44.192724],[28.638532,44.19266],[28.638544,44.192651],[28.638651,44.192549],[28.638668,44.192532],[28.638687,44.192513],[28.63877,44.19243],[28.638833,44.192367],[28.638913,44.192288],[28.63898,44.192221],[28.639073,44.192129],[28.639126,44.192073],[28.639267,44.191925],[28.639301,44.19189],[28.639404,44.19177],[28.639419,44.191753],[28.639476,44.191687],[28.639535,44.191616],[28.639581,44.19156],[28.639642,44.191487],[28.639663,44.191462],[28.639736,44.191376],[28.639794,44.19131],[28.639926,44.191157],[28.640059,44.191004],[28.640191,44.190851],[28.640324,44.190699],[28.640456,44.190546],[28.640589,44.190393],[28.640695,44.190271],[28.640721,44.190241],[28.640853,44.190088],[28.640985,44.189935],[28.641116,44.189782],[28.641248,44.189629],[28.641251,44.189626],[28.641381,44.189476],[28.641514,44.189324],[28.641647,44.189171],[28.641705,44.189104],[28.641778,44.189018],[28.641909,44.188864],[28.642039,44.188711],[28.64217,44.188557],[28.6423,44.188404],[28.642431,44.18825],[28.642522,44.188143],[28.642561,44.188096],[28.642642,44.188002],[28.642692,44.187943],[28.642781,44.187838],[28.642822,44.187789],[28.642832,44.187778],[28.642897,44.187702],[28.642954,44.187637],[28.643004,44.18758],[28.643087,44.187486],[28.643223,44.187335],[28.643358,44.187184],[28.643494,44.187033],[28.643629,44.186881],[28.643765,44.18673],[28.643901,44.186579],[28.644036,44.186427],[28.644172,44.186276],[28.644196,44.186249],[28.644239,44.186201],[28.644309,44.186127],[28.644451,44.185978],[28.64452,44.185906],[28.644594,44.185831],[28.644739,44.185684],[28.644843,44.185579],[28.644884,44.185538],[28.645029,44.185391],[28.645168,44.18525],[28.645173,44.185244],[28.645319,44.185098],[28.645391,44.185025],[28.645408,44.185008],[28.645463,44.184949],[28.645508,44.1849],[28.645564,44.184849],[28.64561,44.184808],[28.645624,44.184796],[28.645741,44.184678],[28.645751,44.184668],[28.645759,44.184659],[28.645812,44.184605],[28.645901,44.18451],[28.645952,44.184457],[28.646043,44.184362],[28.646185,44.184214],[28.646327,44.184066],[28.646436,44.183951],[28.646469,44.183918],[28.646614,44.183771],[28.646752,44.183632],[28.64679,44.183594],[28.64721,44.18318],[28.647727,44.182662],[28.647773,44.182618],[28.64816,44.182211],[28.648477,44.181901],[28.648505,44.181871],[28.648564,44.181816],[28.649052,44.181318],[28.649157,44.181211],[28.649388,44.180976],[28.649708,44.180649],[28.650009,44.180339],[28.650042,44.180307],[28.650077,44.180272],[28.650189,44.18016],[28.650237,44.180112],[28.650298,44.180047],[28.650332,44.180013],[28.650477,44.179866],[28.650622,44.179719],[28.650767,44.179572],[28.650911,44.179425],[28.650913,44.179424],[28.651055,44.179278],[28.651199,44.17913],[28.651342,44.178983],[28.651485,44.178835],[28.651629,44.178688],[28.651654,44.178662],[28.651758,44.178559],[28.651698,44.178529],[28.651491,44.178428],[28.651284,44.178326],[28.651077,44.178224],[28.651015,44.178194],[28.650913,44.178144],[28.65087,44.178123],[28.650663,44.178021],[28.650456,44.177919],[28.650249,44.177818],[28.650042,44.177716],[28.649994,44.177693],[28.649835,44.177615],[28.649815,44.177605],[28.649628,44.177513],[28.649421,44.177412],[28.649214,44.17731],[28.649135,44.177271],[28.649007,44.177208],[28.648876,44.177144],[28.6488,44.177107],[28.648776,44.177095],[28.648593,44.177005],[28.648386,44.176904],[28.648318,44.17687],[28.648313,44.176868],[28.648179,44.176802],[28.648164,44.176795],[28.648046,44.176737],[28.647972,44.1767],[28.647765,44.176599],[28.647558,44.176497],[28.647351,44.176396],[28.647144,44.176294],[28.646937,44.176193],[28.64673,44.176091],[28.646523,44.175989],[28.646316,44.175888],[28.646294,44.175877],[28.646109,44.175786],[28.645902,44.175685],[28.645794,44.175632],[28.645695,44.175583],[28.645488,44.175481],[28.645281,44.17538],[28.645074,44.175278],[28.644867,44.175177],[28.644808,44.175148],[28.64466,44.175075],[28.644476,44.174985],[28.644453,44.174973],[28.644282,44.17489],[28.644276,44.174887],[28.644246,44.174872],[28.644144,44.174822],[28.644039,44.17477],[28.643832,44.174669],[28.643625,44.174567],[28.643418,44.174466],[28.643211,44.174364],[28.643004,44.174262],[28.642797,44.174161],[28.642634,44.174081],[28.64259,44.174059],[28.642383,44.173957],[28.642253,44.173893],[28.642187,44.173851],[28.642117,44.173808],[28.642112,44.173804],[28.64201,44.173727],[28.641838,44.173596],[28.641826,44.173586],[28.641775,44.173548],[28.641666,44.173465],[28.641493,44.173335],[28.641342,44.17322],[28.641321,44.173204],[28.641149,44.173073],[28.640976,44.172943],[28.640851,44.172848],[28.640804,44.172812],[28.640634,44.17268],[28.640481,44.172561],[28.640464,44.172548],[28.640411,44.172507],[28.640293,44.172416],[28.640123,44.172284],[28.639952,44.172152],[28.639823,44.172052],[28.639781,44.17202],[28.639758,44.172002],[28.63961,44.171889],[28.639439,44.171757],[28.639268,44.171626],[28.639135,44.171523],[28.639097,44.171494],[28.638926,44.171363],[28.638755,44.171231],[28.638733,44.171214],[28.638611,44.17112],[28.638584,44.1711],[28.63844,44.170989],[28.638409,44.170968],[28.638345,44.170924],[28.638228,44.170844],[28.638125,44.170773],[28.638037,44.170724],[28.637915,44.170657],[28.637832,44.170617],[28.637784,44.170593],[28.637617,44.170521],[28.637615,44.17052],[28.637479,44.170462],[28.637458,44.170453],[28.637385,44.17043],[28.637177,44.170365],[28.637156,44.170358],[28.637027,44.170318],[28.636927,44.170286],[28.636756,44.170232],[28.636742,44.170228],[28.636697,44.170215],[28.636465,44.170147],[28.636233,44.170079],[28.636,44.170011],[28.635768,44.169943],[28.635536,44.169875],[28.635304,44.169807],[28.635071,44.169739],[28.634839,44.169671],[28.634646,44.169615],[28.634607,44.169604],[28.634374,44.169536],[28.634156,44.169473],[28.634142,44.169469],[28.63391,44.169399],[28.633767,44.169356],[28.633678,44.16933],[28.633642,44.169319],[28.633446,44.169262],[28.633396,44.169247],[28.633269,44.16921],[28.633214,44.169194],[28.633062,44.169149],[28.633007,44.169133],[28.632982,44.169126],[28.632978,44.169124],[28.632935,44.169112],[28.632831,44.169001],[28.632797,44.168964],[28.632856,44.16887],[28.632881,44.168823],[28.632973,44.168657],[28.633021,44.16857],[28.633046,44.168526]]},"properties":{"line":"43C","dir":"0","headsign":"Cap Linie Gara","mode":"bus","color":"#0059a9"}},{"type":"Feature","geometry":{"type":"LineString","coordinates":[[28.633047,44.168524],[28.633073,44.168479],[28.63313,44.168371],[28.633139,44.16836],[28.633148,44.168348],[28.633174,44.168327],[28.633206,44.168309],[28.633241,44.168296],[28.633288,44.168288],[28.633323,44.16829],[28.633327,44.168291],[28.633363,44.168297],[28.63341,44.168316],[28.633463,44.168339],[28.633489,44.168359],[28.63351,44.168382],[28.633517,44.168396],[28.633526,44.168419],[28.633529,44.168451],[28.633521,44.168492],[28.633502,44.168529],[28.633469,44.168556],[28.63346,44.168561],[28.633427,44.168575],[28.633278,44.168626],[28.633243,44.168642],[28.633236,44.168647],[28.633196,44.168671],[28.633161,44.168701],[28.633135,44.168731],[28.6331,44.168798],[28.633033,44.168925],[28.633012,44.168966],[28.632935,44.169112],[28.632978,44.169124],[28.633007,44.169133],[28.633029,44.169139],[28.633062,44.169149],[28.633099,44.16916],[28.633269,44.16921],[28.633396,44.169247],[28.633642,44.169319],[28.633767,44.169356],[28.634156,44.169473],[28.634646,44.169615],[28.636742,44.170228],[28.636756,44.170232],[28.637027,44.170318],[28.637108,44.170343],[28.637177,44.170365],[28.637337,44.170415],[28.637458,44.170453],[28.637479,44.170462],[28.637562,44.170497],[28.637617,44.170521],[28.637776,44.17059],[28.637784,44.170593],[28.637915,44.170657],[28.637981,44.170694],[28.638125,44.170773],[28.638175,44.170807],[28.638345,44.170924],[28.638356,44.170931],[28.63844,44.170989],[28.638531,44.171059],[28.638611,44.17112],[28.638702,44.171191],[28.638733,44.171214],[28.638874,44.171322],[28.639045,44.171454],[28.639135,44.171523],[28.639216,44.171585],[28.639386,44.171717],[28.639557,44.171848],[28.639728,44.17198],[28.639758,44.172002],[28.639823,44.172052],[28.639899,44.172111],[28.64007,44.172243],[28.640241,44.172375],[28.640411,44.172507],[28.640481,44.172561],[28.640582,44.172639],[28.640752,44.172771],[28.640851,44.172848],[28.640923,44.172902],[28.641095,44.173033],[28.641268,44.173164],[28.641342,44.17322],[28.64144,44.173294],[28.641613,44.173425],[28.641775,44.173548],[28.641785,44.173556],[28.641826,44.173586],[28.641958,44.173686],[28.642112,44.173804],[28.642117,44.173808],[28.642132,44.173817],[28.642253,44.173893],[28.642327,44.173929],[28.642533,44.174031],[28.642634,44.174081],[28.64274,44.174133],[28.642947,44.174235],[28.643154,44.174336],[28.643361,44.174438],[28.643568,44.174539],[28.643775,44.174641],[28.643982,44.174743],[28.644144,44.174822],[28.644189,44.174844],[28.644276,44.174887],[28.644282,44.17489],[28.644396,44.174946],[28.644476,44.174985],[28.644603,44.175047],[28.644808,44.175148],[28.64481,44.175149],[28.645017,44.17525],[28.645224,44.175352],[28.645431,44.175454],[28.645638,44.175555],[28.645794,44.175632],[28.645845,44.175657],[28.646052,44.175758],[28.646259,44.17586],[28.646294,44.175877],[28.646466,44.175962],[28.646673,44.176063],[28.64688,44.176165],[28.647087,44.176266],[28.647294,44.176368],[28.647501,44.176469],[28.647708,44.176571],[28.647915,44.176673],[28.648046,44.176737],[28.648122,44.176774],[28.648164,44.176795],[28.648313,44.176868],[28.648318,44.17687],[28.648329,44.176876],[28.648536,44.176977],[28.648743,44.177079],[28.648776,44.177095],[28.648876,44.177144],[28.64895,44.177181],[28.649135,44.177271],[28.649157,44.177282],[28.649364,44.177384],[28.649571,44.177485],[28.649778,44.177587],[28.649815,44.177605],[28.649985,44.177688],[28.649994,44.177693],[28.650192,44.17779],[28.650399,44.177892],[28.650606,44.177993],[28.650813,44.178095],[28.650913,44.178144],[28.651015,44.178194],[28.65102,44.178196],[28.651227,44.178298],[28.651434,44.178399],[28.651641,44.178501],[28.651758,44.178559],[28.651848,44.178603],[28.651907,44.178632],[28.652055,44.178704],[28.652181,44.178766],[28.652262,44.178806],[28.652376,44.178862],[28.652469,44.178907],[28.652675,44.179009],[28.652759,44.17905],[28.652882,44.17911],[28.65305,44.179193],[28.653089,44.179212],[28.6531,44.179217],[28.653255,44.179293],[28.653296,44.179313],[28.653297,44.179314],[28.653303,44.179317],[28.653316,44.179323],[28.653352,44.179367],[28.653355,44.179405],[28.65335,44.179417],[28.653332,44.179462],[28.653254,44.179575],[28.653185,44.179675],[28.653149,44.179713],[28.653131,44.179732],[28.652989,44.17988],[28.652846,44.180029],[28.652704,44.180177],[28.652585,44.180302],[28.652562,44.180325],[28.652534,44.180354],[28.65244,44.180453],[28.65242,44.180473],[28.652338,44.18056],[28.652275,44.18062],[28.652138,44.18075],[28.652123,44.180763],[28.651962,44.1809],[28.651847,44.181],[28.651799,44.181037],[28.651775,44.181055],[28.651633,44.181172],[28.651587,44.181211],[28.651469,44.181307],[28.651304,44.181443],[28.651177,44.181547],[28.651139,44.181578],[28.650974,44.181714],[28.65082,44.181841],[28.650809,44.18185],[28.650645,44.181986],[28.650482,44.182122],[28.650458,44.182142],[28.650318,44.182259],[28.650154,44.182395],[28.64999,44.182531],[28.64999,44.182531],[28.649962,44.182554],[28.649906,44.182602],[28.649865,44.182637],[28.649829,44.182668],[28.649666,44.182804],[28.649573,44.182882],[28.64954,44.182909],[28.649093,44.183282],[28.649083,44.18329],[28.648992,44.183368],[28.64883,44.183503],[28.648415,44.183842],[28.648265,44.183967],[28.648244,44.183984],[28.647548,44.184561],[28.647503,44.184597],[28.647161,44.184888],[28.646957,44.185065],[28.646685,44.185301],[28.646671,44.185312],[28.646526,44.185429],[28.646393,44.185536],[28.646229,44.185668],[28.646208,44.185684],[28.64611,44.185759],[28.646038,44.185816],[28.645873,44.185945],[28.645787,44.186014],[28.645725,44.186064],[28.645644,44.186128],[28.645557,44.186198],[28.645424,44.186304],[28.645391,44.186332],[28.645228,44.186469],[28.645082,44.186592],[28.645065,44.186606],[28.644961,44.186692],[28.644903,44.186744],[28.644747,44.186885],[28.644655,44.186967],[28.644594,44.187028],[28.644551,44.18707],[28.644457,44.187178],[28.644323,44.187331],[28.64419,44.187483],[28.644116,44.187568],[28.644054,44.187634],[28.643915,44.187784],[28.643775,44.187933],[28.643748,44.187962],[28.643663,44.188053],[28.643636,44.188083],[28.643555,44.188176],[28.643503,44.188236],[28.64337,44.188388],[28.643237,44.188541],[28.643205,44.188577],[28.643104,44.188693],[28.642971,44.188846],[28.64287,44.188961],[28.642838,44.188999],[28.642707,44.189152],[28.642577,44.189306],[28.642446,44.189459],[28.642315,44.189613],[28.642184,44.189766],[28.642081,44.189888],[28.642054,44.18992],[28.642003,44.189979],[28.641929,44.19007],[28.641925,44.190074],[28.641891,44.190115],[28.641796,44.190228],[28.641667,44.190382],[28.641537,44.190536],[28.641408,44.19069],[28.641279,44.190845],[28.641193,44.190947],[28.641149,44.190999],[28.641023,44.191144],[28.641017,44.191151],[28.640885,44.191304],[28.640872,44.191319],[28.640822,44.191377],[28.640754,44.191458],[28.640624,44.191612],[28.640495,44.191766],[28.640452,44.191817],[28.640407,44.191869],[28.640363,44.191919],[28.640229,44.192071],[28.640154,44.192155],[28.640094,44.192223],[28.63996,44.192374],[28.639826,44.192526],[28.639816,44.192537],[28.639784,44.192574],[28.639692,44.192678],[28.639561,44.192828],[28.639558,44.192831],[28.639424,44.192983],[28.639363,44.193051],[28.639231,44.192991],[28.639119,44.192939],[28.639009,44.192912],[28.638846,44.192871],[28.638775,44.19286],[28.638713,44.19285],[28.63859,44.192847],[28.63853,44.192855],[28.638476,44.192863],[28.638373,44.192889],[28.638301,44.192919],[28.638091,44.193007],[28.638084,44.193011],[28.637904,44.193136],[28.6378,44.193208],[28.637723,44.19326],[28.637541,44.193384],[28.637492,44.193417],[28.637358,44.193507],[28.637234,44.19359],[28.637174,44.193629],[28.636989,44.193751],[28.636804,44.193872],[28.636619,44.193994],[28.636434,44.194115],[28.636315,44.194193],[28.63625,44.194237],[28.636245,44.19424],[28.636092,44.194342],[28.636065,44.194359],[28.635879,44.194479],[28.635839,44.194505],[28.635692,44.194599],[28.635504,44.194719],[28.635317,44.194838],[28.63513,44.194958],[28.634942,44.195078],[28.634755,44.195197],[28.634567,44.195317],[28.63438,44.195436],[28.634193,44.195556],[28.634005,44.195675],[28.633818,44.195795],[28.63363,44.195915],[28.633604,44.195931],[28.633442,44.196034],[28.633254,44.196153],[28.633117,44.196239],[28.633066,44.196271],[28.632878,44.19639],[28.632725,44.196487],[28.632691,44.19651],[28.632604,44.196568],[28.632537,44.196612],[28.632507,44.196632],[28.632322,44.196754],[28.632138,44.196876],[28.631954,44.196998],[28.63183,44.19708],[28.631764,44.197118],[28.631659,44.197179],[28.631575,44.197234],[28.63139,44.197355],[28.631205,44.197476],[28.631085,44.197555],[28.63105,44.197578],[28.631038,44.197586],[28.631028,44.197593],[28.631021,44.197598],[28.630837,44.19772],[28.630654,44.197843],[28.630493,44.19795],[28.63047,44.197965],[28.630287,44.198088],[28.630103,44.198211],[28.62992,44.198333],[28.629736,44.198456],[28.629624,44.198531],[28.629552,44.198578],[28.629368,44.1987],[28.629275,44.198762],[28.629194,44.198814],[28.629183,44.198821],[28.628998,44.198943],[28.628845,44.199045],[28.628814,44.199065],[28.628802,44.199073],[28.628777,44.19909],[28.628631,44.199188],[28.628611,44.199202],[28.628444,44.199309],[28.628257,44.199429],[28.628236,44.199442],[28.628076,44.199551],[28.628074,44.199552],[28.628041,44.199573],[28.627887,44.199672],[28.627739,44.199767],[28.627701,44.199792],[28.627516,44.199914],[28.627332,44.200035],[28.627147,44.200157],[28.627057,44.200217],[28.626964,44.20028],[28.626851,44.200356],[28.62678,44.200402],[28.626711,44.200448],[28.626594,44.200524],[28.626484,44.200595],[28.626409,44.200645],[28.626225,44.200767],[28.626041,44.200889],[28.625857,44.201011],[28.625673,44.201133],[28.62563,44.201162],[28.625488,44.201255],[28.625304,44.201377],[28.62512,44.201499],[28.624936,44.201621],[28.624908,44.20164],[28.624752,44.201744],[28.624685,44.201788],[28.624569,44.201866],[28.624553,44.201877],[28.624384,44.201989],[28.6242,44.202111],[28.624023,44.202228],[28.623841,44.202348],[28.623657,44.20247],[28.623512,44.202566],[28.623473,44.202592],[28.623313,44.202697],[28.623289,44.202714],[28.62311,44.20284],[28.622931,44.202966],[28.622846,44.203026],[28.622751,44.203092],[28.62265,44.203161],[28.62257,44.203216],[28.622488,44.203272],[28.622384,44.203336],[28.622271,44.203407],[28.622197,44.203453],[28.622055,44.20354],[28.622007,44.20357],[28.621821,44.203687],[28.621807,44.203695],[28.621662,44.203787],[28.621633,44.203805],[28.621452,44.203918],[28.621444,44.203923],[28.621274,44.204029],[28.621255,44.204041],[28.621096,44.204141],[28.621067,44.20416],[28.620878,44.204278],[28.62069,44.204397],[28.620572,44.204471],[28.620503,44.204516],[28.620377,44.204599],[28.620318,44.204638],[28.620133,44.204759],[28.62008,44.204794],[28.619977,44.204861],[28.619947,44.204881],[28.619762,44.205002],[28.619576,44.205123],[28.619391,44.205244],[28.619205,44.205365],[28.61902,44.205486],[28.618834,44.205607],[28.618649,44.205728],[28.618463,44.205849],[28.618277,44.20597],[28.618121,44.206072],[28.618092,44.206091],[28.618036,44.206128],[28.617979,44.206167],[28.617908,44.206213],[28.617723,44.206334],[28.617677,44.206365],[28.617537,44.206455],[28.617352,44.206577],[28.617167,44.206698],[28.616982,44.206819],[28.616878,44.206887],[28.616791,44.206938],[28.616596,44.207051],[28.616524,44.207093],[28.616409,44.207169],[28.616227,44.20729],[28.616224,44.207293],[28.616059,44.207428],[28.615966,44.207504],[28.615896,44.207565],[28.615893,44.207568],[28.615865,44.207593],[28.615742,44.207707],[28.615588,44.207849],[28.615488,44.207943],[28.615414,44.208009],[28.615492,44.208065],[28.615359,44.208179],[28.615198,44.208317],[28.615037,44.208455],[28.614876,44.208593],[28.614716,44.208731],[28.614555,44.208869],[28.614394,44.209007],[28.614358,44.209038],[28.61423,44.209144],[28.614179,44.209186],[28.614066,44.209272],[28.6139,44.209399],[28.613815,44.209464],[28.613726,44.209528],[28.613549,44.209655],[28.613372,44.209782],[28.613199,44.209908],[28.613196,44.20991],[28.613018,44.210037],[28.612919,44.210108],[28.612841,44.210165],[28.612665,44.210293],[28.61249,44.210422],[28.612314,44.21055],[28.612139,44.210679],[28.611982,44.210794],[28.611963,44.210807],[28.611787,44.210935],[28.611685,44.211009],[28.61163,44.211048],[28.61161,44.211062],[28.611433,44.21119],[28.611256,44.211317],[28.611079,44.211444],[28.610901,44.211571],[28.610724,44.211699],[28.610623,44.211771],[28.610581,44.211802],[28.610547,44.211826],[28.610372,44.211955],[28.610196,44.212083],[28.610021,44.212212],[28.609845,44.21234],[28.609694,44.21245],[28.609675,44.212481],[28.609589,44.212622],[28.609561,44.212643],[28.609386,44.212773],[28.609212,44.212902],[28.609037,44.213031],[28.608862,44.21316],[28.608717,44.213267],[28.608698,44.213283],[28.608625,44.213345],[28.608551,44.213414],[28.608531,44.213433],[28.60847,44.213517],[28.608437,44.213581],[28.608414,44.213626],[28.608367,44.213753],[28.608333,44.213848],[28.608291,44.213925],[28.608252,44.213996],[28.608186,44.214088],[28.608151,44.214137],[28.608034,44.214236],[28.607922,44.214331],[28.607876,44.214375],[28.607761,44.214487],[28.607791,44.214528],[28.607791,44.21453],[28.607799,44.214573],[28.607784,44.214618],[28.607749,44.214656],[28.607703,44.21468],[28.607697,44.214684],[28.607635,44.214696],[28.607571,44.214693],[28.607513,44.214674],[28.607481,44.214651],[28.607467,44.214642],[28.607444,44.214608],[28.607434,44.214571],[28.60744,44.214534],[28.60746,44.214499],[28.607493,44.21447],[28.607381,44.214396],[28.607291,44.214333],[28.607112,44.214207],[28.607051,44.214165],[28.606979,44.214106],[28.606957,44.21407],[28.606941,44.214044],[28.606945,44.213983],[28.606967,44.213929],[28.60699,44.213897],[28.607003,44.213879],[28.607068,44.213838],[28.607171,44.213776],[28.607222,44.213747],[28.607315,44.213687],[28.607358,44.213654],[28.607416,44.213611],[28.607517,44.213511],[28.607569,44.21346],[28.607642,44.213355],[28.607664,44.213323],[28.607666,44.213276],[28.607668,44.213196],[28.607668,44.213169],[28.607669,44.213145],[28.607641,44.213108],[28.607629,44.21306],[28.607639,44.213011],[28.607671,44.212967],[28.607704,44.212942],[28.607742,44.212863],[28.607756,44.212834],[28.607781,44.212783],[28.607719,44.212711],[28.607654,44.212666],[28.607478,44.212546],[28.607473,44.212542],[28.607292,44.212418],[28.607112,44.212294],[28.60693,44.21217],[28.606749,44.212045],[28.606568,44.211921],[28.606387,44.211797],[28.606206,44.211672],[28.606025,44.211548]]},"properties":{"line":"43C","dir":"1","headsign":"Carrefour","mode":"bus","color":"#0059a9"}},{"type":"Feature","geometry":{"type":"LineString","coordinates":[[28.633047,44.168524],[28.633073,44.168479],[28.63313,44.168371],[28.633139,44.16836],[28.633148,44.168348],[28.633174,44.168327],[28.633206,44.168309],[28.633241,44.168296],[28.633288,44.168288],[28.633323,44.16829],[28.633327,44.168291],[28.633363,44.168297],[28.63341,44.168316],[28.633463,44.168339],[28.633489,44.168359],[28.63351,44.168382],[28.633517,44.168396],[28.633526,44.168419],[28.633529,44.168451],[28.633521,44.168492],[28.633502,44.168529],[28.633469,44.168556],[28.63346,44.168561],[28.633427,44.168575],[28.633278,44.168626],[28.633243,44.168642],[28.633236,44.168647],[28.633196,44.168671],[28.633161,44.168701],[28.633135,44.168731],[28.6331,44.168798],[28.633033,44.168925],[28.633012,44.168966],[28.632935,44.169112],[28.632978,44.169124],[28.633007,44.169133],[28.633029,44.169139],[28.633062,44.169149],[28.633099,44.16916],[28.633269,44.16921],[28.633396,44.169247],[28.633642,44.169319],[28.633767,44.169356],[28.634156,44.169473],[28.634646,44.169615],[28.636742,44.170228],[28.636756,44.170232],[28.637027,44.170318],[28.637108,44.170343],[28.637177,44.170365],[28.637337,44.170415],[28.637458,44.170453],[28.637479,44.170462],[28.637562,44.170497],[28.637617,44.170521],[28.637776,44.17059],[28.637784,44.170593],[28.637915,44.170657],[28.637981,44.170694],[28.638125,44.170773],[28.638175,44.170807],[28.638345,44.170924],[28.638356,44.170931],[28.63844,44.170989],[28.638531,44.171059],[28.638611,44.17112],[28.638702,44.171191],[28.638733,44.171214],[28.638874,44.171322],[28.639045,44.171454],[28.639135,44.171523],[28.639216,44.171585],[28.639386,44.171717],[28.639557,44.171848],[28.639728,44.17198],[28.639758,44.172002],[28.639823,44.172052],[28.639899,44.172111],[28.64007,44.172243],[28.640241,44.172375],[28.640411,44.172507],[28.640481,44.172561],[28.640582,44.172639],[28.640752,44.172771],[28.640851,44.172848],[28.640923,44.172902],[28.641095,44.173033],[28.641268,44.173164],[28.641342,44.17322],[28.64144,44.173294],[28.641613,44.173425],[28.641775,44.173548],[28.641785,44.173556],[28.641826,44.173586],[28.641958,44.173686],[28.642112,44.173804],[28.642117,44.173808],[28.642132,44.173817],[28.642253,44.173893],[28.642327,44.173929],[28.642533,44.174031],[28.642634,44.174081],[28.64274,44.174133],[28.642947,44.174235],[28.643154,44.174336],[28.643361,44.174438],[28.643568,44.174539],[28.643775,44.174641],[28.643982,44.174743],[28.644144,44.174822],[28.644189,44.174844],[28.644276,44.174887],[28.644282,44.17489],[28.644396,44.174946],[28.644476,44.174985],[28.644603,44.175047],[28.644808,44.175148],[28.64481,44.175149],[28.645017,44.17525],[28.645224,44.175352],[28.645431,44.175454],[28.645638,44.175555],[28.645794,44.175632],[28.645845,44.175657],[28.646052,44.175758],[28.646259,44.17586],[28.646294,44.175877],[28.646466,44.175962],[28.646673,44.176063],[28.64688,44.176165],[28.647087,44.176266],[28.647294,44.176368],[28.647501,44.176469],[28.647708,44.176571],[28.647915,44.176673],[28.648046,44.176737],[28.648122,44.176774],[28.648164,44.176795],[28.648313,44.176868],[28.648318,44.17687],[28.648329,44.176876],[28.648536,44.176977],[28.648743,44.177079],[28.648776,44.177095],[28.648876,44.177144],[28.64895,44.177181],[28.649135,44.177271],[28.649157,44.177282],[28.649364,44.177384],[28.649571,44.177485],[28.649778,44.177587],[28.649815,44.177605],[28.649985,44.177688],[28.649994,44.177693],[28.650192,44.17779],[28.650399,44.177892],[28.650606,44.177993],[28.650813,44.178095],[28.650913,44.178144],[28.651015,44.178194],[28.65102,44.178196],[28.651227,44.178298],[28.651434,44.178399],[28.651641,44.178501],[28.651758,44.178559],[28.651848,44.178603],[28.651907,44.178632],[28.652055,44.178704],[28.652181,44.178766],[28.652262,44.178806],[28.652376,44.178862],[28.652469,44.178907],[28.652675,44.179009],[28.652759,44.17905],[28.652882,44.17911],[28.65305,44.179193],[28.653089,44.179212],[28.6531,44.179217],[28.653255,44.179293],[28.653296,44.179313],[28.653297,44.179314],[28.653303,44.179317],[28.653316,44.179323],[28.653352,44.179367],[28.653355,44.179405],[28.65335,44.179417],[28.653332,44.179462],[28.653254,44.179575],[28.653185,44.179675],[28.653149,44.179713],[28.653131,44.179732],[28.652989,44.17988],[28.652846,44.180029],[28.652704,44.180177],[28.652585,44.180302],[28.652562,44.180325],[28.652534,44.180354],[28.65244,44.180453],[28.65242,44.180473],[28.652338,44.18056],[28.652275,44.18062],[28.652138,44.18075],[28.652123,44.180763],[28.651962,44.1809],[28.651847,44.181],[28.651799,44.181037],[28.651775,44.181055],[28.651633,44.181172],[28.651587,44.181211],[28.651469,44.181307],[28.651304,44.181443],[28.651177,44.181547],[28.651139,44.181578],[28.650974,44.181714],[28.65082,44.181841],[28.650809,44.18185],[28.650645,44.181986],[28.650482,44.182122],[28.650458,44.182142],[28.650318,44.182259],[28.650154,44.182395],[28.64999,44.182531],[28.64999,44.182531],[28.649962,44.182554],[28.649906,44.182602],[28.649865,44.182637],[28.649829,44.182668],[28.649666,44.182804],[28.649573,44.182882],[28.64954,44.182909],[28.649093,44.183282],[28.649083,44.18329],[28.648992,44.183368],[28.64883,44.183503],[28.648415,44.183842],[28.648265,44.183967],[28.648244,44.183984],[28.647548,44.184561],[28.647503,44.184597],[28.647161,44.184888],[28.646957,44.185065],[28.646685,44.185301],[28.646671,44.185312],[28.646526,44.185429],[28.646393,44.185536],[28.646229,44.185668],[28.646208,44.185684],[28.64611,44.185759],[28.646038,44.185816],[28.645873,44.185945],[28.645787,44.186014],[28.645725,44.186064],[28.645644,44.186128],[28.645557,44.186198],[28.645424,44.186304],[28.645391,44.186332],[28.645228,44.186469],[28.645082,44.186592],[28.645065,44.186606],[28.644961,44.186692],[28.644903,44.186744],[28.644747,44.186885],[28.644655,44.186967],[28.644594,44.187028],[28.644551,44.18707],[28.644457,44.187178],[28.644323,44.187331],[28.64419,44.187483],[28.644116,44.187568],[28.644054,44.187634],[28.643915,44.187784],[28.643775,44.187933],[28.643748,44.187962],[28.643663,44.188053],[28.643636,44.188083],[28.643555,44.188176],[28.643503,44.188236],[28.64337,44.188388],[28.643237,44.188541],[28.643205,44.188577],[28.643104,44.188693],[28.642971,44.188846],[28.64287,44.188961],[28.642838,44.188999],[28.642707,44.189152],[28.642577,44.189306],[28.642446,44.189459],[28.642315,44.189613],[28.642184,44.189766],[28.642081,44.189888],[28.642054,44.18992],[28.642003,44.189979],[28.641929,44.19007],[28.641925,44.190074],[28.641891,44.190115],[28.641796,44.190228],[28.641667,44.190382],[28.641537,44.190536],[28.641408,44.19069],[28.641279,44.190845],[28.641193,44.190947],[28.641149,44.190999],[28.641023,44.191144],[28.641017,44.191151],[28.640885,44.191304],[28.640872,44.191319],[28.640822,44.191377],[28.640754,44.191458],[28.640624,44.191612],[28.640495,44.191766],[28.640452,44.191817],[28.640407,44.191869],[28.640363,44.191919],[28.640229,44.192071],[28.640154,44.192155],[28.640094,44.192223],[28.63996,44.192374],[28.639826,44.192526],[28.639816,44.192537],[28.639784,44.192574],[28.639692,44.192678],[28.639561,44.192828],[28.639558,44.192831],[28.639424,44.192983],[28.639363,44.193051],[28.639231,44.192991],[28.639119,44.192939],[28.639009,44.192912],[28.638846,44.192871],[28.638775,44.19286],[28.638713,44.19285],[28.63859,44.192847],[28.63853,44.192855],[28.638476,44.192863],[28.638373,44.192889],[28.638301,44.192919],[28.638091,44.193007],[28.638084,44.193011],[28.637904,44.193136],[28.6378,44.193208],[28.637723,44.19326],[28.637541,44.193384],[28.637492,44.193417],[28.637358,44.193507],[28.637234,44.19359],[28.637174,44.193629],[28.636989,44.193751],[28.636804,44.193872],[28.636619,44.193994],[28.636434,44.194115],[28.636315,44.194193],[28.63625,44.194237],[28.636245,44.19424],[28.636092,44.194342],[28.636065,44.194359],[28.635879,44.194479],[28.635839,44.194505],[28.635692,44.194599],[28.635504,44.194719],[28.635317,44.194838],[28.63513,44.194958],[28.634942,44.195078],[28.634755,44.195197],[28.634567,44.195317],[28.63438,44.195436],[28.634193,44.195556],[28.634005,44.195675],[28.633818,44.195795],[28.63363,44.195915],[28.633604,44.195931],[28.633442,44.196034],[28.633254,44.196153],[28.633117,44.196239],[28.633066,44.196271],[28.632878,44.19639],[28.632725,44.196487],[28.632691,44.19651],[28.632604,44.196568],[28.632537,44.196612],[28.632507,44.196632],[28.632322,44.196754],[28.632138,44.196876],[28.631954,44.196998],[28.63183,44.19708],[28.631764,44.197118],[28.631659,44.197179],[28.631575,44.197234],[28.63139,44.197355],[28.631205,44.197476],[28.631085,44.197555],[28.63105,44.197578],[28.631038,44.197586],[28.631028,44.197593],[28.631021,44.197598],[28.630837,44.19772],[28.630654,44.197843],[28.630493,44.19795],[28.63047,44.197965],[28.630287,44.198088],[28.630103,44.198211],[28.62992,44.198333],[28.629736,44.198456],[28.629624,44.198531],[28.629552,44.198578],[28.629368,44.1987],[28.629275,44.198762],[28.629194,44.198814],[28.629183,44.198821],[28.628998,44.198943],[28.628845,44.199045],[28.628814,44.199065],[28.628802,44.199073],[28.628777,44.19909],[28.628631,44.199188],[28.628611,44.199202],[28.628444,44.199309],[28.628257,44.199429],[28.628236,44.199442],[28.628076,44.199551],[28.628074,44.199552],[28.628041,44.199573],[28.627887,44.199672],[28.627739,44.199767],[28.627701,44.199792],[28.627516,44.199914],[28.627332,44.200035],[28.627147,44.200157],[28.627057,44.200217],[28.626964,44.20028],[28.626851,44.200356],[28.62678,44.200402],[28.626711,44.200448],[28.626594,44.200524],[28.626484,44.200595],[28.626409,44.200645],[28.626225,44.200767],[28.626041,44.200889],[28.625857,44.201011],[28.625673,44.201133],[28.62563,44.201162],[28.625488,44.201255],[28.625304,44.201377],[28.62512,44.201499],[28.624936,44.201621],[28.624908,44.20164],[28.624752,44.201744],[28.624685,44.201788],[28.624569,44.201866],[28.624553,44.201877],[28.624384,44.201989],[28.6242,44.202111],[28.624023,44.202228],[28.623841,44.202348],[28.623657,44.20247],[28.623512,44.202566],[28.623473,44.202592],[28.623313,44.202697],[28.623289,44.202714],[28.62311,44.20284],[28.622931,44.202966],[28.622846,44.203026],[28.622751,44.203092],[28.62265,44.203161],[28.62257,44.203216],[28.622488,44.203272],[28.622384,44.203336],[28.622271,44.203407],[28.622197,44.203453],[28.622055,44.20354],[28.622007,44.20357],[28.621821,44.203687],[28.621807,44.203695],[28.621662,44.203787],[28.621633,44.203805],[28.621452,44.203918],[28.621444,44.203923],[28.621274,44.204029],[28.621255,44.204041],[28.621096,44.204141],[28.621067,44.20416],[28.620878,44.204278],[28.62069,44.204397],[28.620572,44.204471],[28.620503,44.204516],[28.620377,44.204599],[28.620318,44.204638],[28.620133,44.204759],[28.62008,44.204794],[28.619977,44.204861],[28.619947,44.204881],[28.619762,44.205002],[28.619576,44.205123],[28.619391,44.205244],[28.619205,44.205365],[28.61902,44.205486],[28.618834,44.205607],[28.618649,44.205728],[28.618463,44.205849],[28.618277,44.20597],[28.618121,44.206072],[28.618092,44.206091],[28.618036,44.206128],[28.617979,44.206167],[28.617908,44.206213],[28.617723,44.206334],[28.617677,44.206365],[28.617537,44.206455],[28.617352,44.206577],[28.617167,44.206698],[28.616982,44.206819],[28.616878,44.206887],[28.616791,44.206938],[28.616596,44.207051],[28.616524,44.207093],[28.616409,44.207169],[28.616227,44.20729],[28.616224,44.207293],[28.616058,44.207428],[28.615966,44.207504],[28.615897,44.207564],[28.615893,44.207568],[28.615865,44.207593],[28.615743,44.207707],[28.615589,44.207849],[28.615488,44.207943],[28.615435,44.20799],[28.615414,44.208009],[28.615275,44.207915],[28.615093,44.207791],[28.614912,44.207667],[28.61473,44.207544],[28.614549,44.20742],[28.614459,44.207359],[28.614388,44.207274],[28.614355,44.207234],[28.614269,44.207117],[28.614151,44.206959],[28.614101,44.206891],[28.614031,44.206801],[28.613978,44.206733],[28.613895,44.206647],[28.613752,44.2065],[28.613609,44.206352],[28.613465,44.206204],[28.613322,44.206057],[28.613286,44.20602],[28.613174,44.205911],[28.613024,44.205766],[28.612955,44.2057],[28.612875,44.205622],[28.612727,44.205477],[28.612578,44.205332],[28.61243,44.205187],[28.612282,44.205042],[28.612133,44.204897],[28.612081,44.204846],[28.611985,44.204752],[28.611837,44.204606],[28.61169,44.204461],[28.611542,44.204316],[28.611394,44.20417],[28.611338,44.204115],[28.611246,44.204025],[28.611212,44.203992],[28.611136,44.203916],[28.611099,44.20388],[28.610952,44.203734],[28.610804,44.203588],[28.610771,44.203555],[28.610654,44.203446],[28.610501,44.203304],[28.610434,44.203242],[28.610397,44.203226],[28.610372,44.203201],[28.610363,44.203171],[28.610359,44.203166],[28.610234,44.203013],[28.610194,44.202963],[28.610104,44.202878],[28.610087,44.202861],[28.609937,44.202718],[28.609786,44.202574],[28.609636,44.20243],[28.609485,44.202286],[28.609334,44.202143],[28.609184,44.201999],[28.609033,44.201855],[28.609021,44.201843],[28.608873,44.201714],[28.608714,44.201576],[28.608555,44.201437],[28.608454,44.201349],[28.60839,44.201309],[28.60839,44.201309],[28.608363,44.201274],[28.608352,44.201236],[28.608363,44.201181],[28.608382,44.201157],[28.608403,44.201133],[28.608466,44.201101],[28.608542,44.201089],[28.608544,44.201089],[28.608596,44.201094],[28.608789,44.201103],[28.60887,44.201107],[28.609049,44.201049],[28.609277,44.200974],[28.60942,44.200928],[28.609486,44.20086],[28.609548,44.200795],[28.609571,44.200726],[28.609562,44.20069],[28.609551,44.200645],[28.609485,44.200605],[28.609438,44.200594],[28.609353,44.200598],[28.609329,44.200608],[28.609148,44.200679],[28.609107,44.200696]]},"properties":{"line":"43M","dir":"0","headsign":"Cap Linie Vivo","mode":"bus","color":"#0059a9"}},{"type":"Feature","geometry":{"type":"LineString","coordinates":[[28.609079,44.200708],[28.608947,44.200763],[28.608863,44.200798],[28.608668,44.20088],[28.608645,44.20089],[28.608515,44.200948],[28.608452,44.200954],[28.608447,44.200954],[28.608393,44.200936],[28.608367,44.200911],[28.608308,44.200855],[28.608308,44.200855],[28.608471,44.200782],[28.608684,44.200688],[28.608827,44.200624],[28.608897,44.200593],[28.60911,44.200498],[28.609324,44.200403],[28.609347,44.200393],[28.609443,44.20035],[28.609502,44.200384],[28.609543,44.200408],[28.609627,44.20055],[28.609637,44.200566],[28.609676,44.200648],[28.609698,44.200695],[28.609699,44.200722],[28.609699,44.200728],[28.609691,44.200804],[28.609648,44.200864],[28.60954,44.200894],[28.60942,44.200928],[28.609312,44.200963],[28.609084,44.201037],[28.60887,44.201107],[28.608865,44.201111],[28.608736,44.201215],[28.608732,44.201244],[28.60873,44.201262],[28.608716,44.201336],[28.608708,44.20138],[28.608712,44.201407],[28.60872,44.201451],[28.608757,44.201517],[28.608789,44.201557],[28.608914,44.201711],[28.609021,44.201843],[28.609042,44.201864],[28.609193,44.202008],[28.609343,44.202151],[28.609494,44.202295],[28.609645,44.202439],[28.609795,44.202583],[28.609946,44.202727],[28.610096,44.202869],[28.610104,44.202878],[28.610194,44.202963],[28.610268,44.202999],[28.61046,44.203091],[28.610489,44.203091],[28.610512,44.203097],[28.610547,44.203114],[28.610571,44.203138],[28.610579,44.203167],[28.610572,44.203196],[28.610601,44.203237],[28.610713,44.203397],[28.610723,44.203411],[28.610846,44.203539],[28.610988,44.203686],[28.61113,44.203833],[28.611143,44.203847],[28.611278,44.203976],[28.611428,44.204121],[28.61143,44.204122],[28.611576,44.204266],[28.611724,44.204412],[28.611871,44.204557],[28.612019,44.204702],[28.61205,44.204733],[28.612168,44.204847],[28.612317,44.204992],[28.612466,44.205136],[28.612615,44.205281],[28.612764,44.205426],[28.612913,44.20557],[28.613019,44.205673],[28.613062,44.205715],[28.613211,44.20586],[28.61336,44.206004],[28.613393,44.206036],[28.613506,44.206152],[28.613649,44.2063],[28.613792,44.206448],[28.613935,44.206595],[28.614023,44.206685],[28.614074,44.206749],[28.614198,44.206905],[28.614273,44.206999],[28.614327,44.207056],[28.61447,44.207204],[28.614581,44.207319],[28.614613,44.207344],[28.614785,44.207475],[28.614949,44.2076],[28.615191,44.207635],[28.615195,44.207635],[28.615329,44.20764],[28.61545,44.207629],[28.615698,44.207608],[28.615865,44.207593],[28.615893,44.207568],[28.615952,44.207516],[28.615966,44.207504],[28.61611,44.207386],[28.616227,44.20729],[28.61628,44.207255],[28.616464,44.207133],[28.616524,44.207093],[28.616652,44.207019],[28.616846,44.206906],[28.616878,44.206887],[28.617036,44.206783],[28.617222,44.206662],[28.617407,44.206541],[28.617592,44.20642],[28.617677,44.206365],[28.617777,44.206299],[28.617963,44.206177],[28.617979,44.206167],[28.618036,44.206128],[28.618121,44.206072],[28.618147,44.206055],[28.618332,44.205934],[28.618518,44.205813],[28.618703,44.205692],[28.618889,44.205571],[28.619075,44.20545],[28.61926,44.205329],[28.619446,44.205208],[28.619631,44.205087],[28.619817,44.204966],[28.619977,44.204861],[28.620002,44.204845],[28.62008,44.204794],[28.620188,44.204723],[28.620373,44.204602],[28.620377,44.204599],[28.620558,44.204481],[28.620572,44.204471],[28.620745,44.204362],[28.620933,44.204243],[28.621096,44.204141],[28.621122,44.204125],[28.621274,44.204029],[28.62131,44.204006],[28.621452,44.203918],[28.621499,44.203888],[28.621662,44.203787],[28.621689,44.20377],[28.621807,44.203695],[28.621874,44.203653],[28.622055,44.20354],[28.622063,44.203535],[28.622253,44.203418],[28.622271,44.203407],[28.622442,44.2033],[28.622488,44.203272],[28.62263,44.203175],[28.62265,44.203161],[28.622846,44.203026],[28.622846,44.203026],[28.622992,44.202923],[28.623171,44.202797],[28.623313,44.202697],[28.623348,44.202674],[28.623512,44.202566],[28.623533,44.202552],[28.623717,44.20243],[28.623901,44.202308],[28.624079,44.202191],[28.624263,44.202069],[28.624447,44.201947],[28.624553,44.201877],[28.624631,44.201824],[28.624685,44.201788],[28.624814,44.201702],[28.624908,44.20164],[28.624998,44.20158],[28.625183,44.201458],[28.625367,44.201336],[28.625551,44.201214],[28.62563,44.201162],[28.625735,44.201092],[28.625919,44.20097],[28.626103,44.200848],[28.626288,44.200725],[28.626472,44.200603],[28.626484,44.200595],[28.626657,44.200483],[28.626711,44.200448],[28.626842,44.200361],[28.626851,44.200356],[28.627026,44.200238],[28.627057,44.200217],[28.62721,44.200116],[28.627394,44.199994],[28.627579,44.199872],[28.627739,44.199767],[28.627763,44.199751],[28.62795,44.199632],[28.628041,44.199573],[28.628076,44.199551],[28.628137,44.19951],[28.628236,44.199442],[28.62832,44.199389],[28.628507,44.199269],[28.628611,44.199202],[28.628693,44.199146],[28.628777,44.19909],[28.628802,44.199073],[28.628845,44.199045],[28.628876,44.199024],[28.629061,44.198902],[28.629194,44.198814],[28.629245,44.198781],[28.629275,44.198762],[28.62943,44.198659],[28.629615,44.198537],[28.629624,44.198531],[28.629799,44.198414],[28.629982,44.198292],[28.630166,44.198169],[28.630349,44.198046],[28.630493,44.19795],[28.630533,44.197924],[28.630716,44.197801],[28.6309,44.197679],[28.631028,44.197593],[28.631038,44.197586],[28.63105,44.197578],[28.631083,44.197556],[28.631085,44.197555],[28.631268,44.197435],[28.631453,44.197314],[28.631638,44.197193],[28.631659,44.197179],[28.63183,44.19708],[28.631832,44.197078],[28.632017,44.196956],[28.632201,44.196834],[28.632386,44.196712],[28.632537,44.196612],[28.63257,44.19659],[28.632604,44.196568],[28.632725,44.196487],[28.632753,44.196469],[28.632941,44.19635],[28.633117,44.196239],[28.63313,44.196231],[28.633318,44.196112],[28.633506,44.195993],[28.633604,44.195931],[28.633694,44.195874],[28.633881,44.195754],[28.634069,44.195635],[28.634256,44.195515],[28.634443,44.195396],[28.634631,44.195276],[28.634818,44.195157],[28.635006,44.195037],[28.635193,44.194917],[28.63538,44.194798],[28.635568,44.194678],[28.635755,44.194559],[28.635839,44.194505],[28.635942,44.194438],[28.636092,44.194342],[28.636129,44.194317],[28.636245,44.19424],[28.636313,44.194195],[28.636315,44.194193],[28.636497,44.194073],[28.636682,44.193952],[28.636868,44.193831],[28.637053,44.193709],[28.637234,44.19359],[28.637238,44.193587],[28.637421,44.193465],[28.637492,44.193417],[28.637604,44.193341],[28.637786,44.193217],[28.6378,44.193208],[28.637967,44.193093],[28.638091,44.193007],[28.638146,44.192964],[28.638317,44.192832],[28.638457,44.192724],[28.638489,44.192698],[28.638544,44.192651],[28.638646,44.192554],[28.638651,44.192549],[28.638668,44.192532],[28.63877,44.19243],[28.638794,44.192407],[28.638913,44.192288],[28.63894,44.192261],[28.639073,44.192129],[28.639088,44.192113],[28.639229,44.191965],[28.639301,44.19189],[28.639368,44.191812],[28.639419,44.191753],[28.639476,44.191687],[28.6395,44.191658],[28.639581,44.19156],[28.639628,44.191504],[28.639642,44.191487],[28.639736,44.191376],[28.639758,44.191351],[28.639891,44.191198],[28.640023,44.191046],[28.640155,44.190893],[28.640288,44.19074],[28.64042,44.190588],[28.640553,44.190435],[28.640685,44.190282],[28.640695,44.190271],[28.640817,44.190129],[28.640949,44.189976],[28.641081,44.189823],[28.641213,44.18967],[28.641251,44.189626],[28.641345,44.189517],[28.641478,44.189365],[28.641611,44.189212],[28.641705,44.189104],[28.641743,44.189059],[28.641873,44.188906],[28.642004,44.188752],[28.642134,44.188599],[28.642265,44.188445],[28.642395,44.188292],[28.642522,44.188143],[28.642526,44.188138],[28.642642,44.188002],[28.642656,44.187984],[28.642781,44.187838],[28.642787,44.187831],[28.642832,44.187778],[28.642897,44.187702],[28.642918,44.187678],[28.643004,44.18758],[28.643051,44.187527],[28.643186,44.187376],[28.643322,44.187225],[28.643457,44.187074],[28.643593,44.186922],[28.643728,44.186771],[28.643864,44.18662],[28.643999,44.186468],[28.644135,44.186317],[28.644196,44.186249],[28.644239,44.186201],[28.644271,44.186167],[28.644412,44.186018],[28.64452,44.185906],[28.644554,44.18587],[28.644699,44.185724],[28.644843,44.185579],[28.644845,44.185577],[28.644989,44.185431],[28.645134,44.185284],[28.645168,44.18525],[28.64528,44.185137],[28.645391,44.185025],[28.645408,44.185008],[28.645425,44.184989],[28.645508,44.1849],[28.645564,44.184849],[28.645568,44.184846],[28.645624,44.184796],[28.645719,44.184699],[28.645741,44.184678],[28.645751,44.184668],[28.645812,44.184605],[28.645863,44.184551],[28.645952,44.184457],[28.646004,44.184402],[28.646146,44.184254],[28.646288,44.184106],[28.64643,44.183957],[28.646436,44.183951],[28.646575,44.183811],[28.64672,44.183665],[28.646752,44.183632],[28.64679,44.183594],[28.64721,44.18318],[28.647727,44.182662],[28.647773,44.182618],[28.64816,44.182211],[28.648477,44.181901],[28.648505,44.181871],[28.648564,44.181816],[28.649052,44.181318],[28.649157,44.181211],[28.649388,44.180976],[28.649708,44.180649],[28.650009,44.180339],[28.650042,44.180307],[28.650077,44.180272],[28.650189,44.18016],[28.650237,44.180112],[28.650298,44.180047],[28.650332,44.180013],[28.650477,44.179866],[28.650622,44.179719],[28.650767,44.179572],[28.650911,44.179425],[28.650913,44.179424],[28.651055,44.179278],[28.651199,44.17913],[28.651342,44.178983],[28.651485,44.178835],[28.651629,44.178688],[28.651654,44.178662],[28.651758,44.178559],[28.651698,44.178529],[28.651491,44.178428],[28.651284,44.178326],[28.651077,44.178224],[28.651015,44.178194],[28.650913,44.178144],[28.65087,44.178123],[28.650663,44.178021],[28.650456,44.177919],[28.650249,44.177818],[28.650042,44.177716],[28.649994,44.177693],[28.649835,44.177615],[28.649815,44.177605],[28.649628,44.177513],[28.649421,44.177412],[28.649214,44.17731],[28.649135,44.177271],[28.649007,44.177208],[28.648876,44.177144],[28.6488,44.177107],[28.648776,44.177095],[28.648593,44.177005],[28.648386,44.176904],[28.648318,44.17687],[28.648313,44.176868],[28.648179,44.176802],[28.648164,44.176795],[28.648046,44.176737],[28.647972,44.1767],[28.647765,44.176599],[28.647558,44.176497],[28.647351,44.176396],[28.647144,44.176294],[28.646937,44.176193],[28.64673,44.176091],[28.646523,44.175989],[28.646316,44.175888],[28.646294,44.175877],[28.646109,44.175786],[28.645902,44.175685],[28.645794,44.175632],[28.645695,44.175583],[28.645488,44.175481],[28.645281,44.17538],[28.645074,44.175278],[28.644867,44.175177],[28.644808,44.175148],[28.64466,44.175075],[28.644476,44.174985],[28.644453,44.174973],[28.644282,44.17489],[28.644276,44.174887],[28.644246,44.174872],[28.644144,44.174822],[28.644039,44.17477],[28.643832,44.174669],[28.643625,44.174567],[28.643418,44.174466],[28.643211,44.174364],[28.643004,44.174262],[28.642797,44.174161],[28.642634,44.174081],[28.64259,44.174059],[28.642383,44.173957],[28.642253,44.173893],[28.642187,44.173851],[28.642117,44.173808],[28.642112,44.173804],[28.64201,44.173727],[28.641838,44.173596],[28.641826,44.173586],[28.641775,44.173548],[28.641666,44.173465],[28.641493,44.173335],[28.641342,44.17322],[28.641321,44.173204],[28.641149,44.173073],[28.640976,44.172943],[28.640851,44.172848],[28.640804,44.172812],[28.640634,44.17268],[28.640481,44.172561],[28.640464,44.172548],[28.640411,44.172507],[28.640293,44.172416],[28.640123,44.172284],[28.639952,44.172152],[28.639823,44.172052],[28.639781,44.17202],[28.639758,44.172002],[28.63961,44.171889],[28.639439,44.171757],[28.639268,44.171626],[28.639135,44.171523],[28.639097,44.171494],[28.638926,44.171363],[28.638755,44.171231],[28.638733,44.171214],[28.638611,44.17112],[28.638584,44.1711],[28.63844,44.170989],[28.638409,44.170968],[28.638345,44.170924],[28.638228,44.170844],[28.638125,44.170773],[28.638037,44.170724],[28.637915,44.170657],[28.637832,44.170617],[28.637784,44.170593],[28.637617,44.170521],[28.637615,44.17052],[28.637479,44.170462],[28.637458,44.170453],[28.637385,44.17043],[28.637177,44.170365],[28.637156,44.170358],[28.637027,44.170318],[28.636927,44.170286],[28.636756,44.170232],[28.636742,44.170228],[28.636697,44.170215],[28.636465,44.170147],[28.636233,44.170079],[28.636,44.170011],[28.635768,44.169943],[28.635536,44.169875],[28.635304,44.169807],[28.635071,44.169739],[28.634839,44.169671],[28.634646,44.169615],[28.634607,44.169604],[28.634374,44.169536],[28.634156,44.169473],[28.634142,44.169469],[28.63391,44.169399],[28.633767,44.169356],[28.633678,44.16933],[28.633642,44.169319],[28.633446,44.169262],[28.633396,44.169247],[28.633269,44.16921],[28.633214,44.169194],[28.633062,44.169149],[28.633007,44.169133],[28.632982,44.169126],[28.632978,44.169124],[28.632935,44.169112],[28.632831,44.169001],[28.632797,44.168964],[28.632856,44.16887],[28.632881,44.168823],[28.632973,44.168657],[28.633021,44.16857],[28.633046,44.168526]]},"properties":{"line":"43M","dir":"1","headsign":"Cap Linie Gara","mode":"bus","color":"#0059a9"}},{"type":"Feature","geometry":{"type":"LineString","coordinates":[[28.659253,44.171089],[28.659159,44.171213],[28.659133,44.171246],[28.659103,44.171285],[28.658987,44.171389],[28.658958,44.171415],[28.658854,44.1715],[28.658831,44.171527],[28.658702,44.171677],[28.65857,44.17183],[28.658438,44.171983],[28.658319,44.172121],[28.658307,44.172136],[28.658184,44.172292],[28.658127,44.172366],[28.658045,44.172446],[28.657898,44.172591],[28.657779,44.172707],[28.657743,44.172736],[28.657609,44.172843],[28.657575,44.17287],[28.657405,44.173002],[28.657299,44.173085],[28.657231,44.173132],[28.657062,44.17325],[28.657051,44.173257],[28.656949,44.173328],[28.656869,44.173381],[28.656699,44.173492],[28.656681,44.173503],[28.656484,44.173614],[28.65642,44.173651],[28.656281,44.173722],[28.656103,44.173812],[28.656072,44.173825],[28.655858,44.173918],[28.65575,44.173964],[28.655636,44.174005],[28.655412,44.174085],[28.655187,44.174165],[28.654963,44.174246],[28.654739,44.174326],[28.654514,44.174406],[28.65429,44.174486],[28.654065,44.174567],[28.653841,44.174647],[28.653616,44.174727],[28.653392,44.174807],[28.653167,44.174888],[28.652943,44.174968],[28.652768,44.17503],[28.652718,44.175048],[28.652552,44.175108],[28.652494,44.175129],[28.652389,44.175167],[28.652282,44.175217],[28.652076,44.175316],[28.65205,44.175328],[28.651993,44.175361],[28.651914,44.17541],[28.651888,44.175434],[28.651855,44.175465],[28.651757,44.175571],[28.651718,44.175612],[28.651693,44.175653],[28.65167,44.175688],[28.651669,44.175711],[28.651659,44.175731],[28.65164,44.175748],[28.651614,44.17576],[28.651585,44.175765],[28.651554,44.175763],[28.651526,44.175754],[28.651503,44.175739],[28.651475,44.175725],[28.651269,44.175622],[28.651122,44.175548],[28.651056,44.175521],[28.651051,44.175519],[28.650841,44.17543],[28.650664,44.175354],[28.650618,44.175338],[28.650575,44.175323],[28.650475,44.175299],[28.650368,44.175283],[28.650363,44.175283],[28.650232,44.175272],[28.650112,44.175282],[28.6501,44.175283],[28.649997,44.175305],[28.649928,44.175334],[28.649874,44.175364],[28.649867,44.175369],[28.649768,44.175447],[28.649699,44.175503],[28.649687,44.175513],[28.649537,44.175638],[28.649374,44.175774],[28.649364,44.175783],[28.649213,44.175909],[28.64907,44.176028],[28.649054,44.176042],[28.648891,44.176179],[28.648729,44.176316],[28.648566,44.176453],[28.648404,44.17659],[28.648267,44.176706],[28.648242,44.176727],[28.648164,44.176795],[28.648081,44.176865],[28.64804,44.176901],[28.64792,44.177003],[28.647759,44.177141],[28.647598,44.177279],[28.647444,44.177411],[28.647437,44.177417],[28.647276,44.177554],[28.647115,44.177692],[28.646954,44.17783],[28.646792,44.177968],[28.646631,44.178106],[28.64647,44.178243],[28.646364,44.178334],[28.646309,44.178381],[28.646303,44.178387],[28.646245,44.178437],[28.646193,44.178481],[28.646148,44.178519],[28.645987,44.178657],[28.645826,44.178795],[28.645665,44.178932],[28.645564,44.179019],[28.645518,44.17899],[28.645474,44.178963],[28.645283,44.178847],[28.64511,44.178741],[28.645092,44.17873],[28.644901,44.178613],[28.64471,44.178497],[28.644681,44.178479],[28.644519,44.17838],[28.644328,44.178264],[28.644246,44.178214],[28.644137,44.178147],[28.643946,44.17803],[28.643779,44.177929],[28.643755,44.177914],[28.643564,44.177797],[28.643376,44.177682],[28.643373,44.17768],[28.643336,44.177657],[28.643278,44.177622],[28.643182,44.177564],[28.642992,44.177447],[28.642883,44.177381],[28.642801,44.177331],[28.64261,44.177214],[28.642465,44.177125],[28.642419,44.177097],[28.642228,44.176981],[28.642037,44.176864],[28.641949,44.176811],[28.641875,44.176766],[28.641847,44.176789],[28.641728,44.176889],[28.641686,44.176926],[28.641648,44.176961],[28.641533,44.177068],[28.64145,44.177147],[28.641477,44.177148],[28.641502,44.177156],[28.641522,44.177169],[28.641535,44.177186],[28.641539,44.1772],[28.641539,44.177214],[28.641534,44.177228],[28.641522,44.177244],[28.641503,44.177256],[28.641481,44.177264],[28.641456,44.177266],[28.641435,44.177264],[28.641415,44.177259],[28.641398,44.177249],[28.641384,44.177237],[28.641375,44.177222],[28.641372,44.177206],[28.641325,44.177242],[28.641243,44.177303],[28.641199,44.177339],[28.641096,44.177422],[28.641035,44.177474],[28.640968,44.177531],[28.640874,44.177612],[28.640808,44.177668],[28.640712,44.177749],[28.640551,44.177887],[28.640389,44.178024],[28.640228,44.178162],[28.640132,44.178244],[28.640066,44.1783],[28.639932,44.178414],[28.639909,44.178434],[28.639905,44.178437],[28.639746,44.178576],[28.639586,44.178715],[28.639484,44.178804],[28.639425,44.178853],[28.639261,44.178989],[28.639098,44.179126],[28.638934,44.179262],[28.63887,44.179316],[28.638773,44.1794],[28.638613,44.179538],[28.638452,44.179676],[28.638292,44.179814],[28.638292,44.179815],[28.638255,44.17984],[28.63824,44.17985],[28.638188,44.179875],[28.638103,44.179903],[28.638101,44.179903],[28.638003,44.179925],[28.637874,44.17995],[28.637862,44.179952],[28.637756,44.179969],[28.637617,44.179988],[28.637427,44.180015],[28.637374,44.18002],[28.637226,44.180036],[28.637128,44.180045],[28.637078,44.180049],[28.636988,44.180056],[28.636901,44.180063],[28.636786,44.180072],[28.636659,44.180081],[28.636607,44.180085],[28.636413,44.180094],[28.636169,44.180104],[28.636163,44.180104],[28.635982,44.180112],[28.635919,44.180111],[28.63584,44.18011],[28.635668,44.180108],[28.63565,44.180108],[28.635417,44.180105],[28.635247,44.180103],[28.635169,44.180101],[28.634918,44.180095],[28.634667,44.180089],[28.634417,44.180083],[28.634359,44.180081],[28.634219,44.180082],[28.634157,44.180091],[28.633972,44.180119],[28.633915,44.180129],[28.633858,44.180139],[28.633767,44.180158],[28.633683,44.180184],[28.6336,44.180222],[28.633494,44.180282],[28.633399,44.180336],[28.63335,44.180415],[28.633334,44.180441],[28.633307,44.180483],[28.633247,44.180579],[28.633224,44.180617],[28.633146,44.180742],[28.633141,44.180751],[28.633057,44.180867],[28.633018,44.180904],[28.632961,44.180958],[28.632857,44.181026],[28.632836,44.181037],[28.632757,44.181079],[28.632616,44.181126],[28.632388,44.181202],[28.632161,44.181279],[28.631934,44.181355],[28.631871,44.181376],[28.631707,44.181431],[28.631684,44.181439],[28.631479,44.181507],[28.631429,44.181523],[28.631283,44.181572],[28.631252,44.181582],[28.631167,44.181611],[28.631024,44.181658],[28.630796,44.181733],[28.630569,44.181809],[28.630341,44.181884],[28.630113,44.18196],[28.629886,44.182036],[28.629658,44.182111],[28.62943,44.182187],[28.629203,44.182262],[28.629012,44.182325],[28.628975,44.182337],[28.628746,44.182411],[28.628711,44.182422],[28.628518,44.182486],[28.628291,44.182562],[28.628144,44.182611],[28.628063,44.182638],[28.627836,44.182715],[28.627609,44.182791],[28.627382,44.182867],[28.627296,44.182896],[28.627154,44.182943],[28.626926,44.183018],[28.626698,44.183093],[28.626556,44.183141],[28.62647,44.183168],[28.626461,44.183171],[28.626242,44.183243],[28.626014,44.183318],[28.625786,44.183393],[28.625615,44.18345],[28.625558,44.183468],[28.62533,44.183543],[28.625102,44.183618],[28.624874,44.183693],[28.624766,44.183729],[28.624647,44.183769],[28.62442,44.183846],[28.624193,44.183923],[28.623966,44.183999],[28.623939,44.184009],[28.623739,44.184076],[28.623512,44.184152],[28.623285,44.184228],[28.623093,44.184293],[28.623058,44.184305],[28.62283,44.184381],[28.622603,44.184457],[28.622375,44.184532],[28.622263,44.18457],[28.622148,44.184608],[28.621936,44.184679],[28.62192,44.184684],[28.621692,44.184759],[28.62158,44.184796],[28.621464,44.184834],[28.621402,44.184855],[28.62133,44.184878],[28.621237,44.184909],[28.621114,44.184949],[28.621009,44.184983],[28.62078,44.185058],[28.620552,44.185132],[28.620323,44.185206],[28.620094,44.18528],[28.620047,44.185296],[28.619866,44.185355],[28.619638,44.18543],[28.61941,44.185505],[28.619182,44.185579],[28.619095,44.185608],[28.618954,44.185655],[28.618727,44.18573],[28.618499,44.185805],[28.618271,44.185881],[28.618175,44.185913],[28.618043,44.185956],[28.617815,44.186031],[28.617587,44.186106],[28.617359,44.18618],[28.617239,44.18622],[28.617131,44.186255],[28.616903,44.186331],[28.616675,44.186406],[28.616447,44.186482],[28.616281,44.186537],[28.61622,44.186557],[28.615992,44.186633],[28.615765,44.186709],[28.61576,44.186711],[28.61561,44.186762],[28.615539,44.186786],[28.615538,44.186786],[28.615311,44.186863],[28.615167,44.186911],[28.615102,44.186935],[28.615085,44.186941],[28.61486,44.187021],[28.614713,44.187073],[28.614636,44.1871],[28.614628,44.187103],[28.614414,44.187184],[28.614238,44.18725],[28.614193,44.187268],[28.614023,44.187341],[28.613978,44.187361],[28.613873,44.187406],[28.613767,44.187456],[28.613625,44.187525],[28.61356,44.187557],[28.613356,44.187662],[28.613277,44.187702],[28.613173,44.187755],[28.613152,44.187766],[28.612947,44.18787],[28.612743,44.187974],[28.612538,44.188078],[28.612334,44.188183],[28.612129,44.188287],[28.611965,44.188371],[28.611925,44.188391],[28.611883,44.188413],[28.611721,44.188495],[28.61167,44.188521],[28.611516,44.188599],[28.611312,44.188703],[28.611298,44.188711],[28.611108,44.188808],[28.610904,44.188912],[28.610709,44.189011],[28.610699,44.189016],[28.610495,44.18912],[28.610407,44.189165],[28.61029,44.189224],[28.610086,44.189329],[28.609881,44.189433],[28.609794,44.189477],[28.609677,44.189537],[28.609472,44.189641],[28.609374,44.189692],[28.609273,44.189743],[28.609268,44.189746],[28.609077,44.189843],[28.609063,44.18985],[28.608859,44.189954],[28.608655,44.190058],[28.608503,44.190136],[28.608449,44.190162],[28.608397,44.190187],[28.608245,44.190266],[28.60805,44.190366],[28.608041,44.190371],[28.607941,44.190422],[28.607837,44.190475],[28.607632,44.190579],[28.607428,44.190684],[28.607223,44.190788],[28.607019,44.190892],[28.606901,44.190952],[28.606814,44.190996],[28.606714,44.191048],[28.60661,44.1911],[28.606405,44.191205],[28.606241,44.191288],[28.606201,44.191309],[28.606006,44.191409],[28.605997,44.191413],[28.605792,44.191517],[28.605694,44.191568],[28.605588,44.191622],[28.605383,44.191726],[28.605179,44.19183],[28.604974,44.191934],[28.60477,44.192038],[28.604763,44.192042],[28.604706,44.192071],[28.604599,44.192125],[28.604565,44.192143],[28.604361,44.192247],[28.60423,44.192313],[28.604156,44.19235],[28.603951,44.192454],[28.603861,44.192501],[28.603747,44.192558],[28.603542,44.192662],[28.603446,44.192711],[28.603356,44.192774],[28.603317,44.192802],[28.603222,44.192869],[28.603181,44.192899],[28.603046,44.192996],[28.603036,44.19301],[28.603035,44.193024],[28.603028,44.193087],[28.603035,44.19319],[28.603035,44.193197],[28.603073,44.193366],[28.603092,44.193451],[28.603119,44.193543],[28.603169,44.193719],[28.603219,44.193892],[28.603222,44.193903],[28.603272,44.193991],[28.603307,44.194058],[28.60332,44.194083],[28.603395,44.194226],[28.60346,44.194349],[28.603484,44.194394],[28.603572,44.194562],[28.603661,44.194731],[28.603749,44.194899],[28.603838,44.195067],[28.603926,44.195236],[28.604015,44.195404],[28.604103,44.195572],[28.604192,44.19574],[28.60428,44.195909],[28.604308,44.19596],[28.604381,44.196068],[28.60449,44.196229],[28.60451,44.196258],[28.604597,44.196386],[28.604616,44.196413],[28.604688,44.196548],[28.604698,44.196568],[28.604751,44.196723],[28.604809,44.196894],[28.60481,44.196898],[28.604879,44.197036],[28.604897,44.197068],[28.60499,44.197235],[28.605021,44.197291],[28.605079,44.197396],[28.605082,44.197402],[28.605172,44.197569],[28.605263,44.197737],[28.605335,44.197871],[28.605353,44.197905],[28.605444,44.198072],[28.605491,44.198159],[28.605514,44.198203],[28.605553,44.198239],[28.605704,44.198379],[28.605744,44.198416],[28.605849,44.198483],[28.605865,44.198494],[28.605889,44.198503],[28.606012,44.198547],[28.606038,44.198553],[28.606038,44.198553],[28.606077,44.198571],[28.606106,44.198596],[28.60612,44.198628],[28.606119,44.198661],[28.606108,44.198683],[28.606109,44.198711],[28.606114,44.198817],[28.606128,44.198885],[28.606139,44.198936],[28.606162,44.198981],[28.606197,44.199052],[28.606212,44.199081],[28.606328,44.199202],[28.606471,44.19935],[28.606485,44.199364],[28.606615,44.199497],[28.606744,44.199629],[28.606759,44.199644],[28.606846,44.199738],[28.606901,44.199792],[28.60705,44.199937],[28.607199,44.200081],[28.607348,44.200226],[28.607413,44.200289],[28.607497,44.200371],[28.607646,44.200515],[28.607677,44.200546],[28.607792,44.200661],[28.607916,44.200786],[28.60794,44.200807],[28.608048,44.200905],[28.608094,44.200949],[28.608145,44.200999],[28.608286,44.201058],[28.608305,44.201065],[28.608368,44.201077],[28.608398,44.201082],[28.608542,44.201089],[28.608596,44.201094],[28.608646,44.20111],[28.608688,44.201136],[28.608709,44.201158],[28.608718,44.201169],[28.608736,44.201215],[28.60873,44.201262],[28.608719,44.201321],[28.608716,44.201336],[28.608708,44.20138],[28.60872,44.201451],[28.608734,44.201477],[28.608757,44.201517],[28.608847,44.201628],[28.608972,44.201783],[28.609021,44.201843],[28.609113,44.201932],[28.609264,44.202076],[28.609415,44.20222],[28.609565,44.202363],[28.609716,44.202507],[28.609867,44.202651],[28.610017,44.202795],[28.610104,44.202878],[28.610168,44.202939],[28.610194,44.202963],[28.610362,44.203043],[28.61046,44.203091],[28.610489,44.203091],[28.610556,44.203075],[28.610776,44.203021],[28.610815,44.202993],[28.610907,44.202926],[28.61099,44.202865],[28.611075,44.202803],[28.611165,44.202734],[28.611337,44.202603],[28.611412,44.202547],[28.611509,44.202471],[28.611679,44.202339],[28.611848,44.202207],[28.612001,44.202088],[28.612018,44.202075],[28.612187,44.201943],[28.612357,44.201811],[28.612527,44.201678],[28.612697,44.201546],[28.612867,44.201414],[28.612991,44.201317],[28.613037,44.201281],[28.613145,44.201197],[28.613206,44.201144],[28.613256,44.2011],[28.613309,44.201054],[28.613365,44.201005],[28.613386,44.200986],[28.613524,44.200866],[28.613564,44.200831],[28.613652,44.200754],[28.613682,44.200726],[28.613701,44.200711],[28.613841,44.200587],[28.613943,44.200498],[28.614,44.200448],[28.61403,44.200422],[28.614105,44.200368],[28.614169,44.200322],[28.6142,44.2003],[28.614356,44.200213],[28.614386,44.200197],[28.614426,44.200174],[28.614557,44.200119],[28.614697,44.200059],[28.614773,44.200027],[28.614989,44.199935],[28.615205,44.199844],[28.615421,44.199752],[28.615636,44.19966],[28.615636,44.19966],[28.615852,44.199569],[28.616,44.199506],[28.616068,44.199477],[28.616284,44.199385],[28.616329,44.199366],[28.6165,44.199293],[28.616716,44.199202],[28.616931,44.19911],[28.61711,44.199034],[28.617145,44.199019],[28.61736,44.198928],[28.617576,44.198836],[28.617792,44.198745],[28.618008,44.198653],[28.618223,44.198561],[28.618327,44.198517],[28.618438,44.198473],[28.618545,44.198431],[28.61866,44.198367],[28.618681,44.198355],[28.618857,44.198257],[28.61888,44.198245],[28.619052,44.198139],[28.619242,44.198022],[28.61937,44.197943],[28.619392,44.197929],[28.619431,44.197907],[28.619627,44.197795],[28.619823,44.197684],[28.619891,44.197645],[28.620022,44.197582],[28.620231,44.197483],[28.620278,44.197461],[28.620444,44.197393],[28.620662,44.197305],[28.620783,44.197256],[28.620881,44.197224],[28.621025,44.197177],[28.621109,44.197152],[28.62134,44.197081],[28.621365,44.197073],[28.621573,44.197021],[28.621603,44.197013],[28.621811,44.196976],[28.621857,44.196968],[28.622054,44.196925],[28.622232,44.196887],[28.622294,44.196875],[28.622352,44.196863],[28.622486,44.19684],[28.622535,44.196832],[28.622779,44.196791],[28.623024,44.19675],[28.623268,44.196709],[28.623512,44.196669],[28.623557,44.196661],[28.623628,44.196648],[28.623745,44.196615],[28.623757,44.196611],[28.62377,44.196607],[28.623846,44.196585],[28.623856,44.196564],[28.623873,44.196546],[28.623896,44.196532],[28.623926,44.196523],[28.623959,44.19652],[28.62398,44.196522],[28.623992,44.196523],[28.624017,44.196532],[28.62403,44.196539],[28.624039,44.196544],[28.624053,44.196556],[28.624065,44.196574],[28.624071,44.196595],[28.62407,44.196616],[28.624061,44.196636],[28.624054,44.196644],[28.624046,44.196653],[28.624024,44.196668],[28.623994,44.196679],[28.623964,44.196683],[28.623932,44.196681],[28.623902,44.196673],[28.623877,44.196659],[28.623816,44.196661],[28.623633,44.196666],[28.623568,44.196677],[28.623563,44.196678],[28.623324,44.196719],[28.62308,44.19676],[28.622836,44.196802],[28.622592,44.196844],[28.622492,44.196861],[28.622348,44.196886],[28.622241,44.196905],[28.622104,44.196928],[28.621965,44.196951],[28.621859,44.196967],[28.621857,44.196968],[28.621771,44.196983]]},"properties":{"line":"44","dir":"0","headsign":"Cap Linie Henri Coanda","mode":"bus","color":"#0059a9"}},{"type":"Feature","geometry":{"type":"LineString","coordinates":[[28.621771,44.196983],[28.621603,44.197013],[28.62153,44.197032],[28.621365,44.197073],[28.621294,44.197095],[28.621064,44.197166],[28.621025,44.197177],[28.620835,44.197239],[28.620783,44.197256],[28.620614,44.197325],[28.620395,44.197413],[28.620278,44.197461],[28.620181,44.197507],[28.619972,44.197606],[28.619891,44.197645],[28.619772,44.197712],[28.619576,44.197824],[28.619392,44.197929],[28.61938,44.197936],[28.61937,44.197943],[28.61919,44.198053],[28.619,44.198171],[28.61888,44.198245],[28.618805,44.198286],[28.618681,44.198355],[28.618607,44.198396],[28.618545,44.198431],[28.618393,44.198491],[28.618327,44.198517],[28.618176,44.198581],[28.61796,44.198673],[28.617745,44.198765],[28.617529,44.198856],[28.617313,44.198948],[28.61711,44.199034],[28.617098,44.199039],[28.616882,44.199131],[28.616666,44.199223],[28.61645,44.199314],[28.616329,44.199366],[28.616234,44.199406],[28.616019,44.199498],[28.616,44.199506],[28.615803,44.19959],[28.615636,44.19966],[28.615587,44.199681],[28.615371,44.199773],[28.615155,44.199865],[28.614939,44.199956],[28.614724,44.200048],[28.614697,44.200059],[28.614508,44.20014],[28.614426,44.200174],[28.614386,44.200197],[28.614307,44.20024],[28.6142,44.2003],[28.614123,44.200355],[28.614105,44.200368],[28.61403,44.200422],[28.613956,44.200487],[28.613943,44.200498],[28.613798,44.200626],[28.613701,44.200711],[28.613652,44.200754],[28.613639,44.200765],[28.613564,44.200831],[28.61348,44.200904],[28.613386,44.200986],[28.613321,44.201043],[28.613309,44.201054],[28.613256,44.2011],[28.613162,44.201182],[28.613145,44.201197],[28.612992,44.201317],[28.612991,44.201317],[28.612822,44.201449],[28.612652,44.201581],[28.612482,44.201713],[28.612312,44.201846],[28.612143,44.201978],[28.612001,44.202088],[28.611973,44.20211],[28.611803,44.202242],[28.611633,44.202375],[28.611463,44.202507],[28.611412,44.202547],[28.611291,44.202639],[28.611119,44.20277],[28.611075,44.202803],[28.610943,44.202899],[28.610907,44.202926],[28.610776,44.203021],[28.610768,44.203027],[28.610599,44.203152],[28.610579,44.203167],[28.610572,44.203196],[28.610551,44.203221],[28.610517,44.203239],[28.610476,44.203246],[28.610434,44.203242],[28.610434,44.203242],[28.610397,44.203226],[28.610372,44.203201],[28.610363,44.203171],[28.610329,44.20313],[28.610206,44.202978],[28.610194,44.202963],[28.610104,44.202878],[28.610054,44.20283],[28.609903,44.202686],[28.609753,44.202542],[28.609602,44.202398],[28.609451,44.202254],[28.609301,44.20211],[28.60915,44.201967],[28.609021,44.201843],[28.608997,44.201822],[28.608838,44.201683],[28.608679,44.201545],[28.608519,44.201406],[28.608454,44.201349],[28.60839,44.201309],[28.608363,44.201274],[28.608352,44.201236],[28.608244,44.201113],[28.608145,44.200999],[28.608105,44.20096],[28.608048,44.200905],[28.60795,44.200817],[28.607916,44.200786],[28.607804,44.200673],[28.607677,44.200546],[28.607657,44.200526],[28.607508,44.200382],[28.607413,44.200289],[28.607359,44.200237],[28.60721,44.200092],[28.607061,44.199948],[28.606912,44.199803],[28.606846,44.199738],[28.606771,44.199657],[28.606744,44.199629],[28.606626,44.199508],[28.606485,44.199364],[28.606482,44.199362],[28.60634,44.199214],[28.606212,44.199081],[28.606193,44.199065],[28.606041,44.198928],[28.605933,44.198831],[28.605893,44.19879],[28.605828,44.19872],[28.605768,44.198641],[28.605721,44.198578],[28.60567,44.198485],[28.605578,44.198319],[28.605514,44.198203],[28.605491,44.198159],[28.605487,44.198152],[28.605397,44.197986],[28.605335,44.197871],[28.605251,44.197805],[28.605086,44.197674],[28.604949,44.197627],[28.604936,44.197622],[28.604817,44.197609],[28.604903,44.197539],[28.604954,44.197497],[28.604961,44.197492],[28.605079,44.197396],[28.605034,44.197314],[28.605021,44.197291],[28.604941,44.197147],[28.604879,44.197036],[28.604853,44.196983],[28.604809,44.196894],[28.60472,44.196805],[28.604657,44.196741],[28.604557,44.196666],[28.604533,44.196648],[28.604407,44.196576],[28.604359,44.196568],[28.604317,44.196549],[28.604286,44.196521],[28.60427,44.19649],[28.60427,44.196489],[28.604267,44.196457],[28.604279,44.196426],[28.604307,44.196347],[28.604329,44.196285],[28.604337,44.196177],[28.604333,44.196152],[28.60431,44.19598],[28.604308,44.19596],[28.604221,44.195796],[28.604133,44.195628],[28.604044,44.195459],[28.603956,44.195291],[28.603867,44.195123],[28.603779,44.194955],[28.60369,44.194786],[28.603601,44.194618],[28.603513,44.19445],[28.60346,44.194349],[28.603424,44.194281],[28.603336,44.194113],[28.60332,44.194083],[28.603272,44.193991],[28.603245,44.193944],[28.603222,44.193903],[28.60319,44.193846],[28.603152,44.193781],[28.603058,44.193614],[28.602974,44.193468],[28.602963,44.193448],[28.602869,44.193282],[28.602847,44.193243],[28.602795,44.193129],[28.602795,44.193129],[28.602777,44.193022],[28.602755,44.192994],[28.602744,44.192963],[28.602747,44.192931],[28.602764,44.192897],[28.602796,44.192869],[28.602839,44.192849],[28.602888,44.192841],[28.602888,44.192841],[28.602932,44.192842],[28.602973,44.192853],[28.602994,44.192848],[28.603101,44.192821],[28.603157,44.192806],[28.603232,44.192782],[28.603446,44.192711],[28.603467,44.1927],[28.603672,44.192596],[28.603861,44.192501],[28.603877,44.192492],[28.604081,44.192388],[28.60423,44.192313],[28.604286,44.192284],[28.604491,44.19218],[28.604599,44.192125],[28.604695,44.192076],[28.604706,44.192071],[28.604763,44.192042],[28.6049,44.191972],[28.605104,44.191868],[28.605309,44.191764],[28.605513,44.191659],[28.605694,44.191568],[28.605718,44.191555],[28.605922,44.191451],[28.606006,44.191409],[28.606127,44.191347],[28.606241,44.191288],[28.606331,44.191243],[28.606536,44.191138],[28.606714,44.191048],[28.60674,44.191034],[28.606901,44.190952],[28.606944,44.19093],[28.607149,44.190826],[28.607353,44.190721],[28.607558,44.190617],[28.607762,44.190513],[28.607941,44.190422],[28.607967,44.190409],[28.60805,44.190366],[28.608171,44.190304],[28.608374,44.190199],[28.608397,44.190187],[28.608503,44.190136],[28.60858,44.190096],[28.608784,44.189992],[28.608989,44.189888],[28.609077,44.189843],[28.609193,44.189784],[28.609273,44.189743],[28.609374,44.189692],[28.609398,44.189679],[28.609602,44.189575],[28.609794,44.189477],[28.609807,44.189471],[28.610011,44.189367],[28.610215,44.189263],[28.610407,44.189165],[28.61042,44.189158],[28.610624,44.189054],[28.610709,44.189011],[28.610829,44.18895],[28.611033,44.188846],[28.611237,44.188741],[28.611298,44.188711],[28.611442,44.188637],[28.611646,44.188533],[28.61167,44.188521],[28.611851,44.188429],[28.611883,44.188413],[28.611965,44.188371],[28.612055,44.188325],[28.61226,44.18822],[28.612464,44.188116],[28.612668,44.188012],[28.612873,44.187908],[28.613077,44.187804],[28.613173,44.187755],[28.613277,44.187702],[28.613281,44.1877],[28.613485,44.187596],[28.613625,44.187525],[28.613689,44.187494],[28.613873,44.187406],[28.613896,44.187396],[28.614023,44.187341],[28.614111,44.187304],[28.614238,44.18725],[28.614327,44.187216],[28.614549,44.187133],[28.614628,44.187103],[28.614713,44.187073],[28.614772,44.187052],[28.614997,44.186972],[28.615102,44.186935],[28.615167,44.186911],[28.615221,44.186893],[28.615448,44.186817],[28.615539,44.186786],[28.61561,44.186762],[28.615675,44.18674],[28.61576,44.186711],[28.615902,44.186663],[28.616129,44.186587],[28.616281,44.186537],[28.616357,44.186511],[28.616585,44.186436],[28.616812,44.186361],[28.61704,44.186285],[28.617239,44.18622],[28.617268,44.18621],[28.617496,44.186135],[28.617724,44.186061],[28.617952,44.185986],[28.618175,44.185913],[28.61818,44.185911],[28.618408,44.185835],[28.618636,44.18576],[28.618864,44.185685],[28.619091,44.185609],[28.619095,44.185608],[28.619319,44.185534],[28.619547,44.185459],[28.619776,44.185384],[28.620004,44.18531],[28.620047,44.185296],[28.620232,44.185235],[28.62046,44.185161],[28.620689,44.185087],[28.620917,44.185013],[28.621114,44.184949],[28.621146,44.184939],[28.62133,44.184878],[28.621374,44.184864],[28.621402,44.184855],[28.62158,44.184796],[28.621602,44.184789],[28.62183,44.184714],[28.621936,44.184679],[28.622058,44.184638],[28.622263,44.18457],[28.622286,44.184562],[28.622513,44.184487],[28.622741,44.184411],[28.622968,44.184335],[28.623093,44.184293],[28.623195,44.184259],[28.623423,44.184182],[28.62365,44.184106],[28.623877,44.184029],[28.623939,44.184009],[28.624104,44.183953],[28.624331,44.183876],[28.624558,44.183799],[28.624766,44.183729],[28.624784,44.183723],[28.625012,44.183648],[28.62524,44.183573],[28.625468,44.183498],[28.625615,44.18345],[28.625696,44.183423],[28.625924,44.183348],[28.626152,44.183273],[28.62638,44.183198],[28.626461,44.183171],[28.626556,44.183141],[28.626608,44.183123],[28.626836,44.183048],[28.627064,44.182973],[28.627292,44.182897],[28.627296,44.182896],[28.627519,44.182821],[28.627747,44.182745],[28.627974,44.182668],[28.628144,44.182611],[28.628201,44.182592],[28.628428,44.182516],[28.628656,44.18244],[28.628711,44.182422],[28.628884,44.182367],[28.629012,44.182325],[28.629113,44.182292],[28.62934,44.182216],[28.629568,44.182141],[28.629796,44.182065],[28.630023,44.18199],[28.630251,44.181914],[28.630479,44.181839],[28.630706,44.181763],[28.630934,44.181688],[28.631162,44.181612],[28.631167,44.181611],[28.631283,44.181572],[28.631389,44.181537],[28.631429,44.181523],[28.631617,44.181461],[28.631684,44.181439],[28.631844,44.181385],[28.631871,44.181376],[28.632071,44.181309],[28.632298,44.181233],[28.632526,44.181156],[28.632757,44.181079],[28.632768,44.181073],[28.632857,44.181026],[28.632961,44.180958],[28.632974,44.180945],[28.633057,44.180867],[28.633117,44.180784],[28.633141,44.180751],[28.633223,44.180618],[28.633224,44.180617],[28.633307,44.180483],[28.633325,44.180455],[28.633334,44.180441],[28.633399,44.180336],[28.633419,44.180274],[28.633475,44.180098],[28.633509,44.180004],[28.63351,44.179988],[28.63351,44.179988],[28.63352,44.179964],[28.633538,44.179942],[28.633564,44.179925],[28.633596,44.179913],[28.633631,44.179908],[28.63367,44.179911],[28.633685,44.179916],[28.633707,44.179922],[28.633737,44.179941],[28.633912,44.179992],[28.634143,44.180059],[28.634219,44.180082],[28.634359,44.180081],[28.634417,44.180083],[28.634667,44.180089],[28.634918,44.180095],[28.635169,44.180101],[28.635247,44.180103],[28.635421,44.180105],[28.63565,44.180108],[28.635672,44.180108],[28.63584,44.18011],[28.635922,44.180111],[28.635982,44.180112],[28.636169,44.180104],[28.63618,44.180104],[28.63643,44.180093],[28.636607,44.180085],[28.636683,44.180079],[28.636786,44.180072],[28.636932,44.18006],[28.636988,44.180056],[28.637078,44.180049],[28.637181,44.18004],[28.637226,44.180036],[28.637427,44.180015],[28.637431,44.180014],[28.637675,44.17998],[28.637756,44.179969],[28.637874,44.17995],[28.637921,44.179941],[28.638003,44.179925],[28.638103,44.179903],[28.638174,44.17988],[28.638188,44.179875],[28.63824,44.17985],[28.638255,44.17984],[28.638292,44.179815],[28.638305,44.179803],[28.63887,44.179316],[28.639484,44.178804],[28.639909,44.178434],[28.639932,44.178414],[28.640132,44.178244],[28.640808,44.177668],[28.640968,44.177531],[28.641096,44.177422],[28.641243,44.177303],[28.641325,44.177242],[28.641372,44.177206],[28.641375,44.177191],[28.641386,44.177174],[28.641403,44.17716],[28.641425,44.177151],[28.64145,44.177147],[28.64145,44.177147],[28.641477,44.177148],[28.641502,44.177156],[28.641522,44.177169],[28.641535,44.177186],[28.641539,44.1772],[28.641539,44.177214],[28.641534,44.177228],[28.641559,44.177336],[28.641567,44.177369],[28.641564,44.177478],[28.641564,44.177511],[28.641559,44.177691],[28.641558,44.177734],[28.641556,44.17787],[28.641556,44.1779],[28.641553,44.17805],[28.641553,44.178059],[28.641549,44.178129],[28.641548,44.178162],[28.641545,44.178229],[28.641537,44.178409],[28.641529,44.178589],[28.641521,44.178769],[28.64152,44.178783],[28.641511,44.178948],[28.641501,44.179128],[28.641491,44.179308],[28.641487,44.179378],[28.641481,44.179487],[28.641474,44.179626],[28.641473,44.179667],[28.641468,44.179847],[28.641467,44.179891],[28.641474,44.180023],[28.641475,44.180027],[28.641517,44.180178],[28.641526,44.180199],[28.641604,44.180369],[28.641683,44.18054],[28.641761,44.18071],[28.641815,44.180827],[28.641837,44.180878],[28.641838,44.180882],[28.641913,44.181053],[28.641981,44.181208],[28.641988,44.181226],[28.642012,44.181286],[28.642057,44.181399],[28.642126,44.181571],[28.642196,44.181744],[28.642203,44.181763],[28.642244,44.18186],[28.642265,44.181841],[28.64233,44.181784],[28.642333,44.181782],[28.642423,44.181709],[28.642498,44.181645],[28.642564,44.181589],[28.642659,44.181507],[28.64282,44.181369],[28.642981,44.181231],[28.643075,44.181151],[28.643142,44.181093],[28.64317,44.181069],[28.643302,44.180955],[28.643462,44.180816],[28.643465,44.180814],[28.643616,44.180688],[28.643625,44.18068],[28.643786,44.180542],[28.643947,44.180404],[28.644037,44.180327],[28.644108,44.180266],[28.644269,44.180128],[28.64443,44.17999],[28.644487,44.179942],[28.644591,44.179852],[28.644752,44.179714],[28.644913,44.179576],[28.644926,44.179565],[28.645074,44.179438],[28.645235,44.1793],[28.645396,44.179162],[28.645473,44.179097],[28.645557,44.179024],[28.645564,44.179019],[28.645718,44.178887],[28.64588,44.178749],[28.64604,44.178612],[28.646193,44.178481],[28.646193,44.178481],[28.646245,44.178437],[28.646303,44.178387],[28.646361,44.178337],[28.646364,44.178334],[28.646522,44.178199],[28.646683,44.178061],[28.646844,44.177923],[28.647006,44.177786],[28.647167,44.177648],[28.647328,44.17751],[28.647444,44.177411],[28.647489,44.177372],[28.64765,44.177234],[28.647811,44.177096],[28.647972,44.176958],[28.64804,44.176901],[28.648134,44.176821],[28.648164,44.176795],[28.648267,44.176706],[28.648294,44.176683],[28.648456,44.176546],[28.648619,44.176409],[28.648781,44.176272],[28.648944,44.176135],[28.64907,44.176028],[28.649106,44.175998],[28.649269,44.175862],[28.649364,44.175783],[28.649432,44.175726],[28.649595,44.17559],[28.649687,44.175513],[28.649758,44.175454],[28.649768,44.175447],[28.649867,44.175369],[28.649928,44.175334],[28.649935,44.175331],[28.649997,44.175305],[28.6501,44.175283],[28.650159,44.175278],[28.650232,44.175272],[28.650368,44.175283],[28.650397,44.175287],[28.650475,44.175299],[28.650575,44.175323],[28.650631,44.175343],[28.650664,44.175354],[28.650848,44.175433],[28.651051,44.175519],[28.651066,44.175519],[28.651189,44.175519],[28.651253,44.175525],[28.651318,44.175538],[28.651331,44.175541],[28.651411,44.175557],[28.651493,44.175557],[28.651536,44.175542],[28.651594,44.175523],[28.651676,44.175466],[28.651733,44.175402],[28.651787,44.175341],[28.651885,44.175269],[28.651924,44.17524],[28.652094,44.175177],[28.652176,44.175146],[28.652304,44.175098],[28.652428,44.175052],[28.652543,44.175037],[28.652577,44.175032],[28.652768,44.17503],[28.652805,44.175017],[28.65303,44.174937],[28.653254,44.174856],[28.653479,44.174776],[28.653703,44.174696],[28.653928,44.174616],[28.654152,44.174535],[28.654377,44.174455],[28.654601,44.174375],[28.654825,44.174295],[28.65505,44.174214],[28.655274,44.174134],[28.655499,44.174054],[28.655723,44.173974],[28.65575,44.173964],[28.655945,44.17388],[28.656103,44.173812],[28.656162,44.173782],[28.656367,44.173678],[28.65642,44.173651],[28.65657,44.173566],[28.656699,44.173492],[28.656768,44.173447],[28.656949,44.173328],[28.656955,44.173324],[28.657062,44.17325],[28.657135,44.173199],[28.657299,44.173085],[28.657318,44.173069],[28.657488,44.172937],[28.657609,44.172843],[28.657652,44.172771],[28.657707,44.17268],[28.65776,44.172621],[28.657874,44.172495],[28.657896,44.172471],[28.658034,44.172321],[28.658119,44.172229],[28.658172,44.17217],[28.658308,44.172019],[28.658444,44.171867],[28.65858,44.171716],[28.658663,44.171624],[28.658716,44.171565],[28.658797,44.171475],[28.658851,44.171414],[28.658858,44.171407],[28.65898,44.171258],[28.659043,44.17118],[28.659106,44.171103],[28.659231,44.17095],[28.659358,44.170795],[28.659393,44.170752],[28.659462,44.170653],[28.659475,44.170627],[28.659488,44.170602],[28.659508,44.170552],[28.659537,44.170446],[28.659541,44.17043],[28.659578,44.170339],[28.659599,44.170302],[28.659623,44.170281],[28.659687,44.170247],[28.659744,44.170247],[28.659791,44.170257],[28.65981,44.170265],[28.659831,44.170274],[28.659854,44.170291],[28.659879,44.170325],[28.659896,44.170369],[28.659853,44.170409],[28.65979,44.170455],[28.659676,44.170532],[28.659644,44.170562],[28.65961,44.170598],[28.659591,44.170619],[28.659563,44.170653],[28.659489,44.170754],[28.659486,44.170758],[28.659395,44.170904],[28.659386,44.170917],[28.659265,44.171073]]},"properties":{"line":"44","dir":"1","headsign":"Cap Linie Poarta 1","mode":"bus","color":"#0059a9"}},{"type":"Feature","geometry":{"type":"LineString","coordinates":[[28.576617,44.168891],[28.576613,44.168891],[28.576535,44.168868],[28.576469,44.168846],[28.576438,44.168828],[28.576262,44.168721],[28.576236,44.168716],[28.576212,44.168707],[28.576191,44.168694],[28.576174,44.168674],[28.576166,44.168651],[28.576168,44.168628],[28.57618,44.168606],[28.5762,44.168587],[28.576223,44.168575],[28.57625,44.168568],[28.576278,44.168566],[28.57631,44.168571],[28.576338,44.168582],[28.57636,44.168598],[28.576597,44.16863],[28.576734,44.168649],[28.576839,44.168665],[28.577019,44.168692],[28.577086,44.168696],[28.577336,44.168711],[28.577463,44.168718],[28.577586,44.168726],[28.577662,44.168731],[28.577836,44.168743],[28.578086,44.168759],[28.578335,44.168776],[28.578404,44.16878],[28.578585,44.168792],[28.578835,44.168808],[28.579085,44.168824],[28.579091,44.168824],[28.579335,44.16884],[28.579585,44.168856],[28.579723,44.168865],[28.579835,44.168872],[28.580084,44.168889],[28.580334,44.168905],[28.580584,44.168921],[28.58074,44.168931],[28.580767,44.168933],[28.580834,44.168937],[28.581084,44.168954],[28.581334,44.16897],[28.581584,44.168986],[28.581814,44.169001],[28.581833,44.169003],[28.58204,44.169016],[28.582084,44.169019],[28.58222,44.169027],[28.582333,44.169035],[28.58234,44.169035],[28.582583,44.169051],[28.582833,44.169067],[28.583082,44.169084],[28.583168,44.169089],[28.583332,44.1691],[28.583554,44.169114],[28.583582,44.169116],[28.583832,44.169132],[28.584082,44.169149],[28.584183,44.169155],[28.584332,44.169164],[28.584582,44.16918],[28.584832,44.169195],[28.584993,44.169205],[28.585062,44.16921],[28.585081,44.169211],[28.585331,44.169228],[28.585581,44.169245],[28.585831,44.169262],[28.586068,44.169278],[28.58608,44.169279],[28.58633,44.169296],[28.58658,44.169314],[28.586757,44.169327],[28.586828,44.169332],[28.587001,44.169346],[28.587077,44.169353],[28.587083,44.169353],[28.58733,44.169366],[28.587547,44.169378],[28.58758,44.16938],[28.587653,44.169384],[28.587762,44.169391],[28.587829,44.169395],[28.588079,44.16941],[28.588132,44.169414],[28.588329,44.169425],[28.58836,44.169427],[28.588578,44.169441],[28.588699,44.169449],[28.588828,44.169457],[28.588991,44.169468],[28.589078,44.169473],[28.589328,44.16949],[28.589445,44.169498],[28.589578,44.169506],[28.589806,44.169521],[28.589827,44.169522],[28.590072,44.169538],[28.590077,44.169539],[28.590327,44.169555],[28.590577,44.169572],[28.590827,44.169588],[28.590916,44.169594],[28.590983,44.169599],[28.591049,44.169603],[28.591076,44.169605],[28.591326,44.169621],[28.591554,44.169635],[28.591577,44.169636],[28.591824,44.16965],[28.591827,44.16965],[28.592077,44.169664],[28.592327,44.169678],[28.592448,44.169685],[28.592577,44.169693],[28.592827,44.169707],[28.592864,44.16971],[28.592929,44.169713],[28.593077,44.169721],[28.593327,44.169733],[28.593414,44.169738],[28.593581,44.169734],[28.593689,44.169732],[28.593773,44.16973],[28.593805,44.169714],[28.593834,44.169706],[28.593842,44.169705],[28.593882,44.169704],[28.593919,44.169713],[28.593951,44.169729],[28.594057,44.169758],[28.594286,44.169818],[28.594303,44.169819],[28.594454,44.169827],[28.594551,44.169833],[28.594634,44.169839],[28.594762,44.169847],[28.594801,44.16985],[28.595051,44.169866],[28.595301,44.169882],[28.595425,44.16989],[28.595551,44.169898],[28.5958,44.169915],[28.595826,44.169916],[28.595905,44.169921],[28.59605,44.169931],[28.5963,44.169947],[28.59655,44.169963],[28.5968,44.16998],[28.59705,44.169996],[28.597099,44.169999],[28.597299,44.170012],[28.597308,44.170013],[28.597491,44.170025],[28.597549,44.170029],[28.597799,44.170045],[28.597891,44.170051],[28.597937,44.170054],[28.598049,44.170061],[28.598148,44.170068],[28.598299,44.170077],[28.598373,44.170082],[28.59843,44.170086],[28.598549,44.170094],[28.598563,44.170094],[28.598798,44.17011],[28.599048,44.170126],[28.599183,44.170135],[28.599298,44.170142],[28.599393,44.170149],[28.599548,44.170158],[28.599798,44.170174],[28.599919,44.170182],[28.600048,44.17019],[28.600298,44.170207],[28.600542,44.170222],[28.600547,44.170223],[28.60074,44.170236],[28.600797,44.170239],[28.601006,44.170254],[28.601047,44.170256],[28.601297,44.170271],[28.601312,44.170272],[28.601361,44.170277],[28.601547,44.170288],[28.601655,44.170294],[28.601773,44.170301],[28.601796,44.170303],[28.601953,44.170314],[28.602047,44.17032],[28.602243,44.170332],[28.602296,44.170335],[28.602546,44.170351],[28.602566,44.170353],[28.602625,44.170357],[28.602796,44.170368],[28.603046,44.170384],[28.603295,44.1704],[28.603313,44.170401],[28.603545,44.170416],[28.60355,44.170417],[28.603586,44.170419],[28.603653,44.170423],[28.603795,44.170424],[28.603881,44.170425],[28.604045,44.170426],[28.6041,44.170426],[28.60413,44.170425],[28.604152,44.170419],[28.604176,44.170418],[28.604199,44.170422],[28.604219,44.170431],[28.604278,44.17044],[28.604522,44.170474],[28.604565,44.17048],[28.604707,44.170489],[28.60477,44.170493],[28.604921,44.170502],[28.60502,44.170509],[28.605213,44.170521],[28.60527,44.170524],[28.605519,44.17054],[28.605769,44.170555],[28.605882,44.170562],[28.606019,44.170571],[28.606269,44.170587],[28.606519,44.170602],[28.606558,44.170605],[28.606769,44.170618],[28.607019,44.170633],[28.607269,44.170649],[28.607519,44.170665],[28.607597,44.17067],[28.607769,44.17068],[28.608019,44.170696],[28.608088,44.1707],[28.608269,44.170711],[28.608519,44.170727],[28.608547,44.170729],[28.60877,44.170719],[28.609018,44.170709],[28.609046,44.170708],[28.609274,44.170719],[28.60952,44.170732],[28.609522,44.170732],[28.609772,44.170743],[28.609898,44.170748],[28.60999,44.170752],[28.610018,44.170722],[28.61007,44.170701],[28.610126,44.170693],[28.610181,44.170696],[28.610219,44.170707],[28.610233,44.170711],[28.610278,44.170738],[28.610432,44.170769],[28.610474,44.170778],[28.610677,44.170803],[28.610889,44.17083],[28.610923,44.170831],[28.611173,44.170843],[28.611406,44.170854],[28.611424,44.170855],[28.611561,44.17086],[28.611667,44.170881],[28.611908,44.170926],[28.612057,44.170955],[28.612155,44.170961],[28.612405,44.170978],[28.612655,44.170994],[28.612905,44.17101],[28.61314,44.171026],[28.613154,44.171026],[28.613404,44.171043],[28.613654,44.171059],[28.613904,44.171075],[28.614154,44.171092],[28.614404,44.171108],[28.614551,44.17112],[28.614654,44.171124],[28.614905,44.171134],[28.615155,44.171144],[28.615239,44.171147],[28.615405,44.171154],[28.615537,44.171159],[28.615603,44.171161],[28.615618,44.171149],[28.615638,44.171141],[28.615645,44.17114],[28.615661,44.171138],[28.615683,44.171139],[28.615705,44.171146],[28.615722,44.171156],[28.615734,44.17117],[28.615905,44.171187],[28.616064,44.171202],[28.616154,44.17121],[28.616403,44.171232],[28.616651,44.171255],[28.616666,44.171256],[28.616902,44.171271],[28.617024,44.171278],[28.617152,44.171286],[28.617381,44.171301],[28.617402,44.171302],[28.617565,44.171313],[28.617651,44.171318],[28.617901,44.171334],[28.618151,44.17135],[28.618401,44.171367],[28.618651,44.171383],[28.618901,44.171399],[28.619151,44.171415],[28.6194,44.171431],[28.61965,44.171447],[28.6199,44.171463],[28.62015,44.17148],[28.6204,44.171496],[28.62065,44.171512],[28.620779,44.17152],[28.620899,44.17153],[28.621084,44.171545],[28.621149,44.171547],[28.621334,44.171556],[28.621399,44.17156],[28.621649,44.171576],[28.621899,44.171592],[28.622149,44.171609],[28.622399,44.171625],[28.622649,44.171641],[28.622899,44.171657],[28.623148,44.171673],[28.623398,44.171689],[28.623648,44.171705],[28.623898,44.171722],[28.624088,44.171734],[28.624148,44.171738],[28.624309,44.171748],[28.624398,44.171746],[28.624605,44.171743],[28.624648,44.171742],[28.624772,44.171739],[28.624895,44.171737],[28.624921,44.171729],[28.624935,44.171726],[28.624944,44.171724],[28.624967,44.17172],[28.624989,44.171718],[28.625013,44.171717],[28.62504,44.171718],[28.625066,44.171724],[28.625119,44.171735],[28.625167,44.171746],[28.625179,44.171749],[28.625222,44.171761],[28.625258,44.171767],[28.625311,44.171764],[28.625354,44.17176],[28.625408,44.171757],[28.625461,44.171754],[28.625514,44.171754],[28.625536,44.171757],[28.625561,44.171765],[28.625581,44.171774],[28.625659,44.171791],[28.625813,44.171825],[28.625894,44.171842],[28.626014,44.171868],[28.626146,44.171876],[28.626396,44.17189],[28.626646,44.171903],[28.626896,44.171917],[28.62713,44.17193],[28.627146,44.171931],[28.627396,44.171948],[28.627405,44.171948],[28.627463,44.171952],[28.627645,44.171964],[28.627715,44.171968],[28.627895,44.17198],[28.627909,44.171981],[28.628145,44.171996],[28.628395,44.172012],[28.628533,44.172021],[28.628645,44.172028],[28.628752,44.172035],[28.628883,44.172044],[28.628895,44.172044],[28.629145,44.172061],[28.629165,44.172062],[28.629394,44.172077],[28.629644,44.172093],[28.629793,44.172103],[28.629894,44.172109],[28.630144,44.172124],[28.630203,44.172128],[28.630391,44.172141],[28.630394,44.172141],[28.630644,44.172157],[28.630893,44.172174],[28.631143,44.17219],[28.631393,44.172206],[28.631494,44.172212],[28.631643,44.172222],[28.631893,44.172238],[28.632143,44.172254],[28.632393,44.17227],[28.632555,44.172281],[28.632642,44.172287],[28.632705,44.172291],[28.632892,44.172303],[28.633142,44.172319],[28.633392,44.172335],[28.633642,44.172351],[28.633892,44.172366],[28.633972,44.172371],[28.634141,44.172383],[28.634391,44.172399],[28.6346,44.172413],[28.634641,44.172416],[28.634891,44.172432],[28.63514,44.172448],[28.63528,44.172457],[28.63539,44.172464],[28.63564,44.17248],[28.635655,44.172481],[28.63589,44.172496],[28.636029,44.172505],[28.63614,44.172513],[28.636389,44.172529],[28.636438,44.172532],[28.63662,44.172545],[28.636639,44.172546],[28.636749,44.172554],[28.636888,44.172564],[28.636943,44.172568],[28.637138,44.17258],[28.637359,44.172595],[28.637388,44.172597],[28.637592,44.17261],[28.637638,44.172613],[28.637887,44.172629],[28.638137,44.172645],[28.638387,44.172661],[28.638637,44.172677],[28.638814,44.172689],[28.638887,44.172693],[28.638991,44.1727],[28.639136,44.17271],[28.639385,44.172726],[28.639459,44.17273],[28.639635,44.172742],[28.639884,44.172758],[28.640001,44.172765],[28.640148,44.172722],[28.64021,44.172704],[28.640314,44.17266],[28.640376,44.172627],[28.640428,44.172599],[28.640481,44.172561],[28.640528,44.172598],[28.640699,44.17273],[28.640851,44.172848],[28.640869,44.172862],[28.641042,44.172992],[28.641214,44.173123],[28.641342,44.17322],[28.641387,44.173254],[28.641559,44.173384],[28.641731,44.173515],[28.641775,44.173548],[28.641826,44.173586],[28.641904,44.173646],[28.642076,44.173776],[28.642112,44.173804],[28.642117,44.173808],[28.642253,44.173893],[28.642262,44.173898],[28.642469,44.173999],[28.642634,44.174081],[28.642675,44.174101],[28.642882,44.174203],[28.643089,44.174304],[28.643296,44.174406],[28.643504,44.174508],[28.643711,44.174609],[28.643918,44.174711],[28.644125,44.174812],[28.644144,44.174822],[28.644276,44.174887],[28.644282,44.17489],[28.644332,44.174914],[28.644476,44.174985],[28.644539,44.175016],[28.644746,44.175117],[28.644808,44.175148],[28.644953,44.175219],[28.64516,44.17532],[28.645367,44.175422],[28.645574,44.175524],[28.645781,44.175625],[28.645794,44.175632],[28.645988,44.175727],[28.646195,44.175828],[28.646294,44.175877],[28.646402,44.17593],[28.646609,44.176032],[28.646816,44.176133],[28.647023,44.176235],[28.64723,44.176336],[28.647437,44.176438],[28.647644,44.17654],[28.64785,44.176641],[28.648046,44.176737],[28.648057,44.176742],[28.648164,44.176795],[28.648265,44.176708],[28.648267,44.176706],[28.648427,44.176571],[28.64859,44.176434],[28.648752,44.176296],[28.648915,44.176159],[28.64907,44.176028],[28.649077,44.176022],[28.649241,44.175886],[28.649364,44.175783],[28.649404,44.175749],[28.649567,44.175613],[28.649687,44.175513],[28.649731,44.175477],[28.649768,44.175447],[28.649867,44.175369],[28.649911,44.175344],[28.649928,44.175334],[28.649997,44.175305],[28.6501,44.175283],[28.650135,44.17528],[28.650232,44.175272],[28.650354,44.175282],[28.650368,44.175283],[28.650475,44.175299],[28.650575,44.175323],[28.650601,44.175332],[28.650664,44.175354],[28.650819,44.175421],[28.651033,44.175512],[28.651051,44.175519],[28.651189,44.175519],[28.651253,44.175525],[28.651292,44.175533],[28.651331,44.175541],[28.651411,44.175557],[28.651493,44.175557],[28.651534,44.175543],[28.651594,44.175523],[28.651676,44.175466],[28.651728,44.175408],[28.651787,44.175341],[28.651883,44.175271],[28.651924,44.17524],[28.65209,44.175178],[28.652153,44.175155]]},"properties":{"line":"48","dir":"0","headsign":"Cap linie Poarta 2","mode":"bus","color":"#0059a9"}},{"type":"Feature","geometry":{"type":"LineString","coordinates":[[28.652159,44.175152],[28.652176,44.175146],[28.65238,44.17507],[28.652428,44.175052],[28.652577,44.175032],[28.652768,44.17503],[28.652581,44.175097],[28.652552,44.175108],[28.652389,44.175167],[28.652354,44.175176],[28.652119,44.175239],[28.652076,44.175251],[28.651962,44.175301],[28.651908,44.175337],[28.651853,44.175375],[28.65178,44.175444],[28.65175,44.175471],[28.651629,44.175584],[28.651553,44.175632],[28.651584,44.17563],[28.651615,44.175636],[28.651615,44.175636],[28.651641,44.175648],[28.65166,44.175666],[28.65167,44.175688],[28.651669,44.175711],[28.651659,44.175731],[28.65164,44.175748],[28.651614,44.17576],[28.651585,44.175765],[28.651554,44.175763],[28.651526,44.175754],[28.651503,44.175739],[28.651461,44.175718],[28.651259,44.175617],[28.651122,44.175548],[28.651051,44.175519],[28.650835,44.175427],[28.650664,44.175354],[28.650613,44.175336],[28.650575,44.175323],[28.650475,44.175299],[28.650368,44.175283],[28.650357,44.175282],[28.650232,44.175272],[28.650104,44.175283],[28.6501,44.175283],[28.649997,44.175305],[28.649928,44.175334],[28.649874,44.175364],[28.649867,44.175369],[28.649768,44.175447],[28.649701,44.175501],[28.649687,44.175513],[28.649538,44.175638],[28.649374,44.175774],[28.649364,44.175783],[28.649213,44.175909],[28.64907,44.176028],[28.649054,44.176042],[28.648892,44.176179],[28.648729,44.176316],[28.648567,44.176453],[28.648404,44.17659],[28.648267,44.176706],[28.648243,44.176727],[28.648164,44.176795],[28.648082,44.176865],[28.64804,44.176901],[28.647921,44.177003],[28.64776,44.17714],[28.647599,44.177278],[28.647444,44.177411],[28.647437,44.177416],[28.647276,44.177554],[28.647115,44.177692],[28.646954,44.17783],[28.646793,44.177967],[28.646632,44.178105],[28.646471,44.178243],[28.646364,44.178334],[28.646311,44.17838],[28.646303,44.178387],[28.646245,44.178437],[28.646193,44.178481],[28.64615,44.178517],[28.645989,44.178655],[28.645828,44.178792],[28.645667,44.17893],[28.645564,44.179019],[28.645506,44.179068],[28.645473,44.179097],[28.645345,44.179206],[28.645184,44.179344],[28.645023,44.179482],[28.644926,44.179565],[28.644862,44.17962],[28.644701,44.179758],[28.64454,44.179896],[28.644487,44.179942],[28.644379,44.180034],[28.644218,44.180172],[28.644057,44.18031],[28.644037,44.180327],[28.643896,44.180447],[28.643735,44.180585],[28.643616,44.180688],[28.643573,44.180723],[28.643465,44.180814],[28.643412,44.18086],[28.643252,44.180998],[28.64317,44.181069],[28.643092,44.181136],[28.643075,44.181151],[28.642931,44.181274],[28.64277,44.181412],[28.642609,44.18155],[28.642564,44.181589],[28.642448,44.181688],[28.642423,44.181709],[28.64233,44.181784],[28.642285,44.181824],[28.642265,44.181841],[28.642244,44.18186],[28.642121,44.181966],[28.642109,44.181938],[28.642072,44.181854],[28.642057,44.18182],[28.642048,44.1818],[28.642047,44.181798],[28.641972,44.181629],[28.641896,44.181458],[28.64182,44.181286],[28.641744,44.181115],[28.641707,44.18103],[28.641669,44.180943],[28.641595,44.180771],[28.641521,44.1806],[28.641446,44.180428],[28.641372,44.180256],[28.641345,44.180192],[28.641316,44.180082],[28.641305,44.18004],[28.641288,44.17991],[28.641297,44.179731],[28.641298,44.179723],[28.641308,44.179552],[28.641319,44.179372],[28.641325,44.179272],[28.64133,44.179192],[28.641342,44.179013],[28.641345,44.178962],[28.641353,44.178833],[28.641365,44.178653],[28.641376,44.178474],[28.641387,44.178294],[28.641398,44.17813],[28.641399,44.178114],[28.641402,44.178067],[28.641403,44.178038],[28.641409,44.177935],[28.641411,44.177902],[28.641421,44.177755],[28.641434,44.177576],[28.641447,44.177397],[28.641452,44.177326],[28.641456,44.177266],[28.641435,44.177264],[28.641415,44.177259],[28.641253,44.177301],[28.641243,44.177303],[28.641325,44.177242],[28.641372,44.177206],[28.641375,44.177191],[28.641386,44.177174],[28.641403,44.17716],[28.641425,44.177151],[28.64145,44.177147],[28.641587,44.177018],[28.641648,44.176961],[28.641728,44.176889],[28.641737,44.176881],[28.641875,44.176766],[28.641875,44.176766],[28.641982,44.17668],[28.642066,44.176608],[28.642227,44.17647],[28.642387,44.176332],[28.642494,44.17624],[28.642548,44.176194],[28.642649,44.176107],[28.642708,44.176056],[28.642869,44.175918],[28.643029,44.17578],[28.64317,44.175659],[28.64319,44.175642],[28.643351,44.175504],[28.643511,44.175365],[28.643672,44.175227],[28.64369,44.175212],[28.643832,44.175089],[28.643993,44.174951],[28.644011,44.174936],[28.644144,44.174822],[28.64403,44.174766],[28.643823,44.174664],[28.643616,44.174563],[28.643409,44.174461],[28.643202,44.17436],[28.642995,44.174258],[28.642788,44.174156],[28.642634,44.174081],[28.642581,44.174055],[28.642374,44.173953],[28.642253,44.173893],[28.642179,44.173846],[28.642117,44.173808],[28.642112,44.173804],[28.642004,44.173721],[28.641831,44.173591],[28.641826,44.173586],[28.641775,44.173548],[28.641659,44.17346],[28.641486,44.173329],[28.641342,44.17322],[28.641314,44.173199],[28.641142,44.173068],[28.640969,44.172937],[28.640851,44.172848],[28.640772,44.172837],[28.640731,44.172832],[28.640524,44.172813],[28.640275,44.17279],[28.640027,44.172768],[28.640001,44.172765],[28.639777,44.172751],[28.639528,44.172735],[28.639459,44.17273],[28.639279,44.172719],[28.63903,44.172703],[28.638991,44.1727],[28.638814,44.172689],[28.63878,44.172687],[28.63853,44.17267],[28.63828,44.172654],[28.63803,44.172638],[28.637781,44.172622],[28.637592,44.17261],[28.637531,44.172606],[28.637359,44.172595],[28.637281,44.17259],[28.637031,44.172573],[28.636943,44.172568],[28.636782,44.172556],[28.636749,44.172554],[28.63662,44.172545],[28.636532,44.172539],[28.636438,44.172532],[28.636282,44.172522],[28.636033,44.172506],[28.636029,44.172505],[28.635783,44.172489],[28.635655,44.172481],[28.635533,44.172473],[28.635283,44.172457],[28.63528,44.172457],[28.635034,44.172441],[28.634784,44.172425],[28.6346,44.172413],[28.634534,44.172409],[28.634284,44.172392],[28.634034,44.172376],[28.633972,44.172371],[28.633784,44.17236],[28.633535,44.172344],[28.633285,44.172328],[28.633035,44.172312],[28.632785,44.172296],[28.632705,44.172291],[28.632555,44.172281],[28.632535,44.17228],[28.632286,44.172263],[28.632036,44.172247],[28.631786,44.172231],[28.631536,44.172215],[28.631494,44.172212],[28.631286,44.172199],[28.631036,44.172183],[28.630786,44.172167],[28.630537,44.172151],[28.630391,44.172141],[28.630287,44.172134],[28.630203,44.172128],[28.630037,44.172118],[28.629793,44.172103],[28.629787,44.172102],[28.629537,44.172086],[28.629287,44.17207],[28.629165,44.172062],[28.629038,44.172054],[28.628883,44.172044],[28.628788,44.172038],[28.628752,44.172035],[28.628538,44.172021],[28.628533,44.172021],[28.628288,44.172005],[28.628038,44.171989],[28.627909,44.171981],[28.627788,44.171973],[28.627715,44.171968],[28.627538,44.171957],[28.627463,44.171952],[28.627405,44.171948],[28.627289,44.171941],[28.62713,44.17193],[28.627038,44.171925],[28.626788,44.171911],[28.626538,44.171897],[28.626288,44.171884],[28.626038,44.17187],[28.626014,44.171868],[28.625788,44.171881],[28.625563,44.171893],[28.625547,44.171895],[28.625521,44.171898],[28.625492,44.1719],[28.625456,44.171897],[28.625408,44.17189],[28.625338,44.171872],[28.625285,44.171859],[28.625263,44.171854],[28.625247,44.17185],[28.625181,44.171855],[28.625147,44.171857],[28.625115,44.171861],[28.625053,44.171864],[28.625041,44.171865],[28.624991,44.171868],[28.624961,44.171867],[28.624935,44.171862],[28.6249,44.171847],[28.624781,44.171827],[28.624765,44.171824],[28.624539,44.171786],[28.624515,44.171783],[28.624309,44.171748],[28.62429,44.171747],[28.624088,44.171734],[28.624041,44.171731],[28.623791,44.171715],[28.623541,44.171699],[28.623291,44.171682],[28.623041,44.171666],[28.622792,44.17165],[28.622542,44.171634],[28.622292,44.171618],[28.622042,44.171602],[28.621792,44.171586],[28.621542,44.171569],[28.621334,44.171556],[28.621291,44.171554],[28.621084,44.171545],[28.621043,44.171541],[28.620794,44.171521],[28.620779,44.17152],[28.620543,44.171505],[28.620293,44.171489],[28.620043,44.171473],[28.619793,44.171456],[28.619543,44.17144],[28.619294,44.171424],[28.619044,44.171408],[28.618794,44.171392],[28.618544,44.171376],[28.618294,44.17136],[28.618044,44.171344],[28.617794,44.171327],[28.617565,44.171313],[28.617545,44.171311],[28.617381,44.171301],[28.617295,44.171295],[28.617045,44.17128],[28.617024,44.171278],[28.616795,44.171264],[28.616666,44.171256],[28.616544,44.171252],[28.616294,44.171243],[28.616044,44.171235],[28.615805,44.171226],[28.615794,44.171226],[28.615725,44.171224],[28.615711,44.171234],[28.615694,44.171241],[28.615675,44.171245],[28.615655,44.171245],[28.615636,44.171241],[28.615619,44.171234],[28.615605,44.171224],[28.615595,44.171211],[28.615542,44.171207],[28.615293,44.171185],[28.615044,44.171163],[28.614796,44.171141],[28.614551,44.17112],[28.614547,44.171119],[28.614404,44.171108],[28.614297,44.171101],[28.614047,44.171085],[28.613797,44.171068],[28.613547,44.171052],[28.613298,44.171036],[28.61314,44.171026],[28.613048,44.171019],[28.612798,44.171003],[28.612548,44.170987],[28.612298,44.170971],[28.612057,44.170955],[28.612045,44.170955],[28.611795,44.170955],[28.611545,44.170956],[28.611528,44.170956],[28.611294,44.170944],[28.611044,44.170931],[28.61088,44.170922],[28.610794,44.170917],[28.610544,44.170901],[28.610402,44.170893],[28.610294,44.170886],[28.610294,44.170886],[28.610261,44.170915],[28.610206,44.170939],[28.610143,44.170948],[28.610115,44.170944],[28.61008,44.17094],[28.610024,44.170916],[28.609986,44.170881],[28.609891,44.170875],[28.609692,44.170862],[28.609683,44.170861],[28.609497,44.170849],[28.609435,44.170845],[28.609293,44.170837],[28.609188,44.170833],[28.609149,44.170832],[28.609026,44.17082],[28.608929,44.170801],[28.608787,44.170774],[28.60869,44.170756],[28.608547,44.170729],[28.608443,44.170722],[28.608196,44.170707],[28.608088,44.1707],[28.607947,44.170691],[28.607697,44.170676],[28.607597,44.17067],[28.607447,44.17066],[28.607197,44.170644],[28.606947,44.170629],[28.606697,44.170613],[28.606558,44.170605],[28.606447,44.170598],[28.606197,44.170582],[28.605947,44.170566],[28.605882,44.170562],[28.605697,44.170551],[28.605447,44.170535],[28.605213,44.170521],[28.605197,44.17052],[28.604948,44.170504],[28.604921,44.170502],[28.604707,44.170489],[28.604698,44.170489],[28.604565,44.17048],[28.604443,44.17049],[28.604334,44.170499],[28.604224,44.17051],[28.604207,44.17052],[28.604187,44.170525],[28.604173,44.170528],[28.604161,44.170527],[28.604146,44.170524],[28.604127,44.170518],[28.604112,44.170508],[28.6041,44.170496],[28.603987,44.170478],[28.603746,44.170438],[28.603653,44.170423],[28.603586,44.170419],[28.60355,44.170417],[28.603493,44.170413],[28.603313,44.170401],[28.603243,44.170396],[28.602994,44.17038],[28.602744,44.170364],[28.602625,44.170357],[28.602566,44.170353],[28.602495,44.170348],[28.602245,44.170332],[28.602243,44.170332],[28.601995,44.170317],[28.601953,44.170314],[28.601773,44.170301],[28.601745,44.1703],[28.601655,44.170294],[28.601495,44.170285],[28.601361,44.170277],[28.601312,44.170272],[28.601245,44.170268],[28.601006,44.170254],[28.600995,44.170253],[28.600746,44.170236],[28.60074,44.170236],[28.600542,44.170222],[28.600496,44.170219],[28.600246,44.170203],[28.599996,44.170187],[28.599919,44.170182],[28.599746,44.170171],[28.599497,44.170155],[28.599393,44.170149],[28.599247,44.170139],[28.599183,44.170135],[28.598997,44.170123],[28.598747,44.170106],[28.598563,44.170094],[28.598497,44.17009],[28.59843,44.170086],[28.598373,44.170082],[28.598247,44.170074],[28.598148,44.170068],[28.597998,44.170058],[28.597937,44.170054],[28.597891,44.170051],[28.597748,44.170041],[28.597498,44.170025],[28.597491,44.170025],[28.597308,44.170013],[28.597248,44.170009],[28.597099,44.169999],[28.596999,44.169993],[28.596749,44.169976],[28.596499,44.16996],[28.596249,44.169944],[28.595999,44.169928],[28.595905,44.169921],[28.595826,44.169916],[28.595749,44.169911],[28.5955,44.169895],[28.595425,44.16989],[28.59525,44.169879],[28.595,44.169862],[28.594762,44.169847],[28.59475,44.169846],[28.594634,44.169839],[28.5945,44.16983],[28.594454,44.169827],[28.594286,44.169818],[28.594247,44.169822],[28.594038,44.169841],[28.593999,44.169845],[28.593963,44.169848],[28.593945,44.169862],[28.593913,44.169876],[28.593877,44.169883],[28.593839,44.169882],[28.593804,44.169873],[28.593774,44.169857],[28.593759,44.169844],[28.593747,44.169828],[28.593709,44.169812],[28.593557,44.169774],[28.593414,44.169738],[28.593292,44.169732],[28.593042,44.169719],[28.592929,44.169713],[28.592864,44.16971],[28.592799,44.169706],[28.592549,44.169691],[28.592448,44.169685],[28.592299,44.169677],[28.592049,44.169663],[28.591824,44.16965],[28.591799,44.169649],[28.591554,44.169635],[28.591549,44.169635],[28.591299,44.169619],[28.591049,44.169603],[28.591049,44.169603],[28.590983,44.169599],[28.590916,44.169594],[28.590799,44.169587],[28.590549,44.16957],[28.5903,44.169553],[28.590072,44.169538],[28.59005,44.169537],[28.589806,44.169521],[28.5898,44.169521],[28.58955,44.169504],[28.589445,44.169498],[28.5893,44.169488],[28.589051,44.169471],[28.588991,44.169468],[28.588801,44.169456],[28.588699,44.169449],[28.588551,44.16944],[28.58836,44.169427],[28.588301,44.169424],[28.588132,44.169414],[28.588051,44.169409],[28.587801,44.169393],[28.587762,44.169391],[28.587653,44.169384],[28.587551,44.169378],[28.587547,44.169378],[28.587301,44.169365],[28.587083,44.169353],[28.58705,44.16935],[28.587001,44.169346],[28.586801,44.16933],[28.586757,44.169327],[28.586552,44.169312],[28.586302,44.169294],[28.586068,44.169278],[28.586053,44.169277],[28.585803,44.16926],[28.585553,44.169243],[28.585303,44.169226],[28.585062,44.16921],[28.585053,44.169209],[28.584993,44.169205],[28.584803,44.169194],[28.584554,44.169178],[28.584304,44.169163],[28.584183,44.169155],[28.584054,44.169147],[28.583804,44.169131],[28.583554,44.169114],[28.583554,44.169114],[28.583304,44.169098],[28.583168,44.169089],[28.583054,44.169082],[28.582804,44.169065],[28.582555,44.169049],[28.58234,44.169035],[28.582305,44.169033],[28.58222,44.169027],[28.582055,44.169017],[28.58204,44.169016],[28.581814,44.169001],[28.581805,44.169001],[28.581555,44.168984],[28.581305,44.168968],[28.581056,44.168952],[28.580806,44.168936],[28.580767,44.168933],[28.58074,44.168931],[28.580556,44.168919],[28.580306,44.168903],[28.580056,44.168887],[28.579806,44.168871],[28.579723,44.168865],[28.579556,44.168854],[28.579307,44.168838],[28.579091,44.168824],[28.579057,44.168822],[28.578807,44.168806],[28.578557,44.16879],[28.578404,44.16878],[28.578307,44.168774],[28.578057,44.168757],[28.577807,44.168741],[28.577662,44.168731],[28.577558,44.168724],[28.577463,44.168718],[28.577334,44.168763],[28.577116,44.168838],[28.577068,44.168855],[28.576974,44.168878],[28.576881,44.168894],[28.576863,44.168897],[28.57673,44.168901],[28.576647,44.168894]]},"properties":{"line":"48","dir":"1","headsign":"Cap linie Palas - Debarcare","mode":"bus","color":"#0059a9"}},{"type":"Feature","geometry":{"type":"LineString","coordinates":[[28.659253,44.171089],[28.659159,44.171213],[28.659133,44.171246],[28.659103,44.171285],[28.658987,44.171389],[28.658958,44.171415],[28.658854,44.1715],[28.658831,44.171527],[28.658702,44.171677],[28.65857,44.17183],[28.658438,44.171983],[28.658319,44.172121],[28.658307,44.172136],[28.658184,44.172292],[28.658127,44.172366],[28.658045,44.172446],[28.657898,44.172591],[28.657779,44.172707],[28.657743,44.172736],[28.657609,44.172843],[28.657575,44.17287],[28.657405,44.173002],[28.657299,44.173085],[28.657231,44.173132],[28.657062,44.17325],[28.657051,44.173257],[28.656949,44.173328],[28.656869,44.173381],[28.656699,44.173492],[28.656681,44.173503],[28.656484,44.173614],[28.65642,44.173651],[28.656281,44.173722],[28.656103,44.173812],[28.656072,44.173825],[28.655858,44.173918],[28.65575,44.173964],[28.655636,44.174005],[28.655412,44.174085],[28.655187,44.174165],[28.654963,44.174246],[28.654739,44.174326],[28.654514,44.174406],[28.65429,44.174486],[28.654065,44.174567],[28.653841,44.174647],[28.653616,44.174727],[28.653392,44.174807],[28.653167,44.174888],[28.652943,44.174968],[28.652768,44.17503],[28.652718,44.175048],[28.652552,44.175108],[28.652494,44.175129],[28.652389,44.175167],[28.652282,44.175217],[28.652076,44.175316],[28.65205,44.175328],[28.651993,44.175361],[28.651914,44.17541],[28.651888,44.175434],[28.651855,44.175465],[28.651757,44.175571],[28.651718,44.175612],[28.651693,44.175653],[28.65167,44.175688],[28.651669,44.175711],[28.651659,44.175731],[28.65164,44.175748],[28.651614,44.17576],[28.651585,44.175765],[28.651554,44.175763],[28.651526,44.175754],[28.651503,44.175739],[28.651475,44.175725],[28.651269,44.175622],[28.651122,44.175548],[28.651056,44.175521],[28.651051,44.175519],[28.650841,44.17543],[28.650664,44.175354],[28.650618,44.175338],[28.650575,44.175323],[28.650475,44.175299],[28.650368,44.175283],[28.650363,44.175283],[28.650232,44.175272],[28.650112,44.175282],[28.6501,44.175283],[28.649997,44.175305],[28.649928,44.175334],[28.649874,44.175364],[28.649867,44.175369],[28.649768,44.175447],[28.649699,44.175503],[28.649687,44.175513],[28.649537,44.175638],[28.649374,44.175774],[28.649364,44.175783],[28.649213,44.175909],[28.64907,44.176028],[28.649054,44.176042],[28.648891,44.176179],[28.648729,44.176316],[28.648566,44.176453],[28.648404,44.17659],[28.648267,44.176706],[28.648242,44.176727],[28.648164,44.176795],[28.648081,44.176865],[28.64804,44.176901],[28.64792,44.177003],[28.647759,44.177141],[28.647598,44.177279],[28.647444,44.177411],[28.647437,44.177417],[28.647276,44.177554],[28.647115,44.177692],[28.646954,44.17783],[28.646792,44.177968],[28.646631,44.178106],[28.64647,44.178243],[28.646364,44.178334],[28.646309,44.178381],[28.646303,44.178387],[28.646245,44.178437],[28.646193,44.178481],[28.646148,44.178519],[28.645987,44.178657],[28.645826,44.178795],[28.645665,44.178932],[28.645564,44.179019],[28.645518,44.17899],[28.645474,44.178963],[28.645283,44.178847],[28.64511,44.178741],[28.645092,44.17873],[28.644901,44.178613],[28.64471,44.178497],[28.644681,44.178479],[28.644519,44.17838],[28.644328,44.178264],[28.644246,44.178214],[28.644137,44.178147],[28.643946,44.17803],[28.643779,44.177929],[28.643755,44.177914],[28.643564,44.177797],[28.643376,44.177682],[28.643373,44.17768],[28.643336,44.177657],[28.643278,44.177622],[28.643182,44.177564],[28.642992,44.177447],[28.642883,44.177381],[28.642801,44.177331],[28.64261,44.177214],[28.642465,44.177125],[28.642419,44.177097],[28.642228,44.176981],[28.642037,44.176864],[28.641949,44.176811],[28.641875,44.176766],[28.641847,44.176789],[28.641728,44.176889],[28.641686,44.176926],[28.641648,44.176961],[28.641533,44.177068],[28.64145,44.177147],[28.641477,44.177148],[28.641502,44.177156],[28.641522,44.177169],[28.641535,44.177186],[28.641539,44.1772],[28.641539,44.177214],[28.641534,44.177228],[28.641522,44.177244],[28.641503,44.177256],[28.641481,44.177264],[28.641456,44.177266],[28.641435,44.177264],[28.641415,44.177259],[28.641398,44.177249],[28.641384,44.177237],[28.641375,44.177222],[28.641372,44.177206],[28.641325,44.177242],[28.641243,44.177303],[28.641199,44.177339],[28.641096,44.177422],[28.641035,44.177474],[28.640968,44.177531],[28.640874,44.177612],[28.640808,44.177668],[28.640712,44.177749],[28.640551,44.177887],[28.640389,44.178024],[28.640228,44.178162],[28.640132,44.178244],[28.640066,44.1783],[28.639932,44.178414],[28.639909,44.178434],[28.639905,44.178437],[28.639746,44.178576],[28.639586,44.178715],[28.639484,44.178804],[28.639425,44.178853],[28.639261,44.178989],[28.639098,44.179126],[28.638934,44.179262],[28.63887,44.179316],[28.638773,44.1794],[28.638613,44.179538],[28.638452,44.179676],[28.638292,44.179814],[28.638292,44.179815],[28.638255,44.17984],[28.63824,44.17985],[28.638188,44.179875],[28.638103,44.179903],[28.638101,44.179903],[28.638003,44.179925],[28.637874,44.17995],[28.637862,44.179952],[28.637756,44.179969],[28.637617,44.179988],[28.637427,44.180015],[28.637374,44.18002],[28.637226,44.180036],[28.637128,44.180045],[28.637078,44.180049],[28.636988,44.180056],[28.636901,44.180063],[28.636786,44.180072],[28.636659,44.180081],[28.636607,44.180085],[28.636412,44.180094],[28.636169,44.180104],[28.636162,44.180104],[28.635982,44.180112],[28.635917,44.180111],[28.63584,44.18011],[28.635666,44.180108],[28.63565,44.180108],[28.635416,44.180105],[28.635247,44.180103],[28.635167,44.180101],[28.634917,44.180095],[28.634667,44.180089],[28.634417,44.180083],[28.634359,44.180081],[28.634219,44.180082],[28.634169,44.18008],[28.633919,44.180071],[28.633855,44.180068],[28.633731,44.180064],[28.633724,44.180069],[28.633717,44.180073],[28.63369,44.180084],[28.633666,44.18009],[28.63366,44.180091],[28.633629,44.180092],[28.633598,44.180088],[28.63357,44.180079],[28.633546,44.180065],[28.633527,44.180047],[28.633514,44.180026],[28.633509,44.180004],[28.63351,44.179988],[28.63332,44.179876],[28.633189,44.179798],[28.633108,44.17977],[28.633009,44.179738],[28.632886,44.179697],[28.632875,44.179693],[28.632647,44.179619],[28.632456,44.179558],[28.632418,44.179545],[28.63219,44.179471],[28.631961,44.179397],[28.631733,44.179322],[28.631504,44.179248],[28.631276,44.179174],[28.631047,44.1791],[28.630819,44.179026],[28.630591,44.178951],[28.630362,44.178877],[28.630311,44.17886],[28.630136,44.1788],[28.630124,44.178796],[28.62991,44.178723],[28.629837,44.178697],[28.629683,44.178646],[28.629613,44.178622],[28.629517,44.17859],[28.629456,44.178569],[28.62923,44.178492],[28.629202,44.178483],[28.62901,44.178408],[28.628949,44.178385],[28.628788,44.178324],[28.628676,44.178282],[28.628565,44.17824],[28.628343,44.178157],[28.628329,44.178151],[28.62812,44.178074],[28.627901,44.177994],[28.62789,44.177992],[28.627653,44.177938],[28.627414,44.177883],[28.627321,44.177862],[28.627175,44.177829],[28.626998,44.177789],[28.626935,44.177775],[28.626904,44.177767],[28.626718,44.177725],[28.626696,44.17772],[28.626457,44.177666],[28.6263,44.17763],[28.626218,44.177612],[28.625979,44.177558],[28.625852,44.177529],[28.62574,44.177503],[28.62558,44.177467],[28.6255,44.177449],[28.625261,44.177395],[28.625022,44.177341],[28.624782,44.177287],[28.624737,44.177277],[28.624543,44.177233],[28.624333,44.177185],[28.624304,44.177179],[28.624065,44.177123],[28.623846,44.177073],[28.623827,44.177068],[28.623752,44.177051],[28.623595,44.177015],[28.623588,44.177014],[28.623398,44.176971],[28.623348,44.17696],[28.623108,44.176907],[28.622869,44.176853],[28.622629,44.1768],[28.622389,44.176747],[28.62215,44.176694],[28.62191,44.176641],[28.62167,44.176588],[28.621596,44.176571],[28.621446,44.176561],[28.62142,44.176559],[28.62117,44.176542],[28.62092,44.176525],[28.620671,44.176507],[28.620658,44.176506],[28.620421,44.17649],[28.620171,44.176473],[28.620022,44.176463],[28.619939,44.176457],[28.619921,44.176456],[28.619671,44.17644],[28.619422,44.176424],[28.619172,44.176409],[28.619068,44.176402],[28.618922,44.176393],[28.618672,44.176377],[28.618422,44.176361],[28.618172,44.176345],[28.618154,44.176344],[28.617922,44.176329],[28.617894,44.176328],[28.617672,44.176314],[28.617422,44.176298],[28.617172,44.176282],[28.616923,44.176266],[28.616826,44.17626],[28.616702,44.176252],[28.616673,44.17625],[28.616423,44.176234],[28.616197,44.17622],[28.616172,44.176219],[28.615922,44.176212],[28.615779,44.176208],[28.615675,44.176227],[28.61563,44.176235],[28.615536,44.176259],[28.615445,44.17629],[28.615422,44.176298],[28.615233,44.176384],[28.615209,44.176395],[28.61503,44.176488],[28.614827,44.176593],[28.614731,44.176643],[28.614655,44.176685],[28.614626,44.176701],[28.614428,44.17681],[28.614316,44.176872],[28.614315,44.176897],[28.614307,44.176921],[28.614291,44.176943],[28.614281,44.176951],[28.614264,44.176965],[28.614229,44.17698],[28.61419,44.176989],[28.614155,44.17699],[28.614121,44.176986],[28.614068,44.17701],[28.613864,44.177104],[28.613776,44.177144],[28.6137,44.177169],[28.613645,44.177186],[28.613633,44.177189],[28.613564,44.177203],[28.61342,44.177276],[28.613215,44.177379],[28.613214,44.17738],[28.613008,44.177479],[28.6128,44.17758],[28.612592,44.17768],[28.612417,44.177764],[28.612387,44.177772],[28.612155,44.177836],[28.612097,44.177852],[28.611903,44.177865],[28.611736,44.177876],[28.611652,44.177872],[28.611402,44.17786],[28.611353,44.177858],[28.611156,44.177822],[28.611065,44.177806],[28.610917,44.177766],[28.61081,44.177736],[28.610689,44.177689],[28.610571,44.177642],[28.610485,44.177582],[28.610373,44.177503],[28.610313,44.177455],[28.610298,44.177443],[28.610183,44.177351],[28.610152,44.177321],[28.610142,44.177312],[28.610001,44.177178],[28.60985,44.177035],[28.609829,44.177015],[28.609715,44.176885],[28.609581,44.176733],[28.609447,44.176581],[28.609313,44.176429],[28.60918,44.176278],[28.609092,44.176178],[28.609044,44.176126],[28.609001,44.17608],[28.6089,44.175977],[28.608755,44.17583],[28.608649,44.175723],[28.608591,44.175684],[28.608571,44.17567],[28.608376,44.175571],[28.60837,44.175568],[28.608156,44.175475],[28.608091,44.175447],[28.60793,44.175387],[28.607896,44.175374],[28.607767,44.175336],[28.607692,44.175326],[28.607656,44.175325],[28.607576,44.175323],[28.607399,44.175329],[28.607398,44.175329],[28.607331,44.175323],[28.607277,44.175303],[28.607271,44.175283],[28.607218,44.175108],[28.607193,44.175029],[28.607164,44.174933],[28.607111,44.174757],[28.607057,44.174582],[28.607044,44.174537],[28.607028,44.174485],[28.607003,44.174406],[28.60695,44.17423],[28.606896,44.174054],[28.606843,44.173879],[28.606789,44.173703],[28.606736,44.173527],[28.606682,44.173352],[28.60668,44.173344],[28.606576,44.173162],[28.606494,44.173192],[28.60627,44.173273],[28.606191,44.173302],[28.606129,44.173327],[28.606049,44.173363],[28.605842,44.173468],[28.605637,44.173571],[28.605432,44.173675],[28.605286,44.173748],[28.605227,44.173778],[28.605022,44.173882],[28.604818,44.173986],[28.604613,44.17409],[28.604409,44.174194],[28.604204,44.174299],[28.604,44.174403],[28.603945,44.174431],[28.603868,44.174472],[28.603799,44.174509],[28.603775,44.174522],[28.603593,44.174613],[28.603563,44.174628],[28.603387,44.174716],[28.603248,44.174785],[28.603182,44.174819],[28.602976,44.174922],[28.602771,44.175025],[28.602727,44.175047],[28.602665,44.175077],[28.602565,44.175128],[28.602359,44.175231],[28.602205,44.175308],[28.602154,44.175334],[28.601948,44.175437],[28.601921,44.17545],[28.601741,44.175538],[28.601533,44.175639],[28.601326,44.17574],[28.601119,44.175841],[28.601118,44.175842],[28.601025,44.17589],[28.600914,44.175946],[28.600742,44.176035],[28.600711,44.176051],[28.600556,44.176131],[28.600507,44.176156],[28.600303,44.176261],[28.600174,44.176327],[28.600101,44.176367],[28.599902,44.176476],[28.599703,44.176586],[28.5996,44.176642],[28.599504,44.176695],[28.599305,44.176805],[28.599106,44.176914],[28.598907,44.177024],[28.598785,44.177091],[28.598708,44.177133],[28.598585,44.177201],[28.598509,44.177243],[28.598337,44.177337],[28.598307,44.177352],[28.598102,44.177455],[28.597897,44.177558],[28.597692,44.177662],[28.597671,44.177672],[28.597493,44.177771],[28.597294,44.177881],[28.597099,44.177989]]},"properties":{"line":"51","dir":"0","headsign":"R.A.J.A.","mode":"bus","color":"#0059a9"}},{"type":"Feature","geometry":{"type":"LineString","coordinates":[[28.597099,44.177989],[28.597059,44.178011],[28.59706,44.178011],[28.597258,44.177901],[28.597456,44.177791],[28.597655,44.177681],[28.597671,44.177672],[28.597858,44.177578],[28.598064,44.177475],[28.598269,44.177372],[28.598337,44.177337],[28.598472,44.177263],[28.598585,44.177201],[28.598671,44.177153],[28.598785,44.177091],[28.59887,44.177044],[28.599069,44.176934],[28.599268,44.176825],[28.599467,44.176715],[28.5996,44.176642],[28.599666,44.176606],[28.599865,44.176497],[28.600064,44.176387],[28.600174,44.176327],[28.600264,44.17628],[28.600468,44.176175],[28.600556,44.176131],[28.600672,44.176071],[28.600742,44.176035],[28.600876,44.175966],[28.601025,44.17589],[28.60108,44.175861],[28.601119,44.175841],[28.601286,44.17576],[28.601494,44.175659],[28.601701,44.175557],[28.601908,44.175456],[28.601921,44.17545],[28.602115,44.175353],[28.602205,44.175308],[28.60232,44.17525],[28.602526,44.175147],[28.602665,44.175077],[28.602727,44.175047],[28.602731,44.175044],[28.602937,44.174941],[28.603143,44.174838],[28.603248,44.174785],[28.603348,44.174735],[28.603554,44.174632],[28.603563,44.174628],[28.60376,44.174529],[28.603775,44.174522],[28.603868,44.174472],[28.603945,44.174431],[28.603962,44.174422],[28.604166,44.174318],[28.604371,44.174214],[28.604575,44.17411],[28.60478,44.174006],[28.604985,44.173902],[28.605189,44.173797],[28.605286,44.173748],[28.605394,44.173694],[28.605599,44.17359],[28.605804,44.173487],[28.606009,44.173383],[28.606049,44.173363],[28.606129,44.173327],[28.606191,44.173302],[28.606216,44.173293],[28.606439,44.173211],[28.606576,44.173162],[28.606576,44.173162],[28.606655,44.1733],[28.60668,44.173344],[28.606719,44.173472],[28.606772,44.173648],[28.606826,44.173823],[28.606879,44.173999],[28.606933,44.174175],[28.606987,44.174351],[28.607028,44.174485],[28.60704,44.174526],[28.607044,44.174537],[28.607094,44.174702],[28.607147,44.174878],[28.607193,44.175029],[28.607201,44.175053],[28.607254,44.175229],[28.607277,44.175303],[28.607331,44.175323],[28.607398,44.175329],[28.607452,44.175327],[28.607576,44.175323],[28.607692,44.175326],[28.607694,44.175327],[28.607767,44.175336],[28.607896,44.175374],[28.607919,44.175383],[28.608091,44.175447],[28.608139,44.175468],[28.608354,44.175561],[28.608376,44.175571],[28.608558,44.175663],[28.608571,44.17567],[28.608649,44.175723],[28.608715,44.175791],[28.60886,44.175937],[28.609001,44.17608],[28.609004,44.176083],[28.609092,44.176178],[28.609141,44.176233],[28.609275,44.176386],[28.609409,44.176538],[28.609542,44.17669],[28.609676,44.176842],[28.60981,44.176994],[28.609829,44.177015],[28.609962,44.177141],[28.610113,44.177284],[28.610142,44.177312],[28.610183,44.177351],[28.610274,44.177424],[28.610298,44.177443],[28.610373,44.177503],[28.610446,44.177555],[28.610571,44.177642],[28.610654,44.177675],[28.61081,44.177736],[28.610886,44.177757],[28.611065,44.177806],[28.611129,44.177818],[28.611353,44.177858],[28.611385,44.177859],[28.611635,44.177871],[28.611736,44.177876],[28.611895,44.177865],[28.612097,44.177852],[28.612161,44.177834],[28.612392,44.177771],[28.612417,44.177764],[28.612617,44.177668],[28.612825,44.177568],[28.613032,44.177468],[28.613214,44.17738],[28.613214,44.17738],[28.613446,44.177262],[28.613564,44.177203],[28.613592,44.177174],[28.613647,44.177128],[28.613716,44.177083],[28.613827,44.177021],[28.61402,44.176914],[28.614014,44.176888],[28.614015,44.176866],[28.614022,44.176846],[28.614022,44.176846],[28.614035,44.176826],[28.61406,44.176804],[28.614092,44.176787],[28.614129,44.176776],[28.614173,44.176773],[28.614217,44.17678],[28.614256,44.176795],[28.614363,44.176732],[28.614557,44.176619],[28.614576,44.176607],[28.614752,44.176515],[28.614961,44.176417],[28.615152,44.176328],[28.615159,44.176326],[28.615355,44.176264],[28.615381,44.176259],[28.615535,44.17623],[28.61562,44.176222],[28.615779,44.176208],[28.615865,44.17621],[28.616115,44.176218],[28.616197,44.17622],[28.616364,44.176231],[28.616614,44.176247],[28.616702,44.176252],[28.616826,44.17626],[28.616863,44.176262],[28.617113,44.176278],[28.617363,44.176294],[28.617613,44.17631],[28.617863,44.176326],[28.617894,44.176328],[28.618113,44.176342],[28.618154,44.176344],[28.618363,44.176357],[28.618613,44.176373],[28.618863,44.176389],[28.619068,44.176402],[28.619113,44.176405],[28.619363,44.176421],[28.619612,44.176436],[28.619862,44.176452],[28.619939,44.176457],[28.620022,44.176463],[28.620112,44.176469],[28.620362,44.176486],[28.620611,44.176503],[28.620658,44.176506],[28.620861,44.17652],[28.621111,44.176538],[28.621361,44.176555],[28.621446,44.176561],[28.621596,44.176571],[28.621605,44.176573],[28.621845,44.176627],[28.622084,44.17668],[28.622324,44.176733],[28.622564,44.176786],[28.622804,44.176839],[28.623043,44.176892],[28.623283,44.176945],[28.623398,44.176971],[28.623522,44.176999],[28.623595,44.177015],[28.623752,44.177051],[28.623761,44.177053],[28.623846,44.177073],[28.624,44.177108],[28.624239,44.177164],[28.624333,44.177185],[28.624478,44.177218],[28.624717,44.177272],[28.624737,44.177277],[28.624957,44.177326],[28.625196,44.177381],[28.625435,44.177435],[28.62558,44.177467],[28.625674,44.177489],[28.625852,44.177529],[28.625914,44.177543],[28.626153,44.177597],[28.6263,44.17763],[28.626392,44.177651],[28.626631,44.177705],[28.626718,44.177725],[28.62687,44.17776],[28.626904,44.177767],[28.626998,44.177789],[28.627109,44.177814],[28.627321,44.177862],[28.627349,44.177868],[28.627587,44.177923],[28.627824,44.177977],[28.627901,44.177994],[28.628051,44.178049],[28.628274,44.178131],[28.628329,44.178151],[28.628496,44.178214],[28.628676,44.178282],[28.628718,44.178298],[28.62894,44.178381],[28.628949,44.178385],[28.629161,44.178467],[28.629202,44.178483],[28.629387,44.178546],[28.629517,44.17859],[28.629613,44.178622],[28.629614,44.178623],[28.629837,44.178697],[28.629841,44.178699],[28.630067,44.178777],[28.630124,44.178796],[28.630293,44.178854],[28.630311,44.17886],[28.630522,44.178929],[28.63075,44.179003],[28.630979,44.179078],[28.631207,44.179152],[28.631436,44.179226],[28.631664,44.1793],[28.631893,44.179375],[28.632121,44.179449],[28.63235,44.179523],[28.632456,44.179558],[28.632578,44.179597],[28.632807,44.179671],[28.632886,44.179697],[28.633009,44.179738],[28.633029,44.179744],[28.633108,44.17977],[28.633189,44.179798],[28.633264,44.179817],[28.633501,44.179876],[28.633506,44.179877],[28.633631,44.179908],[28.63367,44.179911],[28.633707,44.179922],[28.633727,44.179936],[28.633737,44.179941],[28.633963,44.180007],[28.634192,44.180074],[28.634219,44.180082],[28.634359,44.180081],[28.63447,44.180084],[28.63472,44.18009],[28.63497,44.180096],[28.635221,44.180103],[28.635247,44.180103],[28.635472,44.180106],[28.63565,44.180108],[28.635723,44.180109],[28.63584,44.18011],[28.635973,44.180112],[28.635982,44.180112],[28.636169,44.180104],[28.63623,44.180101],[28.636481,44.180091],[28.636607,44.180085],[28.636733,44.180076],[28.636786,44.180072],[28.636982,44.180057],[28.636988,44.180056],[28.637078,44.180049],[28.637226,44.180036],[28.637231,44.180035],[28.637427,44.180015],[28.637481,44.180007],[28.637724,44.179973],[28.637756,44.179969],[28.637874,44.17995],[28.63797,44.179932],[28.638003,44.179925],[28.638103,44.179903],[28.638188,44.179875],[28.638233,44.179854],[28.63824,44.17985],[28.638255,44.17984],[28.638292,44.179815],[28.638305,44.179803],[28.63887,44.179316],[28.639484,44.178804],[28.639909,44.178434],[28.639932,44.178414],[28.640132,44.178244],[28.640808,44.177668],[28.640968,44.177531],[28.641096,44.177422],[28.641243,44.177303],[28.641325,44.177242],[28.641372,44.177206],[28.641375,44.177191],[28.641386,44.177174],[28.641403,44.17716],[28.641425,44.177151],[28.64145,44.177147],[28.64145,44.177147],[28.641477,44.177148],[28.641502,44.177156],[28.641522,44.177169],[28.641535,44.177186],[28.641539,44.1772],[28.641539,44.177214],[28.641534,44.177228],[28.641559,44.177336],[28.641567,44.177369],[28.641564,44.177478],[28.641564,44.177511],[28.641559,44.177691],[28.641558,44.177734],[28.641556,44.17787],[28.641556,44.1779],[28.641553,44.17805],[28.641553,44.178059],[28.641549,44.178129],[28.641548,44.178162],[28.641545,44.178229],[28.641537,44.178409],[28.641529,44.178589],[28.641521,44.178769],[28.64152,44.178783],[28.641511,44.178948],[28.641501,44.179128],[28.641491,44.179308],[28.641487,44.179378],[28.641481,44.179487],[28.641474,44.179626],[28.641473,44.179667],[28.641468,44.179847],[28.641467,44.179891],[28.641474,44.180023],[28.641475,44.180027],[28.641517,44.180178],[28.641526,44.180199],[28.641604,44.180369],[28.641683,44.18054],[28.641761,44.18071],[28.641815,44.180827],[28.641837,44.180878],[28.641838,44.180882],[28.641913,44.181053],[28.641981,44.181208],[28.641988,44.181226],[28.642012,44.181286],[28.642057,44.181399],[28.642126,44.181571],[28.642196,44.181744],[28.642203,44.181763],[28.642244,44.18186],[28.642265,44.181841],[28.64233,44.181784],[28.642333,44.181782],[28.642423,44.181709],[28.642498,44.181645],[28.642564,44.181589],[28.642659,44.181507],[28.64282,44.181369],[28.642981,44.181231],[28.643075,44.181151],[28.643142,44.181093],[28.64317,44.181069],[28.643302,44.180955],[28.643462,44.180816],[28.643465,44.180814],[28.643616,44.180688],[28.643625,44.18068],[28.643786,44.180542],[28.643947,44.180404],[28.644037,44.180327],[28.644108,44.180266],[28.644269,44.180128],[28.64443,44.17999],[28.644487,44.179942],[28.644591,44.179852],[28.644752,44.179714],[28.644913,44.179576],[28.644926,44.179565],[28.645074,44.179438],[28.645235,44.1793],[28.645396,44.179162],[28.645473,44.179097],[28.645557,44.179024],[28.645564,44.179019],[28.645718,44.178887],[28.64588,44.178749],[28.64604,44.178612],[28.646193,44.178481],[28.646193,44.178481],[28.646245,44.178437],[28.646303,44.178387],[28.646361,44.178337],[28.646364,44.178334],[28.646522,44.178199],[28.646683,44.178061],[28.646844,44.177923],[28.647006,44.177786],[28.647167,44.177648],[28.647328,44.17751],[28.647444,44.177411],[28.647489,44.177372],[28.64765,44.177234],[28.647811,44.177096],[28.647972,44.176958],[28.64804,44.176901],[28.648134,44.176821],[28.648164,44.176795],[28.648267,44.176706],[28.648294,44.176683],[28.648456,44.176546],[28.648619,44.176409],[28.648781,44.176272],[28.648944,44.176135],[28.64907,44.176028],[28.649106,44.175998],[28.649269,44.175862],[28.649364,44.175783],[28.649432,44.175726],[28.649595,44.17559],[28.649687,44.175513],[28.649758,44.175454],[28.649768,44.175447],[28.649867,44.175369],[28.649928,44.175334],[28.649935,44.175331],[28.649997,44.175305],[28.6501,44.175283],[28.650159,44.175278],[28.650232,44.175272],[28.650368,44.175283],[28.650397,44.175287],[28.650475,44.175299],[28.650575,44.175323],[28.650631,44.175343],[28.650664,44.175354],[28.650848,44.175433],[28.651051,44.175519],[28.651066,44.175519],[28.651189,44.175519],[28.651253,44.175525],[28.651318,44.175538],[28.651331,44.175541],[28.651411,44.175557],[28.651493,44.175557],[28.651536,44.175542],[28.651594,44.175523],[28.651676,44.175466],[28.651733,44.175402],[28.651787,44.175341],[28.651885,44.175269],[28.651924,44.17524],[28.652094,44.175177],[28.652176,44.175146],[28.652304,44.175098],[28.652428,44.175052],[28.652543,44.175037],[28.652577,44.175032],[28.652768,44.17503],[28.652805,44.175017],[28.65303,44.174937],[28.653254,44.174856],[28.653479,44.174776],[28.653703,44.174696],[28.653928,44.174616],[28.654152,44.174535],[28.654377,44.174455],[28.654601,44.174375],[28.654825,44.174295],[28.65505,44.174214],[28.655274,44.174134],[28.655499,44.174054],[28.655723,44.173974],[28.65575,44.173964],[28.655945,44.17388],[28.656103,44.173812],[28.656162,44.173782],[28.656367,44.173678],[28.65642,44.173651],[28.65657,44.173566],[28.656699,44.173492],[28.656768,44.173447],[28.656949,44.173328],[28.656955,44.173324],[28.657062,44.17325],[28.657135,44.173199],[28.657299,44.173085],[28.657318,44.173069],[28.657488,44.172937],[28.657609,44.172843],[28.657652,44.172771],[28.657707,44.17268],[28.65776,44.172621],[28.657874,44.172495],[28.657896,44.172471],[28.658034,44.172321],[28.658119,44.172229],[28.658172,44.17217],[28.658308,44.172019],[28.658444,44.171867],[28.65858,44.171716],[28.658663,44.171624],[28.658716,44.171565],[28.658797,44.171475],[28.658851,44.171414],[28.658858,44.171407],[28.65898,44.171258],[28.659043,44.17118],[28.659106,44.171103],[28.659231,44.17095],[28.659358,44.170795],[28.659393,44.170752],[28.659462,44.170653],[28.659475,44.170627],[28.659488,44.170602],[28.659508,44.170552],[28.659537,44.170446],[28.659541,44.17043],[28.659578,44.170339],[28.659599,44.170302],[28.659623,44.170281],[28.659687,44.170247],[28.659744,44.170247],[28.659791,44.170257],[28.65981,44.170265],[28.659831,44.170274],[28.659854,44.170291],[28.659879,44.170325],[28.659896,44.170369],[28.659853,44.170409],[28.65979,44.170455],[28.659676,44.170532],[28.659644,44.170562],[28.65961,44.170598],[28.659591,44.170619],[28.659563,44.170653],[28.659489,44.170754],[28.659486,44.170758],[28.659395,44.170904],[28.659386,44.170917],[28.659265,44.171073]]},"properties":{"line":"51","dir":"1","headsign":"Cap Linie Poarta 1","mode":"bus","color":"#0059a9"}},{"type":"Feature","geometry":{"type":"LineString","coordinates":[[28.605991,44.211525],[28.605811,44.211401],[28.605768,44.211372],[28.605768,44.211372],[28.605798,44.211392],[28.605979,44.211517],[28.606161,44.211641],[28.606342,44.211766],[28.606523,44.21189],[28.606704,44.212014],[28.606885,44.212139],[28.607067,44.212263],[28.607248,44.212387],[28.607429,44.212512],[28.607478,44.212546],[28.60761,44.212636],[28.607719,44.212711],[28.607771,44.212772],[28.607781,44.212783],[28.607816,44.212814],[28.607889,44.212879],[28.607925,44.212912],[28.607942,44.212927],[28.60799,44.212954],[28.608023,44.212987],[28.608042,44.213024],[28.608047,44.213064],[28.608041,44.213093],[28.608148,44.213193],[28.608195,44.213223],[28.608249,44.213238],[28.608313,44.213239],[28.608372,44.213226],[28.608411,44.213212],[28.608419,44.21321],[28.608575,44.213155],[28.608636,44.213111],[28.608812,44.212983],[28.608988,44.212855],[28.609164,44.212727],[28.60934,44.212599],[28.609517,44.212471],[28.609693,44.212343],[28.609869,44.212215],[28.610045,44.212087],[28.610221,44.211959],[28.610397,44.211831],[28.610574,44.211703],[28.61075,44.211575],[28.610761,44.211566],[28.610927,44.211448],[28.611105,44.211321],[28.611239,44.211226],[28.611283,44.211196],[28.611413,44.211107],[28.611465,44.21107],[28.611642,44.210943],[28.611819,44.210816],[28.611996,44.210688],[28.612174,44.210561],[28.612351,44.210434],[28.612528,44.210306],[28.612705,44.210179],[28.612746,44.21015],[28.612881,44.210051],[28.613057,44.209923],[28.613233,44.209794],[28.61329,44.209753],[28.613409,44.209666],[28.613453,44.209634],[28.613586,44.209539],[28.613764,44.209413],[28.613795,44.209391],[28.613938,44.209282],[28.613948,44.209275],[28.614096,44.209156],[28.614098,44.209154],[28.614255,44.209017],[28.614285,44.208991],[28.61441,44.208876],[28.614489,44.208804],[28.614568,44.208736],[28.614672,44.208647],[28.614729,44.208599],[28.614892,44.208462],[28.615043,44.208337],[28.615055,44.208326],[28.615213,44.208186],[28.615372,44.208047],[28.615414,44.208009],[28.615492,44.208065],[28.615569,44.207997],[28.615795,44.20816],[28.615971,44.208288],[28.615983,44.208297],[28.616145,44.208418],[28.616318,44.208548],[28.616492,44.208678],[28.616572,44.208738],[28.616668,44.208805],[28.616848,44.20893],[28.616947,44.208999],[28.617028,44.209056],[28.617206,44.209182],[28.617285,44.209238],[28.617385,44.209308],[28.617565,44.209434],[28.617621,44.209473],[28.617744,44.209559],[28.617896,44.209666],[28.617924,44.209685],[28.618104,44.209809],[28.618285,44.209934],[28.618466,44.210058],[28.618647,44.210183],[28.618828,44.210308],[28.619009,44.210432],[28.61919,44.210557],[28.619218,44.210577],[28.619369,44.210683],[28.619549,44.210808],[28.619728,44.210934],[28.61985,44.211019],[28.619908,44.21106],[28.619942,44.211084],[28.620086,44.211186],[28.620264,44.211313],[28.620352,44.211375],[28.620444,44.211438],[28.620625,44.211563],[28.620806,44.211688],[28.620986,44.211812],[28.621167,44.211937],[28.621348,44.212062],[28.621529,44.212186],[28.62171,44.212311],[28.621891,44.212435],[28.622072,44.21256],[28.622253,44.212685],[28.622333,44.21274],[28.622433,44.212809],[28.622613,44.212934],[28.622786,44.213054],[28.622967,44.213179],[28.623147,44.213304],[28.623327,44.213429],[28.623341,44.213438],[28.623509,44.213546],[28.623522,44.213552],[28.62368,44.213622],[28.623717,44.213623],[28.623736,44.213628],[28.623755,44.213634],[28.623784,44.213655],[28.6238,44.213683],[28.623801,44.213704],[28.623871,44.213754],[28.624048,44.213881],[28.624098,44.213917],[28.624131,44.21394],[28.624226,44.214008],[28.624318,44.214073],[28.624405,44.214134],[28.624571,44.214251],[28.624749,44.214378],[28.624928,44.214504],[28.625106,44.214631],[28.625166,44.214673],[28.625284,44.214757],[28.625463,44.214883],[28.625641,44.21501],[28.625819,44.215136],[28.625997,44.215262],[28.626176,44.215388],[28.626251,44.215441],[28.626352,44.215518],[28.626499,44.215628],[28.626524,44.215646],[28.626674,44.215753],[28.626714,44.215761],[28.626889,44.215798],[28.626954,44.215811],[28.626971,44.215814],[28.627202,44.215833],[28.627203,44.215833],[28.627395,44.215806],[28.627448,44.215799],[28.627463,44.215841],[28.627465,44.215846],[28.627469,44.215856],[28.627701,44.215864],[28.627783,44.215866],[28.627951,44.215875],[28.62816,44.215886],[28.628199,44.215874],[28.628225,44.215866],[28.628266,44.215839],[28.628307,44.215781],[28.62831,44.215721],[28.628319,44.215542],[28.628321,44.215511],[28.628328,44.215363],[28.62833,44.215334],[28.628335,44.215184],[28.628341,44.215004],[28.628347,44.214825],[28.628353,44.214645],[28.628359,44.214465],[28.628361,44.2144],[28.628365,44.214285],[28.628371,44.214106],[28.628373,44.214053],[28.628379,44.213926],[28.628389,44.213746],[28.628398,44.213566],[28.628408,44.213386],[28.628418,44.213207],[28.628427,44.213027],[28.628437,44.212847],[28.628441,44.212762],[28.628455,44.212666],[28.628456,44.212656],[28.628472,44.212488],[28.628488,44.212308],[28.628505,44.212129],[28.628515,44.212018],[28.628521,44.211949],[28.628522,44.211933],[28.62854,44.21177],[28.62856,44.211591],[28.628581,44.211412],[28.628601,44.211232],[28.628621,44.211053],[28.628641,44.210874],[28.628661,44.210695],[28.628681,44.210515],[28.628696,44.21038],[28.628703,44.210335],[28.628711,44.210283],[28.628729,44.210157],[28.628754,44.209978],[28.628779,44.209799],[28.628804,44.20962],[28.628829,44.209441],[28.628854,44.209262],[28.628862,44.209206],[28.628882,44.209084],[28.628904,44.20895],[28.628911,44.208906],[28.62894,44.208727],[28.62897,44.208548],[28.628999,44.20837],[28.629021,44.208239],[28.629029,44.208191],[28.629059,44.208014],[28.629059,44.208012],[28.629092,44.207834],[28.629125,44.207656],[28.629158,44.207477],[28.629191,44.207299],[28.629224,44.207121],[28.629257,44.206943],[28.62929,44.206764],[28.629323,44.206586],[28.629338,44.206503],[28.629354,44.20643],[28.629359,44.206407],[28.629397,44.20623],[28.629435,44.206052],[28.629474,44.205874],[28.629496,44.205771],[28.629513,44.205696],[28.629538,44.205594],[28.629556,44.205519],[28.629599,44.205342],[28.629642,44.205164],[28.629685,44.204987],[28.629728,44.20481],[28.629732,44.204792],[28.629774,44.204633],[28.629821,44.204457],[28.629867,44.204281],[28.629914,44.204105],[28.62996,44.203929],[28.629975,44.203872],[28.630005,44.203751],[28.630048,44.203574],[28.630062,44.20352],[28.630092,44.203397],[28.630127,44.203257],[28.630136,44.20322],[28.630179,44.203043],[28.63018,44.20304],[28.630223,44.202866],[28.63024,44.202794],[28.630268,44.202689],[28.630291,44.202603],[28.630314,44.202513],[28.63032,44.202489],[28.630345,44.2024],[28.630361,44.202336],[28.630373,44.20229],[28.630393,44.202211],[28.630405,44.202159],[28.630421,44.202093],[28.63045,44.201982],[28.630459,44.201947],[28.630466,44.201921],[28.630497,44.201805],[28.630545,44.201629],[28.630593,44.201452],[28.630641,44.201276],[28.630689,44.201099],[28.630709,44.201029],[28.630733,44.200922],[28.630773,44.200744],[28.630812,44.200567],[28.630836,44.200461],[28.630854,44.20039],[28.630869,44.200334],[28.630899,44.200213],[28.630917,44.200144],[28.630944,44.200036],[28.630989,44.199859],[28.631034,44.199682],[28.631079,44.199505],[28.631098,44.199431],[28.631124,44.199328],[28.631169,44.199151],[28.631195,44.199048],[28.6312,44.199029],[28.631293,44.198657],[28.631373,44.198334],[28.631523,44.197727],[28.631527,44.197709],[28.631659,44.197179],[28.631859,44.196528],[28.631922,44.196342],[28.631984,44.196115],[28.632019,44.195992],[28.632036,44.195932],[28.632437,44.194464],[28.632924,44.192698],[28.632988,44.192461],[28.632993,44.192443],[28.633042,44.192267],[28.63309,44.19209],[28.633139,44.191914],[28.633188,44.191738],[28.633237,44.191561],[28.633286,44.191385],[28.633335,44.191208],[28.633384,44.191032],[28.633386,44.191026],[28.633434,44.190856],[28.633485,44.19068],[28.633514,44.19058],[28.633535,44.190503],[28.633584,44.190327],[28.633633,44.190151],[28.633681,44.189974],[28.633705,44.189888],[28.633729,44.189797],[28.633777,44.189621],[28.633794,44.189555],[28.633824,44.189444],[28.633845,44.189368],[28.633871,44.189268],[28.633917,44.189091],[28.633961,44.188921],[28.633963,44.188914],[28.633978,44.188863],[28.634019,44.188739],[28.634076,44.188564],[28.63408,44.18855],[28.634134,44.188389],[28.634176,44.188266],[28.634194,44.188214],[28.634253,44.188039],[28.634313,44.187865],[28.634372,44.18769],[28.634432,44.187515],[28.634442,44.187487],[28.634489,44.18734],[28.634544,44.187165],[28.6346,44.186989],[28.634656,44.186814],[28.634712,44.186639],[28.634768,44.186463],[28.634824,44.186288],[28.634838,44.186244],[28.63488,44.186113],[28.634937,44.185938],[28.634993,44.185763],[28.63505,44.185588],[28.635106,44.185412],[28.635163,44.185237],[28.635219,44.185064],[28.635219,44.185061],[28.635262,44.184883],[28.63527,44.184851],[28.635285,44.18477],[28.635292,44.184733],[28.635298,44.184705],[28.635332,44.184528],[28.635366,44.184353],[28.635389,44.184236],[28.6354,44.184175],[28.635431,44.183997],[28.635433,44.183985],[28.635451,44.18389],[28.635464,44.183818],[28.635496,44.18364],[28.635529,44.183462],[28.635561,44.183283],[28.635589,44.183135],[28.635593,44.183105],[28.63562,44.182927],[28.635647,44.182748],[28.635671,44.182592],[28.635673,44.182569],[28.635686,44.182389],[28.6357,44.18221],[28.635714,44.18203],[28.635714,44.18203],[28.635724,44.18185],[28.635735,44.181671],[28.63574,44.18157],[28.635745,44.181491],[28.635756,44.181311],[28.635767,44.181132],[28.635778,44.180952],[28.635789,44.180772],[28.635798,44.180625],[28.6358,44.180593],[28.635815,44.180413],[28.63583,44.180234],[28.635831,44.180223],[28.63584,44.18011],[28.635844,44.180054],[28.635851,44.179974],[28.635859,44.179874],[28.635874,44.179695],[28.635878,44.17965],[28.635884,44.179516],[28.635893,44.179336],[28.635902,44.179156],[28.635911,44.178976],[28.63592,44.178797],[28.635929,44.178617],[28.635938,44.178437],[28.635947,44.178257],[28.635956,44.178078],[28.635965,44.177898],[28.635974,44.177718],[28.635983,44.177538],[28.635989,44.177414],[28.635992,44.17736],[28.636001,44.177185],[28.636006,44.177075],[28.636009,44.177015],[28.636018,44.176837],[28.636026,44.176673],[28.636027,44.176665],[28.636034,44.176485],[28.636041,44.176305],[28.636046,44.176185],[28.636052,44.176126],[28.63607,44.175946],[28.636088,44.175767],[28.636106,44.175588],[28.636124,44.175408],[28.636142,44.175229],[28.63616,44.175049],[28.636178,44.17487],[28.636187,44.174773],[28.636196,44.174691],[28.636204,44.174615],[28.636222,44.174513],[28.636255,44.174334],[28.636288,44.174156],[28.6363,44.174089],[28.636323,44.173978],[28.63636,44.1738],[28.636393,44.173642],[28.636397,44.173622],[28.636418,44.173519],[28.636434,44.173444],[28.636455,44.173342],[28.636469,44.173275],[28.63647,44.173266],[28.636545,44.172906],[28.636591,44.172689],[28.63662,44.172545],[28.636643,44.172426],[28.63668,44.172222],[28.636958,44.170692],[28.636974,44.170584],[28.636981,44.17055],[28.637016,44.170372],[28.637027,44.170318],[28.636871,44.170269],[28.636756,44.170232],[28.636742,44.170228],[28.63664,44.170198],[28.636408,44.170131],[28.636176,44.170063],[28.635943,44.169995],[28.635711,44.169927],[28.635479,44.169859],[28.635246,44.169791],[28.635014,44.169723],[28.634782,44.169655],[28.634646,44.169615],[28.634549,44.169587],[28.634317,44.16952],[28.634156,44.169473],[28.634085,44.169452],[28.633854,44.169382],[28.633767,44.169356],[28.633642,44.169319],[28.633622,44.169313],[28.633396,44.169247],[28.633389,44.169246],[28.633269,44.16921],[28.633157,44.169177],[28.633062,44.169149],[28.633007,44.169133],[28.632978,44.169124],[28.632935,44.169112],[28.632833,44.169003],[28.632797,44.168964],[28.632828,44.168914],[28.632856,44.16887],[28.632924,44.168746],[28.633016,44.168579]]},"properties":{"line":"100C","dir":"0","headsign":"Cap Linie Gara","mode":"bus","color":"#0059a9"}},{"type":"Feature","geometry":{"type":"LineString","coordinates":[[28.633047,44.168524],[28.633073,44.168479],[28.63313,44.168371],[28.633148,44.168348],[28.633174,44.168327],[28.633206,44.168309],[28.633241,44.168296],[28.633288,44.168288],[28.633323,44.16829],[28.633345,44.168294],[28.633363,44.168297],[28.63341,44.168316],[28.633463,44.168339],[28.633489,44.168359],[28.63351,44.168382],[28.633526,44.168419],[28.633527,44.168427],[28.633529,44.168451],[28.633521,44.168492],[28.633502,44.168529],[28.633469,44.168556],[28.633427,44.168575],[28.633278,44.168626],[28.633243,44.168642],[28.633196,44.168671],[28.633161,44.168701],[28.633135,44.168731],[28.633087,44.168822],[28.633033,44.168925],[28.633,44.168988],[28.632935,44.169112],[28.632978,44.169124],[28.633007,44.169133],[28.633062,44.169149],[28.633091,44.169158],[28.633269,44.16921],[28.63332,44.169225],[28.633396,44.169247],[28.633552,44.169293],[28.633642,44.169319],[28.633767,44.169356],[28.633783,44.169361],[28.634015,44.169431],[28.634156,44.169473],[28.634247,44.169499],[28.634479,44.169567],[28.634646,44.169615],[28.634712,44.169634],[28.634944,44.169702],[28.635176,44.16977],[28.635409,44.169838],[28.635641,44.169906],[28.635873,44.169974],[28.636105,44.170042],[28.636338,44.17011],[28.63657,44.170178],[28.636742,44.170228],[28.636756,44.170232],[28.636801,44.170247],[28.637027,44.170318],[28.637031,44.170319],[28.637177,44.170365],[28.637147,44.170507],[28.637127,44.1706],[28.637111,44.170683],[28.637077,44.170859],[28.637043,44.171036],[28.637009,44.171213],[28.636991,44.171305],[28.636975,44.17139],[28.63694,44.171566],[28.636906,44.171743],[28.636874,44.171912],[28.636872,44.171921],[28.636842,44.172075],[28.636837,44.172099],[28.636803,44.172277],[28.636773,44.172435],[28.636769,44.172455],[28.636749,44.172554],[28.636749,44.172554],[28.63662,44.172545],[28.636591,44.172689],[28.636568,44.172797],[28.636545,44.172906],[28.636531,44.172975],[28.636494,44.173153],[28.636472,44.173257],[28.636455,44.173342],[28.636418,44.173519],[28.636393,44.173642],[28.6363,44.174089],[28.636204,44.174615],[28.636187,44.174773],[28.636046,44.176185],[28.636044,44.176229],[28.636037,44.176409],[28.63603,44.176589],[28.636026,44.176673],[28.636022,44.176767],[28.636013,44.176936],[28.636006,44.177075],[28.636005,44.177105],[28.635997,44.177265],[28.635989,44.177414],[28.635988,44.177439],[28.635979,44.177619],[28.63597,44.177799],[28.635961,44.177978],[28.635952,44.178158],[28.635943,44.178338],[28.635934,44.178518],[28.635925,44.178697],[28.635916,44.178877],[28.635907,44.179057],[28.635898,44.179237],[28.635889,44.179416],[28.63588,44.179596],[28.635878,44.17965],[28.635867,44.179775],[28.635853,44.179954],[28.635851,44.179974],[28.63584,44.18011],[28.635838,44.180134],[28.635831,44.180223],[28.635823,44.180313],[28.635809,44.180493],[28.635798,44.180625],[28.635795,44.180673],[28.635784,44.180853],[28.635773,44.181032],[28.635762,44.181212],[28.635751,44.181391],[28.63574,44.18157],[28.63574,44.181571],[28.63573,44.181751],[28.63572,44.181931],[28.635714,44.18203],[28.635708,44.18211],[28.635694,44.18229],[28.63568,44.182469],[28.635671,44.182592],[28.635662,44.182647],[28.635635,44.182826],[28.635608,44.183005],[28.635589,44.183135],[28.63558,44.183182],[28.635547,44.183361],[28.635515,44.183539],[28.635482,44.183717],[28.635451,44.18389],[28.63545,44.183896],[28.635433,44.183985],[28.635417,44.184074],[28.635389,44.184236],[28.635386,44.184252],[28.635351,44.18443],[28.635317,44.184608],[28.635292,44.184733],[28.635285,44.18477],[28.635282,44.184786],[28.63527,44.184851],[28.635243,44.184963],[28.635219,44.185064],[28.635194,44.185139],[28.635138,44.185314],[28.635081,44.185489],[28.635025,44.185665],[28.634968,44.18584],[28.634912,44.186015],[28.634855,44.18619],[28.634838,44.186244],[28.634799,44.186365],[28.634743,44.186541],[28.634687,44.186716],[28.634632,44.186891],[28.634576,44.187067],[28.63452,44.187242],[28.634464,44.187417],[28.634442,44.187487],[28.634406,44.187592],[28.634346,44.187767],[28.634287,44.187942],[28.634227,44.188116],[28.634176,44.188266],[28.634167,44.188291],[28.634108,44.188466],[28.63408,44.18855],[28.634051,44.188641],[28.633994,44.188816],[28.633978,44.188863],[28.633961,44.188921],[28.633942,44.188993],[28.633896,44.18917],[28.63385,44.189347],[28.633845,44.189368],[28.633803,44.189523],[28.633794,44.189555],[28.633755,44.1897],[28.633708,44.189877],[28.633705,44.189888],[28.63366,44.190053],[28.633611,44.190229],[28.633562,44.190406],[28.633514,44.19058],[28.633513,44.190582],[28.633463,44.190758],[28.633412,44.190934],[28.633386,44.191026],[28.633362,44.191111],[28.633313,44.191287],[28.633264,44.191464],[28.633215,44.19164],[28.633166,44.191816],[28.633117,44.191993],[28.633069,44.192169],[28.63302,44.192346],[28.632988,44.192461],[28.632971,44.192522],[28.632924,44.192698],[28.632923,44.192699],[28.632875,44.192875],[28.632826,44.193052],[28.632777,44.193228],[28.632729,44.193404],[28.63268,44.193581],[28.632631,44.193757],[28.632583,44.193934],[28.632534,44.19411],[28.632486,44.194287],[28.632437,44.194463],[28.632437,44.194464],[28.632389,44.19464],[28.63234,44.194816],[28.632292,44.194993],[28.632244,44.195169],[28.632196,44.195346],[28.632148,44.195522],[28.632099,44.195699],[28.632051,44.195875],[28.632019,44.195992],[28.632002,44.196051],[28.631984,44.196115],[28.631953,44.196228],[28.631922,44.196342],[28.631901,44.196403],[28.631859,44.196528],[28.631844,44.196578],[28.63179,44.196754],[28.631736,44.196929],[28.631681,44.197105],[28.631659,44.197179],[28.631633,44.197283],[28.631589,44.19746],[28.631545,44.197637],[28.631527,44.197709],[28.631523,44.197727],[28.631501,44.197815],[28.631458,44.197992],[28.631414,44.198169],[28.631373,44.198334],[28.63137,44.198346],[28.631326,44.198523],[28.631293,44.198657],[28.631282,44.1987],[28.631238,44.198877],[28.6312,44.199029],[28.631193,44.199054],[28.631148,44.199231],[28.631104,44.199408],[28.631098,44.199431],[28.631059,44.199585],[28.631014,44.199762],[28.630969,44.199939],[28.630924,44.200116],[28.630917,44.200144],[28.630879,44.200292],[28.630869,44.200334],[28.630836,44.200461],[28.630834,44.20047],[28.630794,44.200648],[28.630754,44.200825],[28.630714,44.201003],[28.630709,44.201029],[28.630668,44.201179],[28.63062,44.201355],[28.630572,44.201532],[28.630524,44.201708],[28.630476,44.201885],[28.630466,44.201921],[28.630459,44.201947],[28.630429,44.202061],[28.630421,44.202093],[28.630393,44.202211],[28.630386,44.202237],[28.630373,44.20229],[28.630517,44.202314],[28.630485,44.202423],[28.630482,44.202433],[28.630459,44.202508],[28.630429,44.202608],[28.6304,44.202709],[28.630376,44.202785],[28.630349,44.202866],[28.630337,44.2029],[28.630323,44.202959],[28.630281,44.203136],[28.630244,44.203292],[28.630238,44.203314],[28.630188,44.203491],[28.630139,44.203667],[28.630089,44.203843],[28.63008,44.203875],[28.63004,44.204019],[28.629991,44.204196],[28.629942,44.204372],[28.629892,44.204548],[28.629877,44.204604],[28.629847,44.204724],[28.629804,44.2049],[28.629789,44.204958],[28.62976,44.205077],[28.629716,44.205254],[28.629672,44.205431],[28.629647,44.205536],[28.62963,44.205608],[28.629592,44.205778],[28.62959,44.205786],[28.629555,44.205964],[28.629519,44.206142],[28.629484,44.20632],[28.629462,44.20643],[28.629448,44.206497],[28.629436,44.206561],[28.629414,44.206675],[28.62938,44.206854],[28.629346,44.207032],[28.629313,44.20721],[28.629279,44.207388],[28.629253,44.207526],[28.629245,44.207566],[28.629211,44.207744],[28.629177,44.207922],[28.629144,44.2081],[28.629138,44.208131],[28.629112,44.208279],[28.629081,44.208457],[28.629051,44.208636],[28.62902,44.208814],[28.629015,44.20884],[28.628996,44.208958],[28.628991,44.208993],[28.628965,44.209172],[28.628939,44.20935],[28.628913,44.209529],[28.628887,44.209708],[28.62886,44.209887],[28.628834,44.210066],[28.628808,44.210244],[28.628801,44.210296],[28.628786,44.210424],[28.628766,44.210603],[28.628746,44.210782],[28.628725,44.210962],[28.628705,44.211141],[28.628685,44.21132],[28.628664,44.211499],[28.628644,44.211679],[28.628624,44.211858],[28.628603,44.212037],[28.628592,44.212138],[28.628585,44.212215],[28.628585,44.212217],[28.628571,44.212396],[28.628562,44.212521],[28.628558,44.212576],[28.628545,44.212756],[28.628545,44.212765],[28.628536,44.212935],[28.628527,44.213115],[28.628517,44.213295],[28.628508,44.213475],[28.628499,44.213654],[28.62849,44.213834],[28.628482,44.213975],[28.62848,44.214014],[28.628475,44.214107],[28.628469,44.214194],[28.628457,44.214373],[28.628455,44.214402],[28.628448,44.214487],[28.628445,44.214553],[28.628436,44.214732],[28.628427,44.214911],[28.628427,44.214912],[28.628425,44.21509],[28.628423,44.21527],[28.628421,44.215446],[28.628421,44.21545],[28.628416,44.215629],[28.628416,44.215661],[28.628408,44.215783],[28.628396,44.215805],[28.62838,44.215832],[28.628361,44.215884],[28.628374,44.215934],[28.628401,44.215979],[28.628401,44.215988],[28.628398,44.21603],[28.628397,44.216049],[28.62839,44.216167],[28.62838,44.216347],[28.628376,44.21642],[28.628373,44.216471],[28.628339,44.21652],[28.628312,44.216558],[28.628255,44.216621],[28.628217,44.216665],[28.628211,44.216672],[28.628198,44.216687],[28.628194,44.216691],[28.628173,44.216706],[28.628142,44.216722],[28.628101,44.216735],[28.628072,44.216739],[28.628047,44.216741],[28.628019,44.216739],[28.628012,44.216738],[28.627977,44.216732],[28.627943,44.216719],[28.627878,44.216676],[28.627824,44.216632],[28.627822,44.21663],[28.627679,44.216498],[28.62767,44.21649],[28.627507,44.216354],[28.627379,44.216247],[28.627331,44.216222],[28.627128,44.216119],[28.626925,44.216015],[28.626823,44.215963],[28.626726,44.215899],[28.626639,44.215843],[28.626573,44.215794],[28.626547,44.215774],[28.626421,44.215677],[28.626373,44.215641],[28.626238,44.215539],[28.626201,44.215513],[28.626024,44.215386],[28.625847,44.215259],[28.62567,44.215133],[28.625492,44.215006],[28.625413,44.214949],[28.625315,44.214879],[28.625279,44.214853],[28.625137,44.214752],[28.624959,44.214625],[28.624782,44.214498],[28.624604,44.214371],[28.624438,44.214253],[28.62427,44.214133],[28.624263,44.214128],[28.624124,44.214033],[28.624081,44.214004],[28.623899,44.21388],[28.623735,44.213768],[28.623708,44.213773],[28.62368,44.213773],[28.62368,44.213772],[28.623644,44.213764],[28.623614,44.213746],[28.623595,44.213721],[28.62359,44.213695],[28.623597,44.213669],[28.623564,44.213646],[28.623385,44.21352],[28.623206,44.213394],[28.623027,44.213269],[28.622848,44.213143],[28.622733,44.213062],[28.622669,44.213018],[28.62249,44.212892],[28.62231,44.212766],[28.622131,44.212641],[28.621951,44.212515],[28.621772,44.212389],[28.621768,44.212387],[28.621591,44.212265],[28.62141,44.21214],[28.621399,44.212133],[28.621313,44.212074],[28.621228,44.212016],[28.621047,44.211891],[28.620866,44.211767],[28.620818,44.211734],[28.620685,44.211643],[28.620503,44.211519],[28.620322,44.211394],[28.620141,44.21127],[28.620012,44.211182],[28.619959,44.211146],[28.619958,44.211144],[28.619872,44.211086],[28.619828,44.211055],[28.619778,44.211021],[28.619597,44.210897],[28.619415,44.210773],[28.619234,44.210648],[28.619053,44.210524],[28.618941,44.210448],[28.618871,44.2104],[28.618688,44.210277],[28.618505,44.210154],[28.618438,44.210109],[28.618323,44.210031],[28.61814,44.209908],[28.617992,44.209808],[28.617958,44.209784],[28.617778,44.209658],[28.617636,44.20956],[28.617599,44.209533],[28.61742,44.209407],[28.617242,44.20928],[28.617066,44.209157],[28.617063,44.209154],[28.616936,44.209065],[28.616891,44.209034],[28.616729,44.208924],[28.616682,44.208911],[28.616482,44.208858],[28.616446,44.208851],[28.616214,44.208805],[28.616199,44.208803],[28.615952,44.208778],[28.615905,44.208773],[28.615699,44.208774],[28.615599,44.208775],[28.615448,44.208786],[28.6153,44.208797],[28.615199,44.208811],[28.614981,44.208843],[28.614954,44.208849],[28.614713,44.208899],[28.614692,44.208903],[28.614594,44.208931],[28.614499,44.208969],[28.614485,44.208974],[28.614358,44.209038],[28.614331,44.20906],[28.614179,44.209186],[28.614166,44.209196],[28.614006,44.209318],[28.613834,44.209449],[28.613815,44.209464],[28.613658,44.209577],[28.613481,44.209704],[28.613304,44.209832],[28.613199,44.209908],[28.613127,44.209959],[28.61295,44.210086],[28.612919,44.210108],[28.612773,44.210214],[28.612598,44.210343],[28.612422,44.210471],[28.612247,44.2106],[28.612071,44.210728],[28.611982,44.210794],[28.611895,44.210856],[28.611719,44.210984],[28.611685,44.211009],[28.61163,44.211048],[28.611542,44.211111],[28.611365,44.211239],[28.611188,44.211366],[28.61101,44.211493],[28.610833,44.21162],[28.610656,44.211748],[28.610623,44.211771],[28.610581,44.211802],[28.61048,44.211876],[28.610304,44.212004],[28.610129,44.212133],[28.609953,44.212261],[28.609777,44.212389],[28.609694,44.21245],[28.60964,44.21254],[28.609589,44.212622],[28.609494,44.212693],[28.609319,44.212822],[28.609144,44.212951],[28.60897,44.213081],[28.608795,44.21321],[28.608717,44.213267],[28.608643,44.21333],[28.608625,44.213345],[28.608531,44.213433],[28.608498,44.213478],[28.60847,44.213517],[28.608414,44.213626],[28.608406,44.213647],[28.608343,44.21382],[28.608333,44.213848],[28.608256,44.213989],[28.608252,44.213996],[28.608151,44.214137],[28.608133,44.214152],[28.607972,44.214289],[28.607922,44.214331],[28.607819,44.214431],[28.607761,44.214487],[28.607791,44.214528],[28.607799,44.214573],[28.607791,44.214597],[28.607784,44.214618],[28.607749,44.214656],[28.607697,44.214684],[28.607635,44.214696],[28.607615,44.214695],[28.607571,44.214693],[28.607513,44.214674],[28.607467,44.214642],[28.607444,44.214608],[28.607439,44.214591],[28.607434,44.214571],[28.60744,44.214534],[28.60746,44.214499],[28.607493,44.21447],[28.607395,44.214405],[28.607381,44.214396],[28.607222,44.214284],[28.607051,44.214165],[28.607044,44.214159],[28.606979,44.214106],[28.606941,44.214044],[28.606944,44.214002],[28.606945,44.213983],[28.606967,44.213929],[28.607003,44.213879],[28.607054,44.213847],[28.607068,44.213838],[28.607222,44.213747],[28.607246,44.213731],[28.607315,44.213687],[28.607416,44.213611],[28.607426,44.213601],[28.607569,44.21346],[28.607575,44.213452],[28.607664,44.213323],[28.607666,44.213276],[28.607666,44.213272],[28.607668,44.213196],[28.607669,44.213145],[28.607641,44.213108],[28.607641,44.213108],[28.607629,44.21306],[28.607639,44.213011],[28.607671,44.212967],[28.607704,44.212942],[28.607756,44.212834],[28.607781,44.212783],[28.607756,44.212755],[28.607719,44.212711],[28.607585,44.212619],[28.607478,44.212546],[28.607404,44.212494],[28.607222,44.21237],[28.607042,44.212246],[28.606861,44.212122],[28.606679,44.211997],[28.606498,44.211873],[28.606317,44.211749],[28.606136,44.211624],[28.605991,44.211525]]},"properties":{"line":"100C","dir":"1","headsign":"Carrefour","mode":"bus","color":"#0059a9"}},{"type":"Feature","geometry":{"type":"LineString","coordinates":[[28.63244,44.169006],[28.632459,44.16897],[28.632516,44.168864],[28.632558,44.168879],[28.632591,44.168891],[28.632782,44.168959],[28.632797,44.168964],[28.632935,44.169112],[28.632941,44.169113],[28.632978,44.169124],[28.633007,44.169133],[28.633062,44.169149],[28.633168,44.16918],[28.633269,44.16921],[28.633396,44.169247],[28.633422,44.1692],[28.633473,44.169113],[28.633518,44.169034],[28.633612,44.168867],[28.633617,44.168859],[28.633678,44.168745],[28.633703,44.1687],[28.633797,44.168533],[28.633877,44.168394],[28.633894,44.168368],[28.633923,44.168323],[28.633959,44.168277],[28.633994,44.16824],[28.634018,44.168219],[28.63405,44.168191],[28.634105,44.168154],[28.634156,44.168124],[28.634198,44.168101],[28.634211,44.168094],[28.634314,44.168042],[28.634402,44.167998],[28.634477,44.16796],[28.634611,44.167902],[28.634729,44.167851],[28.634826,44.167813],[28.634998,44.167745],[28.635046,44.167727],[28.635267,44.167642],[28.63539,44.167596],[28.635478,44.167564],[28.635529,44.167546],[28.635692,44.167656],[28.635715,44.167672],[28.635875,44.16778],[28.635956,44.167835],[28.636059,44.167901],[28.636247,44.16802],[28.636434,44.16814],[28.636622,44.168259],[28.636809,44.168379],[28.636811,44.16838],[28.636938,44.16848],[28.636974,44.168517],[28.637104,44.168653],[28.637114,44.168669],[28.637184,44.168784],[28.637211,44.168836],[28.637265,44.168941],[28.637289,44.169008],[28.637316,44.169085],[28.637338,44.169182],[28.637375,44.169341],[28.637375,44.169361],[28.637377,44.16952],[28.637372,44.169543],[28.637334,44.16972],[28.637316,44.169805],[28.637291,44.169899],[28.637245,44.170075],[28.637224,44.170152],[28.637202,44.170251],[28.637177,44.170365],[28.637164,44.170429],[28.637127,44.1706],[28.637126,44.170606],[28.637092,44.170784],[28.637057,44.170962],[28.637023,44.17114],[28.636991,44.171305],[28.636988,44.171319],[28.636954,44.171497],[28.63692,44.17167],[28.636886,44.171845],[28.636874,44.171912],[28.636852,44.172023],[28.636842,44.172075],[28.636818,44.172201],[28.636784,44.172379],[28.636773,44.172435],[28.636749,44.172554],[28.636749,44.172554],[28.63662,44.172545],[28.636591,44.172689],[28.636585,44.172721],[28.636547,44.172898],[28.636545,44.172906],[28.63651,44.173077],[28.636473,44.173255],[28.636472,44.173257],[28.636455,44.173342],[28.636418,44.173519],[28.636393,44.173642],[28.6363,44.174089],[28.636204,44.174615],[28.636187,44.174773],[28.636046,44.176185],[28.636044,44.176229],[28.636037,44.176409],[28.63603,44.176589],[28.636026,44.176673],[28.636022,44.176767],[28.636013,44.176936],[28.636006,44.177075],[28.636005,44.177105],[28.635997,44.177265],[28.635989,44.177414],[28.635988,44.177439],[28.635979,44.177619],[28.63597,44.177799],[28.635961,44.177978],[28.635952,44.178158],[28.635943,44.178338],[28.635934,44.178518],[28.635925,44.178697],[28.635916,44.178877],[28.635907,44.179057],[28.635898,44.179237],[28.635889,44.179416],[28.63588,44.179596],[28.635878,44.17965],[28.635867,44.179775],[28.635853,44.179954],[28.635851,44.179974],[28.63584,44.18011],[28.635838,44.180134],[28.635831,44.180223],[28.635823,44.180313],[28.635809,44.180493],[28.635798,44.180625],[28.635795,44.180673],[28.635784,44.180853],[28.635773,44.181032],[28.635762,44.181212],[28.635751,44.181391],[28.63574,44.18157],[28.63574,44.181571],[28.63573,44.181751],[28.63572,44.181931],[28.635714,44.18203],[28.635708,44.18211],[28.635694,44.18229],[28.63568,44.182469],[28.635671,44.182592],[28.635662,44.182647],[28.635635,44.182826],[28.635608,44.183005],[28.635589,44.183135],[28.63558,44.183182],[28.635547,44.183361],[28.635515,44.183539],[28.635482,44.183717],[28.635451,44.18389],[28.63545,44.183896],[28.635433,44.183985],[28.635417,44.184074],[28.635389,44.184236],[28.635386,44.184252],[28.635351,44.18443],[28.635317,44.184608],[28.635292,44.184733],[28.635285,44.18477],[28.635282,44.184786],[28.63527,44.184851],[28.635243,44.184963],[28.635219,44.185064],[28.635194,44.185139],[28.635138,44.185314],[28.635081,44.185489],[28.635025,44.185665],[28.634968,44.18584],[28.634912,44.186015],[28.634855,44.18619],[28.634838,44.186244],[28.634799,44.186365],[28.634743,44.186541],[28.634687,44.186716],[28.634632,44.186891],[28.634576,44.187067],[28.63452,44.187242],[28.634464,44.187417],[28.634442,44.187487],[28.634406,44.187592],[28.634346,44.187767],[28.634287,44.187942],[28.634227,44.188116],[28.634176,44.188266],[28.634167,44.188291],[28.634108,44.188466],[28.63408,44.18855],[28.634051,44.188641],[28.633994,44.188816],[28.633978,44.188863],[28.633961,44.188921],[28.633942,44.188993],[28.633896,44.18917],[28.63385,44.189347],[28.633845,44.189368],[28.633803,44.189523],[28.633794,44.189555],[28.633755,44.1897],[28.633708,44.189877],[28.633705,44.189888],[28.63366,44.190053],[28.633611,44.190229],[28.633562,44.190406],[28.633514,44.19058],[28.633513,44.190582],[28.633463,44.190758],[28.633412,44.190934],[28.633386,44.191026],[28.633362,44.191111],[28.633313,44.191287],[28.633264,44.191464],[28.633215,44.19164],[28.633166,44.191816],[28.633117,44.191993],[28.633069,44.192169],[28.63302,44.192346],[28.632988,44.192461],[28.632971,44.192522],[28.632924,44.192698],[28.632923,44.192699],[28.632875,44.192875],[28.632826,44.193052],[28.632777,44.193228],[28.632729,44.193404],[28.63268,44.193581],[28.632631,44.193757],[28.632583,44.193934],[28.632534,44.19411],[28.632486,44.194287],[28.632437,44.194463],[28.632437,44.194464],[28.632389,44.19464],[28.63234,44.194816],[28.632292,44.194993],[28.632244,44.195169],[28.632196,44.195346],[28.632148,44.195522],[28.632099,44.195699],[28.632051,44.195875],[28.632019,44.195992],[28.632002,44.196051],[28.631984,44.196115],[28.631953,44.196228],[28.631922,44.196342],[28.631901,44.196403],[28.631859,44.196528],[28.631844,44.196578],[28.63179,44.196754],[28.631736,44.196929],[28.631681,44.197105],[28.631659,44.197179],[28.631633,44.197283],[28.631589,44.19746],[28.631545,44.197637],[28.631527,44.197709],[28.631523,44.197727],[28.631501,44.197815],[28.631458,44.197992],[28.631414,44.198169],[28.631373,44.198334],[28.63137,44.198346],[28.631326,44.198523],[28.631293,44.198657],[28.631282,44.1987],[28.631238,44.198877],[28.6312,44.199029],[28.631193,44.199054],[28.631148,44.199231],[28.631104,44.199408],[28.631098,44.199431],[28.631059,44.199585],[28.631014,44.199762],[28.630969,44.199939],[28.630924,44.200116],[28.630917,44.200144],[28.630879,44.200292],[28.630869,44.200334],[28.630836,44.200461],[28.630834,44.20047],[28.630794,44.200648],[28.630754,44.200825],[28.630714,44.201003],[28.630709,44.201029],[28.630668,44.201179],[28.63062,44.201355],[28.630572,44.201532],[28.630524,44.201708],[28.630476,44.201885],[28.630466,44.201921],[28.630459,44.201947],[28.630429,44.202061],[28.630421,44.202093],[28.630393,44.202211],[28.630386,44.202237],[28.630373,44.20229],[28.630517,44.202314],[28.630485,44.202423],[28.630482,44.202433],[28.630459,44.202508],[28.630429,44.202608],[28.6304,44.202709],[28.630376,44.202785],[28.630349,44.202866],[28.630337,44.2029],[28.630323,44.202959],[28.630281,44.203136],[28.630244,44.203292],[28.630238,44.203314],[28.630188,44.203491],[28.630139,44.203667],[28.630089,44.203843],[28.63008,44.203875],[28.63004,44.204019],[28.629991,44.204196],[28.629942,44.204372],[28.629892,44.204548],[28.629877,44.204604],[28.629847,44.204724],[28.629804,44.2049],[28.629789,44.204958],[28.62976,44.205077],[28.629716,44.205254],[28.629672,44.205431],[28.629647,44.205536],[28.62963,44.205608],[28.629592,44.205778],[28.62959,44.205786],[28.629555,44.205964],[28.629519,44.206142],[28.629484,44.20632],[28.629462,44.20643],[28.629448,44.206497],[28.629436,44.206561],[28.629414,44.206675],[28.62938,44.206854],[28.629346,44.207032],[28.629313,44.20721],[28.629279,44.207388],[28.629253,44.207526],[28.629245,44.207566],[28.629211,44.207744],[28.629177,44.207922],[28.629144,44.2081],[28.629138,44.208131],[28.629112,44.208279],[28.629081,44.208457],[28.629051,44.208636],[28.62902,44.208814],[28.629015,44.20884],[28.628996,44.208958],[28.628991,44.208993],[28.628965,44.209172],[28.628939,44.20935],[28.628913,44.209529],[28.628887,44.209708],[28.62886,44.209887],[28.628834,44.210066],[28.628808,44.210244],[28.628801,44.210296],[28.628786,44.210424],[28.628766,44.210603],[28.628746,44.210782],[28.628725,44.210962],[28.628705,44.211141],[28.628685,44.21132],[28.628664,44.211499],[28.628644,44.211679],[28.628624,44.211858],[28.628603,44.212037],[28.628592,44.212138],[28.628585,44.212215],[28.628585,44.212217],[28.628571,44.212396],[28.628562,44.212521],[28.628558,44.212576],[28.628545,44.212756],[28.628545,44.212765],[28.628536,44.212935],[28.628527,44.213115],[28.628517,44.213295],[28.628508,44.213475],[28.628499,44.213654],[28.62849,44.213834],[28.628482,44.213975],[28.62848,44.214014],[28.628475,44.214107],[28.628469,44.214194],[28.628457,44.214373],[28.628455,44.214402],[28.628448,44.214487],[28.628445,44.214553],[28.628436,44.21473],[28.628427,44.21491],[28.628427,44.214912],[28.628425,44.215089],[28.628423,44.215269],[28.628421,44.215446],[28.628421,44.215449],[28.628416,44.215629],[28.628416,44.215661],[28.628408,44.215783],[28.628394,44.215807],[28.62838,44.215832],[28.628361,44.215884],[28.628374,44.215934],[28.628401,44.215979],[28.628401,44.215988],[28.628398,44.21603],[28.628397,44.216049],[28.62839,44.216168],[28.62838,44.216347],[28.628376,44.21642],[28.628373,44.216471],[28.628379,44.216529],[28.628398,44.216708],[28.62841,44.216816],[28.62842,44.216885],[28.62842,44.216887],[28.628435,44.216976],[28.628451,44.217065],[28.62849,44.217167],[28.62853,44.217234],[28.628545,44.217261],[28.62865,44.217391],[28.628682,44.217431],[28.628791,44.217539],[28.628938,44.217685],[28.628941,44.217688],[28.629088,44.217829],[28.629238,44.217974],[28.62933,44.218062],[28.62939,44.218116],[28.629546,44.218257],[28.62961,44.218315],[28.629701,44.218398],[28.629822,44.218508],[28.629858,44.218538],[28.630023,44.218674],[28.630177,44.218801],[28.630187,44.21881],[28.63034,44.218952],[28.630355,44.218967],[28.630433,44.219039],[28.630487,44.219055],[28.630524,44.219073],[28.630534,44.219078],[28.630579,44.219113],[28.63061,44.219156],[28.630625,44.219203],[28.630624,44.219224],[28.630623,44.219251],[28.630604,44.219297],[28.630573,44.219335],[28.63053,44.219367],[28.630511,44.219375],[28.630466,44.219395],[28.630426,44.219465],[28.630395,44.219521],[28.630389,44.21953],[28.630353,44.219586],[28.630304,44.219652],[28.630274,44.219688],[28.630218,44.219754],[28.63017,44.219798],[28.630133,44.219835],[28.629985,44.21998],[28.629929,44.220035],[28.629865,44.220103],[28.629842,44.220131],[28.629803,44.220179],[28.629759,44.220234],[28.629721,44.220288],[28.629677,44.220352],[28.629615,44.220452],[28.629513,44.220616],[28.629466,44.220691],[28.629417,44.220783],[28.629357,44.220895],[28.629332,44.220953],[28.62929,44.221056],[28.629265,44.221127],[28.629263,44.221132],[28.629243,44.22121],[28.629221,44.221306],[28.629213,44.221345],[28.62919,44.221464],[28.629186,44.221484],[28.629157,44.221663],[28.629128,44.221841],[28.629098,44.22202],[28.629098,44.222023],[28.629071,44.222199],[28.629055,44.222303],[28.629046,44.222358],[28.629029,44.222463],[28.629018,44.222536],[28.628997,44.222675],[28.62899,44.222715],[28.628963,44.222894],[28.628935,44.223072],[28.628908,44.223251],[28.62888,44.22343],[28.628852,44.223609],[28.628825,44.223787],[28.62882,44.223818],[28.628786,44.223968],[28.628745,44.224146],[28.628704,44.224323],[28.628693,44.22437],[28.628668,44.2245],[28.628634,44.224678],[28.628599,44.224856],[28.628595,44.224875],[28.628573,44.22493],[28.628587,44.224962],[28.628586,44.224996],[28.628569,44.225027],[28.628542,44.225047],[28.628533,44.225054],[28.628445,44.225172],[28.628427,44.225196],[28.628364,44.225278],[28.628314,44.225354],[28.628234,44.225473],[28.628212,44.225514],[28.628121,44.225682],[28.62803,44.22585],[28.627939,44.226017],[28.627849,44.226185],[28.627758,44.226353],[28.627667,44.22652],[28.627622,44.226604],[28.627578,44.226688],[28.627489,44.226856],[28.627452,44.226928],[28.627406,44.227024],[28.627325,44.227195],[28.627245,44.227365],[28.627216,44.227426],[28.627161,44.227535],[28.627157,44.227543],[28.627129,44.227615],[28.627102,44.227687],[28.627094,44.227705],[28.627043,44.227839],[28.627028,44.227878],[28.626965,44.228052],[28.626901,44.228226],[28.626838,44.2284],[28.626774,44.228574],[28.62671,44.228748],[28.626647,44.228922],[28.626641,44.228938],[28.626582,44.229096],[28.62657,44.229128],[28.626518,44.229269],[28.626506,44.229304],[28.626465,44.229418],[28.626456,44.229443],[28.626395,44.229618],[28.626335,44.229792],[28.626274,44.229967],[28.626214,44.230141],[28.626197,44.230191],[28.626174,44.230256],[28.626153,44.230316],[28.626122,44.230404],[28.626091,44.23049],[28.626071,44.23055],[28.626032,44.230665],[28.62601,44.230732],[28.625973,44.230839],[28.625914,44.231014],[28.625884,44.231102],[28.625847,44.231191],[28.625774,44.231363],[28.625747,44.23143],[28.625697,44.231536],[28.625617,44.231706],[28.625542,44.231866],[28.625537,44.231877],[28.625454,44.232047],[28.625379,44.2322],[28.625371,44.232217],[28.62537,44.232218],[28.625309,44.232338],[28.625286,44.232386],[28.625203,44.232555],[28.62512,44.232725],[28.625037,44.232895],[28.624954,44.233064],[28.624896,44.233182],[28.62487,44.233234],[28.624807,44.233362],[28.624787,44.233404],[28.624731,44.233516],[28.624711,44.233556],[28.624703,44.233573],[28.62463,44.23372],[28.62462,44.233742],[28.624619,44.233743],[28.624541,44.233913],[28.624462,44.234084],[28.624383,44.234254],[28.624367,44.234289],[28.624314,44.234397],[28.624299,44.234425],[28.624209,44.234593],[28.624119,44.234761],[28.624117,44.234766],[28.62405,44.234884],[28.624023,44.234928],[28.623956,44.23504],[28.623919,44.235094],[28.623818,44.235238],[28.623808,44.235254],[28.623769,44.235314],[28.623698,44.235417],[28.623618,44.235532],[28.623586,44.235577],[28.623539,44.235647],[28.623486,44.23574],[28.623447,44.235809],[28.6234,44.235908],[28.623356,44.235999],[28.62334,44.236034],[28.62334,44.236064],[28.623333,44.23608],[28.623327,44.236093],[28.623302,44.236117],[28.623268,44.236134],[28.623174,44.236225],[28.623166,44.236233],[28.623031,44.236371],[28.622889,44.236519],[28.622857,44.236551],[28.622758,44.236669],[28.622649,44.2368],[28.622632,44.236824],[28.622519,44.236984],[28.622463,44.237062],[28.622418,44.237146],[28.622369,44.237235],[28.622334,44.237314],[28.622305,44.237379],[28.622282,44.237434],[28.622263,44.237485],[28.622217,44.237607],[28.6222,44.237658],[28.622147,44.237822],[28.622143,44.237833],[28.622129,44.237879],[28.62209,44.238009],[28.622037,44.238184],[28.621984,44.23836],[28.62193,44.238536],[28.621877,44.238711],[28.621834,44.238854],[28.621824,44.238887],[28.62179,44.238998],[28.62177,44.239063],[28.621717,44.239239],[28.621664,44.239414],[28.621611,44.23959],[28.621596,44.23964],[28.621561,44.239766],[28.621511,44.239942],[28.621462,44.240119],[28.621413,44.240295],[28.621364,44.240471],[28.621364,44.240472],[28.621342,44.240552],[28.621315,44.240648],[28.621266,44.240824],[28.621217,44.241001],[28.6212,44.24106],[28.621176,44.241147],[28.621167,44.241177],[28.621118,44.241353],[28.621069,44.24153],[28.62102,44.241706],[28.620971,44.241882],[28.620965,44.241903],[28.620946,44.241971],[28.620923,44.242053],[28.620922,44.242059],[28.620874,44.242235],[28.620863,44.242275],[28.620827,44.242407],[28.620825,44.242412],[28.620819,44.242434],[28.620805,44.242488],[28.620758,44.242661],[28.620615,44.243184],[28.620481,44.243677],[28.62045,44.243792],[28.620193,44.244736],[28.620064,44.245244],[28.620054,44.245284],[28.620026,44.245421],[28.619998,44.245555],[28.619991,44.245599],[28.619961,44.245777],[28.619948,44.24586],[28.619932,44.245956],[28.619902,44.246134],[28.619873,44.246313],[28.619863,44.24637],[28.619851,44.24649],[28.619832,44.24667],[28.619814,44.246849],[28.6198,44.246979],[28.619795,44.247028],[28.619778,44.247208],[28.619767,44.247321],[28.619758,44.247388],[28.619735,44.247567],[28.619712,44.247746],[28.61969,44.247917],[28.61969,44.247923],[28.619686,44.24807],[28.61969,44.2481],[28.619703,44.248182],[28.619718,44.248278],[28.619728,44.248338],[28.619743,44.248405],[28.619759,44.248427],[28.619763,44.248446],[28.619766,44.248461],[28.619756,44.248497],[28.619731,44.248526],[28.619712,44.248539],[28.619687,44.248614],[28.619658,44.248705],[28.619629,44.248788],[28.619604,44.248859],[28.619582,44.248962],[28.61957,44.249021],[28.619558,44.249138],[28.619539,44.249318],[28.619521,44.249497],[28.619503,44.249676],[28.619493,44.249768],[28.619484,44.249856],[28.619464,44.250035],[28.619444,44.250214],[28.61944,44.250253],[28.619425,44.250394],[28.619408,44.250555],[28.619406,44.250573],[28.619386,44.250752],[28.619384,44.250775],[28.619367,44.250932],[28.619348,44.251111],[28.619328,44.25129],[28.619309,44.25147],[28.61929,44.251647],[28.61929,44.251649],[28.61927,44.251828],[28.61925,44.252007],[28.619231,44.252187],[28.619211,44.252366],[28.619191,44.252545],[28.619172,44.252725],[28.619152,44.252904],[28.619132,44.253083],[28.619113,44.253263],[28.619093,44.253442],[28.619073,44.253621],[28.619054,44.253801],[28.619048,44.253855],[28.619032,44.25398],[28.619026,44.254032],[28.619012,44.254146],[28.61901,44.254159],[28.619004,44.254215],[28.61899,44.254326],[28.618988,44.254338],[28.618976,44.254438],[28.618967,44.254517],[28.618953,44.254646],[28.618947,44.254697],[28.618928,44.254876],[28.618908,44.255055],[28.618889,44.255234],[28.618869,44.255414],[28.618849,44.255593],[28.61883,44.255772],[28.618821,44.255854],[28.61881,44.255952],[28.618791,44.256131],[28.618771,44.25631],[28.618751,44.25649],[28.618732,44.256669],[28.618719,44.256788],[28.618712,44.256848],[28.618703,44.256936],[28.618693,44.257027],[28.618673,44.257207],[28.618653,44.257386],[28.618652,44.2574],[28.618634,44.257565],[28.618614,44.257745],[28.618596,44.25791],[28.618595,44.257924],[28.618577,44.258103],[28.618566,44.258216],[28.618561,44.258283],[28.618557,44.258334],[28.61856,44.258385],[28.618569,44.258441],[28.618574,44.258462],[28.618612,44.258634],[28.618613,44.258639],[28.618617,44.258657],[28.61862,44.258688],[28.618645,44.258712],[28.618658,44.258741],[28.618659,44.25877],[28.618647,44.258799],[28.618639,44.258817],[28.618609,44.258885],[28.618561,44.258981],[28.618502,44.259097],[28.618484,44.259148],[28.618444,44.259259],[28.618433,44.259317],[28.618432,44.259322],[28.618416,44.259477],[28.618413,44.259502],[28.618393,44.259681],[28.618387,44.259732],[28.618379,44.25986],[28.61837,44.259997],[28.618367,44.260039],[28.618356,44.260219],[28.618355,44.260238],[28.618348,44.260398],[28.618341,44.260578],[28.618334,44.260758],[28.618332,44.260805],[28.618333,44.260937],[28.618335,44.261117],[28.618337,44.261297],[28.618338,44.261437],[28.618338,44.261477],[28.618339,44.261656],[28.61834,44.261836],[28.61834,44.262016],[28.618341,44.262196],[28.618342,44.262376],[28.618342,44.262491],[28.618342,44.262556],[28.618343,44.262736],[28.618343,44.262916],[28.618343,44.263083],[28.618343,44.263095],[28.618343,44.263275],[28.618344,44.263455],[28.618344,44.263459],[28.618344,44.263624],[28.618344,44.263634],[28.61835,44.263794],[28.618351,44.263813],[28.618362,44.263993],[28.618367,44.264077],[28.618391,44.264165],[28.61841,44.264238],[28.618424,44.264272],[28.618426,44.264277]]},"properties":{"line":"100M","dir":"0","headsign":"Cap Linie Mamaia","mode":"bus","color":"#0059a9"}},{"type":"Feature","geometry":{"type":"LineString","coordinates":[[28.618426,44.264278],[28.61844,44.264312],[28.618466,44.264411],[28.618471,44.264456],[28.618475,44.264489],[28.61848,44.264497],[28.618485,44.264513],[28.618483,44.264537],[28.618474,44.26456],[28.618464,44.264571],[28.618435,44.264595],[28.618401,44.264608],[28.618396,44.26461],[28.618353,44.264615],[28.618309,44.26461],[28.618304,44.264608],[28.618271,44.264594],[28.618242,44.26457],[28.618226,44.26454],[28.618228,44.264506],[28.618242,44.264473],[28.618238,44.264361],[28.618234,44.264245],[28.618236,44.264184],[28.61824,44.264004],[28.618244,44.263824],[28.618245,44.263807],[28.618244,44.263714],[28.618244,44.263643],[28.618244,44.263624],[28.618243,44.263507],[28.618243,44.263463],[28.618243,44.263453],[28.618242,44.263283],[28.618241,44.263103],[28.61824,44.262981],[28.61824,44.262924],[28.618239,44.262744],[28.618238,44.262564],[28.618238,44.262497],[28.618237,44.262384],[28.618236,44.262204],[28.618235,44.262024],[28.618234,44.261844],[28.618234,44.261792],[28.618234,44.261665],[28.618234,44.261485],[28.618234,44.261305],[28.618234,44.261125],[28.618234,44.260945],[28.618234,44.260802],[28.618235,44.260767],[28.61824,44.260587],[28.618245,44.260407],[28.618249,44.260237],[28.61825,44.260229],[28.618263,44.26005],[28.618277,44.25987],[28.618288,44.259725],[28.618291,44.259692],[28.618309,44.259512],[28.618314,44.259464],[28.618327,44.259333],[28.618329,44.259313],[28.618358,44.259153],[28.618371,44.259081],[28.618386,44.258978],[28.618395,44.258917],[28.618401,44.25886],[28.6184,44.258801],[28.618387,44.258773],[28.618386,44.258772],[28.618387,44.25874],[28.618402,44.25871],[28.618428,44.258685],[28.61843,44.258619],[28.618433,44.258449],[28.618433,44.258442],[28.618443,44.258339],[28.618448,44.258262],[28.618452,44.25821],[28.618463,44.258107],[28.618466,44.258084],[28.618485,44.257904],[28.618487,44.257891],[28.618501,44.257758],[28.618505,44.257725],[28.618518,44.257606],[28.618525,44.257546],[28.618544,44.257366],[28.618562,44.257202],[28.618564,44.257187],[28.618584,44.257008],[28.618603,44.256836],[28.618603,44.256829],[28.618623,44.256649],[28.618636,44.256527],[28.618643,44.25647],[28.618647,44.256432],[28.618652,44.25639],[28.618663,44.256291],[28.618684,44.256112],[28.618685,44.256104],[28.618688,44.25608],[28.618705,44.255932],[28.618714,44.255852],[28.618718,44.255816],[28.618722,44.255779],[28.618725,44.255753],[28.618744,44.255582],[28.618745,44.255574],[28.61876,44.255435],[28.618764,44.255394],[28.618784,44.255215],[28.618803,44.255036],[28.618806,44.255015],[28.618823,44.254856],[28.618826,44.254833],[28.618843,44.254677],[28.618862,44.2545],[28.618862,44.254498],[28.618869,44.254439],[28.618878,44.254359],[28.618883,44.254319],[28.618896,44.254208],[28.618902,44.254139],[28.618913,44.254024],[28.618919,44.253959],[28.618936,44.25378],[28.618952,44.253603],[28.618952,44.253601],[28.618972,44.253421],[28.618991,44.253242],[28.619011,44.253063],[28.619028,44.252912],[28.619031,44.252884],[28.61905,44.252704],[28.619051,44.252692],[28.619066,44.252553],[28.61907,44.252525],[28.619089,44.252346],[28.619105,44.252203],[28.619109,44.252166],[28.619128,44.251987],[28.619148,44.251808],[28.619166,44.251642],[28.619167,44.251629],[28.619187,44.251449],[28.619207,44.25127],[28.619227,44.251091],[28.619247,44.250912],[28.619267,44.250732],[28.619275,44.250657],[28.619286,44.250553],[28.619305,44.250373],[28.619324,44.250194],[28.619342,44.250015],[28.619361,44.249835],[28.619365,44.249798],[28.619382,44.249656],[28.619403,44.249477],[28.619424,44.249298],[28.619445,44.249119],[28.619458,44.249018],[28.619464,44.248938],[28.61948,44.248759],[28.619483,44.248722],[28.619496,44.248579],[28.619497,44.248563],[28.619503,44.248498],[28.619492,44.248465],[28.619498,44.248431],[28.619509,44.248413],[28.61951,44.248403],[28.619529,44.248224],[28.619548,44.248054],[28.619549,44.248047],[28.619574,44.247874],[28.619575,44.247867],[28.619598,44.247688],[28.619612,44.24758],[28.619618,44.247507],[28.619623,44.247448],[28.619637,44.247329],[28.619657,44.247149],[28.619673,44.247004],[28.619676,44.246973],[28.619676,44.246971],[28.619699,44.246792],[28.619723,44.246613],[28.619746,44.246434],[28.619755,44.246361],[28.61977,44.246255],[28.619797,44.246077],[28.619823,44.245898],[28.619825,44.245884],[28.619857,44.245722],[28.619891,44.245543],[28.619892,44.245539],[28.619926,44.245356],[28.619926,44.245356],[28.619942,44.24527],[28.619976,44.245136],[28.620365,44.24378],[28.62043,44.243526],[28.620549,44.24306],[28.620574,44.242963],[28.620655,44.242645],[28.6207,44.24247],[28.620754,44.242258],[28.620786,44.242149],[28.620795,44.242111],[28.620835,44.241957],[28.620841,44.241935],[28.62089,44.241759],[28.62094,44.241583],[28.62099,44.241407],[28.621039,44.24123],[28.621089,44.241054],[28.621139,44.240878],[28.621148,44.240843],[28.621188,44.240701],[28.621235,44.240536],[28.621238,44.240524],[28.621285,44.240348],[28.621316,44.24023],[28.621332,44.240171],[28.621381,44.239995],[28.62143,44.239818],[28.621478,44.239642],[28.621483,44.239623],[28.62153,44.239467],[28.621583,44.239291],[28.621636,44.239115],[28.621684,44.238956],[28.621688,44.238939],[28.621738,44.238763],[28.621787,44.238586],[28.621835,44.238416],[28.621836,44.238412],[28.621875,44.238307],[28.621897,44.238236],[28.621951,44.238061],[28.622006,44.237885],[28.622034,44.237794],[28.622061,44.23771],[28.6221,44.237588],[28.622119,44.237536],[28.622165,44.237412],[28.622185,44.237363],[28.622192,44.237346],[28.622259,44.237205],[28.622265,44.237196],[28.622363,44.237031],[28.622363,44.237031],[28.622469,44.23687],[28.622547,44.236751],[28.622579,44.23671],[28.622697,44.236551],[28.622816,44.236393],[28.622935,44.236235],[28.622975,44.236182],[28.623042,44.236087],[28.623048,44.23608],[28.62308,44.236045],[28.623086,44.236021],[28.6231,44.235999],[28.623122,44.235981],[28.623156,44.235964],[28.623186,44.23592],[28.623254,44.235817],[28.623295,44.235761],[28.62341,44.235602],[28.623493,44.235487],[28.623525,44.235441],[28.623638,44.235281],[28.623687,44.235212],[28.62375,44.235119],[28.623859,44.234957],[28.623871,44.234939],[28.623932,44.234849],[28.623966,44.234791],[28.623995,44.234742],[28.624061,44.234623],[28.624153,44.234456],[28.624178,44.234411],[28.62424,44.234284],[28.624322,44.234114],[28.624405,44.233945],[28.624488,44.233775],[28.624531,44.233685],[28.62457,44.233605],[28.624608,44.233529],[28.624632,44.23348],[28.624653,44.233435],[28.624688,44.233364],[28.624737,44.233266],[28.624821,44.233097],[28.624904,44.232927],[28.624988,44.232757],[28.625047,44.232638],[28.625071,44.232587],[28.625152,44.232417],[28.625233,44.232246],[28.625234,44.232244],[28.62527,44.232175],[28.625314,44.232075],[28.625335,44.23203],[28.625393,44.231905],[28.625473,44.231735],[28.625553,44.231564],[28.625604,44.231456],[28.625631,44.23139],[28.625701,44.231218],[28.625768,44.231053],[28.625772,44.231043],[28.625835,44.230869],[28.62586,44.230802],[28.625899,44.230696],[28.625961,44.230529],[28.625964,44.23052],[28.626008,44.230385],[28.626021,44.230345],[28.626026,44.230329],[28.626069,44.230197],[28.626078,44.230171],[28.626141,44.229997],[28.626203,44.229823],[28.626266,44.229649],[28.626328,44.229474],[28.626391,44.2293],[28.626453,44.229126],[28.626516,44.228952],[28.626579,44.228778],[28.626641,44.228604],[28.626704,44.228429],[28.626766,44.228255],[28.626771,44.228243],[28.62683,44.228082],[28.626894,44.22791],[28.626895,44.227909],[28.626961,44.227735],[28.626992,44.227653],[28.62703,44.227564],[28.627048,44.227519],[28.6271,44.227409],[28.627106,44.227395],[28.627187,44.227225],[28.627267,44.227055],[28.627337,44.226908],[28.627348,44.226887],[28.627384,44.226817],[28.627436,44.226718],[28.627511,44.226575],[28.627524,44.226552],[28.627617,44.226384],[28.627653,44.226319],[28.62771,44.226217],[28.627803,44.22605],[28.627896,44.225883],[28.627989,44.225716],[28.628081,44.225549],[28.628136,44.225451],[28.628171,44.225377],[28.628184,44.22535],[28.628224,44.225267],[28.628248,44.225201],[28.6283,44.22506],[28.628309,44.225022],[28.62832,44.22497],[28.628334,44.224937],[28.628361,44.224907],[28.628383,44.224859],[28.628461,44.224689],[28.628499,44.224606],[28.628527,44.224508],[28.628568,44.224361],[28.628575,44.224329],[28.628615,44.224151],[28.628654,44.223973],[28.62869,44.223813],[28.628693,44.223793],[28.628722,44.223614],[28.628752,44.223435],[28.628781,44.223257],[28.62881,44.223078],[28.628839,44.222899],[28.628868,44.222721],[28.628877,44.222667],[28.628894,44.222562],[28.628897,44.222542],[28.628922,44.222381],[28.628924,44.222363],[28.628935,44.222294],[28.628952,44.222184],[28.628977,44.222014],[28.628978,44.222006],[28.629007,44.221828],[28.629035,44.22165],[28.629064,44.221472],[28.629067,44.221453],[28.62909,44.221334],[28.629099,44.221295],[28.629108,44.221259],[28.629125,44.221188],[28.629145,44.221119],[28.62915,44.221102],[28.629177,44.22102],[28.629208,44.220946],[28.629236,44.220877],[28.629275,44.220792],[28.629283,44.220775],[28.629349,44.220647],[28.629369,44.220606],[28.629453,44.220437],[28.629518,44.220306],[28.62954,44.220269],[28.62964,44.220104],[28.629739,44.219942],[28.62974,44.219939],[28.629831,44.219772],[28.629916,44.219616],[28.629921,44.219605],[28.629975,44.219502],[28.629993,44.219447],[28.629996,44.219437],[28.630012,44.219377],[28.630022,44.219335],[28.630032,44.219264],[28.630032,44.219262],[28.630033,44.219177],[28.630027,44.219111],[28.630022,44.219085],[28.630011,44.219037],[28.629965,44.218914],[28.629952,44.218877],[28.629888,44.218745],[28.629874,44.218714],[28.629865,44.218705],[28.629759,44.218592],[28.629717,44.218547],[28.629608,44.218448],[28.629519,44.218367],[28.629452,44.218307],[28.629297,44.218166],[28.629239,44.218114],[28.629141,44.218025],[28.628986,44.217884],[28.628842,44.217753],[28.628833,44.217742],[28.628704,44.217588],[28.628666,44.217542],[28.628562,44.217439],[28.628416,44.217293],[28.62827,44.217147],[28.628155,44.217033],[28.628129,44.216998],[28.628069,44.21692],[28.628017,44.216837],[28.627943,44.216719],[28.627891,44.216684],[28.627878,44.216676],[28.627822,44.21663],[28.627731,44.216545],[28.627679,44.216498],[28.62757,44.216407],[28.627407,44.21627],[28.627379,44.216247],[28.627254,44.216129],[28.627211,44.216088],[28.627159,44.21603],[28.627138,44.21599],[28.627141,44.215974],[28.627147,44.215943],[28.627177,44.2159],[28.627224,44.215868],[28.627281,44.215855],[28.627306,44.215855],[28.627469,44.215856],[28.627556,44.215859],[28.627783,44.215866],[28.627806,44.215868],[28.628057,44.215881],[28.62816,44.215886],[28.628225,44.215866],[28.628266,44.215839],[28.628275,44.215826],[28.628307,44.215781],[28.628313,44.215657],[28.628321,44.215511],[28.628322,44.215485],[28.62833,44.215334],[28.628331,44.215305],[28.628337,44.215126],[28.628343,44.214947],[28.628349,44.214767],[28.628355,44.214587],[28.628361,44.214408],[28.628361,44.2144],[28.628367,44.214228],[28.628373,44.214053],[28.628373,44.214048],[28.628382,44.213868],[28.628392,44.213688],[28.628401,44.213508],[28.628411,44.213329],[28.628421,44.213149],[28.62843,44.212969],[28.62844,44.21279],[28.628441,44.212762],[28.628456,44.212656],[28.62846,44.21261],[28.628477,44.21243],[28.628494,44.212251],[28.62851,44.212071],[28.628515,44.212018],[28.628522,44.211933],[28.628527,44.211892],[28.628547,44.211712],[28.628567,44.211533],[28.628587,44.211354],[28.628607,44.211175],[28.628627,44.210996],[28.628647,44.210816],[28.628667,44.210637],[28.628687,44.210458],[28.628696,44.21038],[28.628711,44.210283],[28.628712,44.210278],[28.628737,44.210099],[28.628762,44.209921],[28.628787,44.209742],[28.628812,44.209563],[28.628837,44.209384],[28.628862,44.209206],[28.628862,44.209205],[28.628891,44.209027],[28.628904,44.20895],[28.62892,44.208848],[28.62895,44.20867],[28.628979,44.208491],[28.629008,44.208312],[28.629021,44.208239],[28.629038,44.208134],[28.629059,44.208014],[28.62907,44.207955],[28.629103,44.207777],[28.629136,44.207599],[28.629169,44.20742],[28.629202,44.207242],[28.629235,44.207064],[28.629267,44.206885],[28.6293,44.206707],[28.629333,44.206529],[28.629338,44.206503],[28.629354,44.20643],[28.629371,44.20635],[28.629409,44.206173],[28.629448,44.205995],[28.629486,44.205817],[28.629496,44.205771],[28.629527,44.205639],[28.629538,44.205594],[28.629569,44.205462],[28.629612,44.205285],[28.629655,44.205108],[28.629698,44.20493],[28.629732,44.204792],[28.629742,44.204753],[28.629789,44.204577],[28.629836,44.2044],[28.629882,44.204224],[28.629929,44.204048],[28.629975,44.203872],[28.630019,44.203695],[28.630062,44.20352],[28.630062,44.203517],[28.630106,44.20334],[28.630127,44.203257],[28.630149,44.203163],[28.63018,44.20304],[28.630193,44.202986],[28.630236,44.202809],[28.63024,44.202794],[28.630283,44.202633],[28.630291,44.202603],[28.63032,44.202489],[28.630329,44.202456],[28.630345,44.2024],[28.630373,44.20229],[28.630375,44.202279],[28.630393,44.202211],[28.630419,44.202102],[28.630421,44.202093],[28.630459,44.201947],[28.630465,44.201925],[28.630466,44.201921],[28.630513,44.201749],[28.630561,44.201572],[28.630609,44.201396],[28.630657,44.201219],[28.630705,44.201043],[28.630709,44.201029],[28.630745,44.200865],[28.630785,44.200688],[28.630825,44.20051],[28.630836,44.200461],[28.630869,44.200334],[28.630869,44.200333],[28.630914,44.200156],[28.630917,44.200144],[28.630959,44.199979],[28.631003,44.199802],[28.631048,44.199625],[28.631093,44.199448],[28.631098,44.199431],[28.631138,44.199271],[28.631183,44.199094],[28.631195,44.199048],[28.6312,44.199029],[28.631293,44.198657],[28.631373,44.198334],[28.631523,44.197727],[28.631527,44.197709],[28.631659,44.197179],[28.631859,44.196528],[28.631922,44.196342],[28.631984,44.196115],[28.632019,44.195992],[28.632036,44.195932],[28.632437,44.194464],[28.632924,44.192698],[28.632988,44.192461],[28.632993,44.192443],[28.633042,44.192267],[28.63309,44.19209],[28.633139,44.191914],[28.633188,44.191738],[28.633237,44.191561],[28.633286,44.191385],[28.633335,44.191208],[28.633384,44.191032],[28.633386,44.191026],[28.633434,44.190856],[28.633485,44.19068],[28.633514,44.19058],[28.633535,44.190503],[28.633584,44.190327],[28.633633,44.190151],[28.633681,44.189974],[28.633705,44.189888],[28.633729,44.189797],[28.633777,44.189621],[28.633794,44.189555],[28.633824,44.189444],[28.633845,44.189368],[28.633871,44.189268],[28.633917,44.189091],[28.633961,44.188921],[28.633963,44.188914],[28.633978,44.188863],[28.634019,44.188739],[28.634076,44.188564],[28.63408,44.18855],[28.634134,44.188389],[28.634176,44.188266],[28.634194,44.188214],[28.634253,44.188039],[28.634313,44.187865],[28.634372,44.18769],[28.634432,44.187515],[28.634442,44.187487],[28.634489,44.18734],[28.634544,44.187165],[28.6346,44.186989],[28.634656,44.186814],[28.634712,44.186639],[28.634768,44.186463],[28.634824,44.186288],[28.634838,44.186244],[28.63488,44.186113],[28.634937,44.185938],[28.634993,44.185763],[28.63505,44.185588],[28.635106,44.185412],[28.635163,44.185237],[28.635219,44.185064],[28.635219,44.185061],[28.635262,44.184883],[28.63527,44.184851],[28.635285,44.18477],[28.635292,44.184733],[28.635298,44.184705],[28.635332,44.184528],[28.635366,44.184353],[28.635389,44.184236],[28.6354,44.184175],[28.635431,44.183997],[28.635433,44.183985],[28.635451,44.18389],[28.635464,44.183818],[28.635496,44.18364],[28.635529,44.183462],[28.635561,44.183283],[28.635589,44.183135],[28.635593,44.183105],[28.63562,44.182927],[28.635647,44.182748],[28.635671,44.182592],[28.635673,44.182569],[28.635686,44.182389],[28.6357,44.18221],[28.635714,44.18203],[28.635714,44.18203],[28.635724,44.18185],[28.635735,44.181671],[28.63574,44.18157],[28.635745,44.181491],[28.635756,44.181311],[28.635767,44.181132],[28.635778,44.180952],[28.635789,44.180772],[28.635798,44.180625],[28.6358,44.180593],[28.635815,44.180413],[28.63583,44.180234],[28.635831,44.180223],[28.63584,44.18011],[28.635844,44.180054],[28.635851,44.179974],[28.635859,44.179874],[28.635874,44.179695],[28.635878,44.17965],[28.635884,44.179516],[28.635893,44.179336],[28.635902,44.179156],[28.635911,44.178976],[28.63592,44.178797],[28.635929,44.178617],[28.635938,44.178437],[28.635947,44.178257],[28.635956,44.178078],[28.635965,44.177898],[28.635974,44.177718],[28.635983,44.177538],[28.635989,44.177414],[28.635992,44.17736],[28.636001,44.177185],[28.636006,44.177075],[28.636009,44.177015],[28.636018,44.176837],[28.636026,44.176673],[28.636027,44.176665],[28.636034,44.176485],[28.636041,44.176305],[28.636046,44.176185],[28.636052,44.176126],[28.63607,44.175946],[28.636088,44.175767],[28.636106,44.175588],[28.636124,44.175408],[28.636142,44.175229],[28.63616,44.175049],[28.636178,44.17487],[28.636187,44.174773],[28.636196,44.174691],[28.636204,44.174615],[28.636222,44.174513],[28.636255,44.174334],[28.636288,44.174156],[28.6363,44.174089],[28.636323,44.173978],[28.63636,44.1738],[28.636393,44.173642],[28.636397,44.173622],[28.636418,44.173519],[28.636434,44.173444],[28.636455,44.173342],[28.636468,44.173276],[28.636501,44.173119],[28.636538,44.172941],[28.636545,44.172906],[28.636575,44.172763],[28.636591,44.172689],[28.636612,44.172586],[28.63662,44.172545],[28.636643,44.172426],[28.636646,44.172408],[28.636679,44.17223],[28.63668,44.172222],[28.636711,44.172051],[28.636743,44.171873],[28.636776,44.171695],[28.636808,44.171516],[28.63684,44.171338],[28.636873,44.17116],[28.636905,44.170981],[28.636938,44.170803],[28.636958,44.170692],[28.636968,44.170625],[28.636974,44.170584],[28.637001,44.170446],[28.637027,44.170318],[28.637038,44.170267],[28.637073,44.170119],[28.63708,44.17009],[28.637122,44.169912],[28.637157,44.169766],[28.637165,44.169735],[28.637191,44.169632],[28.637205,44.169559],[28.637213,44.169515],[28.637223,44.169429],[28.637222,44.169385],[28.637222,44.169315],[28.637211,44.169222],[28.637209,44.169213],[28.637182,44.169088],[28.637164,44.169042],[28.637125,44.168948],[28.637087,44.168875],[28.63706,44.168821],[28.636985,44.168715],[28.636962,44.168683],[28.636875,44.168587],[28.636858,44.168572],[28.636753,44.168484],[28.636694,44.168444],[28.63651,44.168322],[28.636326,44.1682],[28.636289,44.168176],[28.636141,44.168079],[28.635983,44.167975],[28.635957,44.167959],[28.635767,44.167842],[28.635594,44.167735],[28.635576,44.167723],[28.635414,44.167613],[28.63539,44.167596],[28.635176,44.167677],[28.634998,44.167745],[28.634954,44.167762],[28.634734,44.167849],[28.634729,44.167851],[28.634518,44.167942],[28.634477,44.16796],[28.634314,44.168042],[28.634311,44.168044],[28.634211,44.168094],[28.634156,44.168124],[28.634107,44.168153],[28.634105,44.168154],[28.63405,44.168191],[28.633994,44.16824],[28.633959,44.168277],[28.633943,44.168298],[28.633923,44.168323],[28.633877,44.168394],[28.633837,44.168464],[28.633742,44.16863],[28.633678,44.168745],[28.633649,44.168798],[28.633617,44.168859],[28.633557,44.168964],[28.633473,44.169113],[28.633463,44.169131],[28.633396,44.169247],[28.633396,44.169247],[28.633269,44.16921],[28.633166,44.16918],[28.633062,44.169149],[28.633003,44.169244],[28.632878,44.169206],[28.632648,44.169135],[28.63241,44.169062],[28.632441,44.169005]]},"properties":{"line":"100M","dir":"1","headsign":"Cap Linie Gara","mode":"bus","color":"#0059a9"}},{"type":"Feature","geometry":{"type":"LineString","coordinates":[[28.586615,44.159063],[28.586577,44.15924],[28.586574,44.159255],[28.586538,44.159418],[28.586498,44.159595],[28.586462,44.159757],[28.586458,44.159773],[28.586416,44.15995],[28.586375,44.160128],[28.586333,44.160305],[28.586305,44.160423],[28.586308,44.160475],[28.586315,44.16057],[28.586365,44.160632],[28.586397,44.160673],[28.586552,44.160738],[28.586769,44.160829],[28.586986,44.160919],[28.587202,44.16101],[28.587252,44.161031],[28.587419,44.161101],[28.587635,44.161191],[28.587852,44.161282],[28.587884,44.161295],[28.588069,44.161373],[28.588286,44.161463],[28.588502,44.161554],[28.588639,44.161611],[28.588719,44.161644],[28.588817,44.161685],[28.588936,44.161735],[28.589152,44.161826],[28.589218,44.161853],[28.589369,44.161916],[28.589586,44.162007],[28.589802,44.162098],[28.590019,44.162188],[28.590235,44.162278],[28.590256,44.162287],[28.590426,44.162378],[28.590439,44.162388],[28.590533,44.162459],[28.590579,44.162548],[28.590618,44.162623],[28.590619,44.162735],[28.590619,44.162788],[28.59058,44.162921],[28.590551,44.163024],[28.590529,44.163097],[28.590478,44.163273],[28.590438,44.163412],[28.590428,44.163449],[28.590419,44.16348],[28.590379,44.163625],[28.590353,44.163719],[28.59033,44.163802],[28.590313,44.163867],[28.590312,44.163959],[28.590316,44.163966],[28.590371,44.164067],[28.590449,44.164098],[28.590523,44.164127],[28.590691,44.164162],[28.590709,44.164166],[28.590941,44.1642],[28.591187,44.164236],[28.591285,44.16425],[28.591433,44.164272],[28.591519,44.164284],[28.591679,44.164308],[28.591925,44.164344],[28.592171,44.16438],[28.592407,44.164414],[28.592416,44.164415],[28.592552,44.164435],[28.592664,44.16445],[28.592775,44.164465],[28.59291,44.164483],[28.593126,44.164512],[28.593157,44.164516],[28.593403,44.164549],[28.59365,44.164582],[28.593897,44.164615],[28.594143,44.164648],[28.59439,44.164681],[28.594636,44.164714],[28.594709,44.164724],[28.594883,44.164747],[28.59513,44.16478],[28.595376,44.164813],[28.595496,44.164829],[28.595623,44.164846],[28.595779,44.164867],[28.595869,44.164879],[28.596015,44.1649],[28.596115,44.164914],[28.596189,44.164925],[28.596362,44.164948],[28.596367,44.164949],[28.596608,44.164982],[28.596854,44.165017],[28.5971,44.165052],[28.597346,44.165087],[28.597592,44.165122],[28.597836,44.165156],[28.598049,44.165186],[28.598138,44.165199],[28.598282,44.165125],[28.598487,44.165021],[28.598661,44.164932],[28.598691,44.164917],[28.598789,44.164867],[28.598896,44.164813],[28.598938,44.164792],[28.598961,44.16478],[28.599101,44.164711],[28.599308,44.164609],[28.599514,44.164507],[28.599647,44.164441],[28.599721,44.164405],[28.599928,44.164302],[28.600134,44.1642],[28.600256,44.16414],[28.60034,44.164099],[28.600341,44.164098],[28.600353,44.164092],[28.6005,44.16402],[28.600547,44.163997],[28.600698,44.163923],[28.600755,44.163895],[28.600961,44.163792],[28.601043,44.163752],[28.601167,44.16369],[28.601196,44.163676],[28.601273,44.163638],[28.601374,44.163588],[28.601481,44.163535],[28.60158,44.163486],[28.601787,44.163384],[28.60199,44.163284],[28.601993,44.163282],[28.6022,44.16318],[28.602407,44.163078],[28.602613,44.162976],[28.602684,44.162941],[28.60282,44.162874],[28.602906,44.162831],[28.603026,44.162772],[28.603193,44.16269],[28.603233,44.16267],[28.60344,44.162568],[28.603461,44.162558],[28.603635,44.162471],[28.603646,44.162466],[28.60377,44.162405],[28.60385,44.162365],[28.60404,44.162272],[28.604245,44.162171],[28.604346,44.16212],[28.604346,44.16212],[28.604434,44.162077],[28.604447,44.16207],[28.604534,44.162027],[28.604653,44.161969],[28.604882,44.161856],[28.604882,44.161856],[28.605066,44.161765],[28.605258,44.16167],[28.605272,44.161663],[28.605479,44.161561],[28.605503,44.16155],[28.605686,44.16146],[28.605698,44.161454],[28.605893,44.161358],[28.6061,44.161256],[28.606307,44.161154],[28.606513,44.161052],[28.60672,44.16095],[28.606926,44.160849],[28.607132,44.160748],[28.607337,44.160647],[28.607513,44.16056],[28.607543,44.160546],[28.607735,44.160451],[28.607749,44.160444],[28.607956,44.160342],[28.608163,44.16024],[28.608244,44.1602],[28.60837,44.160138],[28.608577,44.160036],[28.608783,44.159935],[28.60899,44.159833],[28.609197,44.159731],[28.609404,44.159629],[28.609611,44.159527],[28.60962,44.159523],[28.609817,44.159425],[28.609865,44.159402],[28.610024,44.159324],[28.610035,44.159318],[28.610231,44.159222],[28.610438,44.159121],[28.610443,44.159119],[28.610645,44.159019],[28.610851,44.158916],[28.610871,44.158907],[28.611058,44.158815],[28.611224,44.158733],[28.611265,44.158713],[28.611339,44.158676],[28.611452,44.158621],[28.611475,44.158602],[28.611523,44.158564],[28.611568,44.158512],[28.611597,44.158441],[28.611601,44.158433],[28.611614,44.158406],[28.611648,44.158374],[28.611693,44.158351],[28.611747,44.158339],[28.611762,44.158339],[28.611801,44.158339],[28.611885,44.158326],[28.611981,44.158298],[28.611997,44.158292],[28.612097,44.158251],[28.612175,44.158204],[28.612203,44.158187],[28.612394,44.158071],[28.612586,44.157955],[28.612778,44.157839],[28.612969,44.157723],[28.613161,44.157607],[28.613353,44.157491],[28.613544,44.157375],[28.613563,44.157364],[28.613646,44.157313],[28.613735,44.157258],[28.613926,44.157141],[28.613969,44.157114],[28.614099,44.157001],[28.614158,44.15695],[28.614257,44.156864],[28.614373,44.156763],[28.614417,44.156726],[28.61443,44.156714],[28.614434,44.156673],[28.614462,44.15662],[28.614514,44.156577],[28.614516,44.156576],[28.614587,44.156548],[28.614632,44.156541],[28.614707,44.156544],[28.614732,44.15655],[28.614743,44.156546],[28.61496,44.156457],[28.615018,44.156433],[28.615173,44.15637],[28.615329,44.156306],[28.615391,44.156267],[28.615526,44.156182],[28.615579,44.156148],[28.615767,44.156029],[28.615955,44.15591],[28.616143,44.155791],[28.616237,44.155732],[28.616331,44.155672],[28.616519,44.155553],[28.616655,44.155467],[28.616707,44.155434],[28.616895,44.155315],[28.617083,44.155196],[28.617271,44.155077],[28.617459,44.154958],[28.617647,44.154839],[28.617666,44.154828],[28.617836,44.15472],[28.618024,44.154602],[28.618073,44.15457],[28.618098,44.154555],[28.618213,44.154484],[28.618373,44.154386],[28.618403,44.154367],[28.618497,44.154309],[28.618593,44.15425],[28.618662,44.154207],[28.618778,44.154136],[28.618783,44.154132],[28.618973,44.154015],[28.619034,44.153978],[28.619141,44.153912],[28.619163,44.153898],[28.619215,44.153866],[28.619354,44.153781],[28.619544,44.153664],[28.619647,44.1536],[28.619734,44.153546],[28.619924,44.153429],[28.620053,44.15335],[28.620114,44.153312],[28.620252,44.153227],[28.620306,44.153177],[28.620311,44.153172],[28.620429,44.153063],[28.620431,44.153044],[28.62044,44.153027],[28.620456,44.153012],[28.620479,44.153003],[28.620505,44.152999],[28.62053,44.153001],[28.620632,44.152966],[28.620728,44.152932],[28.62082,44.152876],[28.620849,44.152859],[28.620925,44.152812],[28.62104,44.152742],[28.621231,44.152626],[28.621367,44.152543],[28.621422,44.152509],[28.621614,44.152393],[28.621805,44.152277],[28.621996,44.15216],[28.622078,44.15211],[28.622185,44.152045],[28.622226,44.15202],[28.622248,44.151963],[28.62234,44.151892],[28.622512,44.151761],[28.622593,44.1517],[28.622689,44.151639],[28.622877,44.151519],[28.62303,44.151421],[28.623064,44.151401],[28.623182,44.151328],[28.623254,44.151284],[28.623445,44.151167],[28.623636,44.15105],[28.623827,44.150933],[28.624017,44.150817],[28.624207,44.150701],[28.624233,44.150685],[28.624417,44.150628],[28.624502,44.150601],[28.624647,44.150542],[28.624663,44.150536],[28.624806,44.150457],[28.624858,44.150425],[28.625002,44.150336],[28.625048,44.150297],[28.625144,44.150213],[28.625199,44.150147],[28.625257,44.150078],[28.625318,44.149987],[28.625426,44.149827],[28.625459,44.149778],[28.625504,44.149644],[28.625528,44.14957],[28.625537,44.149456],[28.62554,44.149424],[28.625551,44.149278],[28.625553,44.149253],[28.625551,44.149205],[28.62554,44.14915],[28.625523,44.149094],[28.625522,44.14909],[28.62549,44.149014],[28.625448,44.148941],[28.625431,44.148914],[28.625413,44.148886],[28.625364,44.14882],[28.625308,44.148753],[28.625181,44.148598],[28.625108,44.148509],[28.625056,44.148444],[28.62501,44.148388],[28.624936,44.148296],[28.62493,44.148289],[28.624808,44.148132],[28.624746,44.148054],[28.624685,44.147975],[28.624563,44.147818],[28.624471,44.1477],[28.624441,44.147661],[28.624319,44.147504],[28.624196,44.147347],[28.624074,44.14719],[28.624032,44.147136],[28.624,44.147094],[28.623951,44.147033],[28.623891,44.146957],[28.623832,44.146877],[28.623733,44.146743],[28.623722,44.146725],[28.623655,44.146605],[28.623637,44.146563],[28.623567,44.146401],[28.623539,44.146229],[28.623548,44.146084],[28.623552,44.146062],[28.623575,44.145954],[28.623595,44.145888],[28.623646,44.145713],[28.623648,44.145708],[28.623715,44.145545],[28.623737,44.145493],[28.623747,44.145467],[28.623782,44.145369],[28.623845,44.145193],[28.62387,44.14511],[28.623888,44.145037],[28.623893,44.145014],[28.623904,44.144965],[28.62392,44.144893],[28.623931,44.144841],[28.623933,44.14483],[28.623934,44.144788],[28.623952,44.144749],[28.623984,44.144712],[28.624034,44.144682],[28.624097,44.144663],[28.624156,44.144659],[28.624184,44.144663],[28.624215,44.144667],[28.624262,44.144683],[28.624302,44.144706],[28.624333,44.144736],[28.624354,44.144773],[28.624362,44.144812],[28.624355,44.144852],[28.624344,44.144876],[28.624319,44.144906],[28.624285,44.144932],[28.624243,44.144952],[28.624195,44.144964],[28.624144,44.144968],[28.62419,44.145009],[28.624225,44.14504],[28.624268,44.145125],[28.624309,44.145207],[28.624352,44.145293],[28.624436,44.145462],[28.624477,44.145545],[28.624519,44.145632],[28.624529,44.145652],[28.624602,44.145802],[28.624629,44.145857],[28.624685,44.145972],[28.624767,44.146141],[28.624849,44.146311],[28.624885,44.146385],[28.624932,44.14648],[28.625014,44.14665],[28.625097,44.14682],[28.625163,44.146956],[28.62518,44.14699],[28.625264,44.147159],[28.625348,44.147328],[28.625432,44.147498],[28.625458,44.14755],[28.625518,44.147667],[28.625603,44.147836],[28.625688,44.148005],[28.625774,44.148174],[28.625859,44.148344],[28.625945,44.148513],[28.62603,44.148682],[28.626116,44.148851],[28.626201,44.14902],[28.626287,44.149189],[28.626372,44.149358],[28.626458,44.149527],[28.62647,44.149552],[28.626543,44.149696],[28.626629,44.149865],[28.626714,44.150034],[28.626799,44.150203],[28.626842,44.150289],[28.626883,44.150373],[28.626966,44.150542],[28.627049,44.150712],[28.627132,44.150882],[28.627215,44.151052],[28.627298,44.151221],[28.627381,44.151391],[28.627464,44.151561],[28.627547,44.151731],[28.62763,44.1519],[28.62768,44.152002],[28.627712,44.15207],[28.627793,44.15224],[28.627874,44.15241],[28.627955,44.152581],[28.628036,44.152751],[28.628117,44.152921],[28.628197,44.153091],[28.628226,44.153152],[28.628279,44.153261],[28.628348,44.153404],[28.628362,44.153432],[28.628447,44.153601],[28.628501,44.153707],[28.628535,44.15377],[28.628627,44.153937],[28.628675,44.154024],[28.62872,44.154104],[28.628783,44.154216],[28.628815,44.154269],[28.628835,44.154304],[28.628911,44.15443],[28.628911,44.15443],[28.629001,44.154576],[28.62901,44.15459],[28.629119,44.154752],[28.629179,44.15484],[28.62923,44.154914],[28.629336,44.155066],[28.629447,44.155227],[28.629456,44.15524],[28.629563,44.155388],[28.629679,44.155547],[28.629788,44.155696],[28.629796,44.155707],[28.629859,44.15579],[28.629914,44.155865],[28.630016,44.156004],[28.630033,44.156025],[28.630155,44.156182],[28.630278,44.156339],[28.6304,44.156496],[28.630523,44.156653],[28.630645,44.15681],[28.630768,44.156967],[28.63089,44.157124],[28.630937,44.157185],[28.631013,44.157281],[28.631102,44.157395],[28.631132,44.157437],[28.631222,44.157563],[28.631213,44.157564],[28.631067,44.157571],[28.630962,44.157574],[28.630711,44.15758],[28.630663,44.157581],[28.63046,44.157586],[28.630216,44.157593],[28.63021,44.157593],[28.629987,44.157599],[28.629959,44.1576],[28.629708,44.157606],[28.629458,44.157613],[28.629451,44.157613],[28.629207,44.157617],[28.629184,44.157617],[28.628956,44.157623],[28.62874,44.157628],[28.628732,44.157658],[28.628711,44.157684],[28.628679,44.157703],[28.62864,44.157714],[28.628622,44.157715],[28.628626,44.157883],[28.628627,44.157956],[28.628631,44.158062],[28.628634,44.158147],[28.628639,44.158241],[28.62865,44.158421],[28.628661,44.158601],[28.628667,44.158699],[28.628671,44.15878],[28.62868,44.158921],[28.628682,44.15896],[28.628692,44.15914],[28.628702,44.15932],[28.628711,44.159499],[28.628719,44.159642],[28.628722,44.159678],[28.628728,44.15975],[28.628734,44.159817],[28.628745,44.159853],[28.628752,44.159875],[28.62878,44.159946],[28.628815,44.160021],[28.628875,44.16015],[28.628897,44.16019],[28.628988,44.160357],[28.62908,44.160525],[28.629089,44.160543],[28.629171,44.160693],[28.629262,44.16086],[28.629353,44.161028],[28.629444,44.161195],[28.629535,44.161363],[28.629626,44.16153],[28.629717,44.161698],[28.629808,44.161866],[28.629851,44.161943],[28.629895,44.162035],[28.629917,44.16208],[28.629986,44.162202],[28.630012,44.162249],[28.630078,44.162369],[28.630095,44.162399],[28.630138,44.162478],[28.63017,44.162537],[28.63026,44.162705],[28.630349,44.162873],[28.630439,44.163041],[28.630493,44.163141],[28.630529,44.163208],[28.63059,44.16332],[28.630618,44.163377],[28.630703,44.163546],[28.630789,44.163715],[28.630868,44.163873],[28.630874,44.163884],[28.630966,44.164051],[28.631057,44.164219],[28.631149,44.164386],[28.631219,44.164514],[28.631241,44.164553],[28.631334,44.16472],[28.631428,44.164887],[28.631467,44.164958],[28.631521,44.165054],[28.631615,44.165221],[28.631709,44.165388],[28.631803,44.165554],[28.631846,44.165631],[28.631905,44.165717],[28.631996,44.165851],[28.632016,44.165877],[28.632135,44.166036],[28.632187,44.166104],[28.632274,44.166182],[28.632281,44.166188],[28.632392,44.166343],[28.632399,44.166353],[28.632479,44.166513],[28.632518,44.166591],[28.632561,44.166683],[28.632639,44.166854],[28.632644,44.166864],[28.632698,44.166995],[28.632711,44.167027],[28.632779,44.167192],[28.632781,44.167201],[28.632832,44.167375],[28.632832,44.167376],[28.63287,44.167552],[28.63289,44.16764],[28.632909,44.16773],[28.632948,44.167908],[28.632952,44.167926],[28.632956,44.167991],[28.632946,44.168086],[28.632939,44.168097],[28.632862,44.168231],[28.632843,44.168263],[28.632747,44.168429],[28.632651,44.168595],[28.632556,44.168762],[28.632544,44.168781],[28.632516,44.168864],[28.632516,44.168864],[28.632591,44.168891],[28.632636,44.168907],[28.632797,44.168964],[28.632873,44.169045],[28.632935,44.169112],[28.632978,44.169124],[28.633007,44.169133],[28.633032,44.16914],[28.633062,44.169149],[28.633262,44.169208],[28.633269,44.16921],[28.633396,44.169247],[28.633494,44.169276],[28.633642,44.169319],[28.633726,44.169344],[28.633767,44.169356],[28.633958,44.169413],[28.634156,44.169473],[28.634189,44.169483],[28.634422,44.16955],[28.634646,44.169615],[28.634654,44.169617],[28.634887,44.169685],[28.635119,44.169753],[28.635351,44.169821],[28.635583,44.169889],[28.635816,44.169957],[28.636048,44.170025],[28.63628,44.170093],[28.636512,44.170161],[28.636742,44.170228],[28.636745,44.170229],[28.636756,44.170232],[28.636974,44.170301],[28.637027,44.170318],[28.637177,44.170365],[28.637204,44.170373],[28.637433,44.170445],[28.637458,44.170453],[28.637479,44.170462],[28.637617,44.170521],[28.637649,44.170535],[28.637784,44.170593],[28.63786,44.170631],[28.637915,44.170657],[28.638061,44.170738],[28.638125,44.170773],[28.638248,44.170857],[28.638345,44.170924],[28.638429,44.170982],[28.63844,44.170989],[28.638601,44.171112],[28.638611,44.17112],[28.638733,44.171214],[28.638772,44.171244],[28.638943,44.171375],[28.639114,44.171507],[28.639135,44.171523],[28.639285,44.171638],[28.639456,44.17177],[28.639627,44.171901],[28.639758,44.172002],[28.639798,44.172033],[28.639823,44.172052],[28.639968,44.172165],[28.640139,44.172296],[28.64031,44.172428],[28.640411,44.172507],[28.64048,44.17256],[28.640481,44.172561],[28.64065,44.172692],[28.640821,44.172824],[28.640851,44.172848],[28.640993,44.172955],[28.641165,44.173086],[28.641338,44.173217],[28.641342,44.17322],[28.64151,44.173347],[28.641682,44.173478],[28.641775,44.173548],[28.641826,44.173586],[28.641855,44.173608],[28.642027,44.173739],[28.642112,44.173804],[28.642117,44.173808],[28.642208,44.173864],[28.642253,44.173893],[28.64241,44.173971],[28.642617,44.174072],[28.642634,44.174081],[28.642824,44.174174],[28.643031,44.174276],[28.643238,44.174377],[28.643445,44.174479],[28.643652,44.17458],[28.643859,44.174682],[28.644066,44.174784],[28.644144,44.174822],[28.644273,44.174885],[28.644276,44.174887],[28.644282,44.17489],[28.644476,44.174985],[28.64448,44.174987],[28.644687,44.175088],[28.644808,44.175148],[28.644894,44.17519],[28.645101,44.175292],[28.645308,44.175393],[28.645515,44.175495],[28.645722,44.175596],[28.645794,44.175632],[28.645929,44.175698],[28.646136,44.1758],[28.646294,44.175877],[28.646343,44.175901],[28.64655,44.176003],[28.646757,44.176104],[28.646964,44.176206],[28.647171,44.176308],[28.647378,44.176409],[28.647585,44.176511],[28.647792,44.176612],[28.647998,44.176713],[28.648046,44.176737],[28.648164,44.176795],[28.648219,44.176747],[28.648267,44.176706],[28.648381,44.176609],[28.648543,44.176472],[28.648706,44.176335],[28.648868,44.176198],[28.649031,44.176061],[28.64907,44.176028],[28.649194,44.175925],[28.649358,44.175788],[28.649364,44.175783],[28.649521,44.175652],[28.649684,44.175515],[28.649687,44.175513],[28.649768,44.175447],[28.649851,44.175381],[28.649867,44.175369],[28.649928,44.175334],[28.649997,44.175305],[28.650077,44.175288],[28.6501,44.175283],[28.650232,44.175272],[28.650286,44.175276],[28.650368,44.175283],[28.650475,44.175299],[28.65053,44.175312],[28.650575,44.175323],[28.650664,44.175354],[28.650759,44.175395],[28.650972,44.175486],[28.651051,44.175519],[28.651189,44.175519],[28.651217,44.175521],[28.651253,44.175525],[28.651331,44.175541],[28.651411,44.175557],[28.651443,44.175557],[28.651493,44.175557],[28.651594,44.175523],[28.651676,44.175466],[28.651691,44.175449],[28.651787,44.175341],[28.651833,44.175307],[28.651924,44.17524],[28.652027,44.175202],[28.652176,44.175146],[28.652239,44.175123],[28.652428,44.175052],[28.652473,44.175046],[28.652577,44.175032],[28.652697,44.175031],[28.652768,44.17503],[28.652962,44.174961],[28.653187,44.174881],[28.653411,44.1748],[28.653636,44.17472],[28.65386,44.17464],[28.654085,44.174559],[28.654309,44.174479],[28.654533,44.174399],[28.654758,44.174319],[28.654982,44.174239],[28.655207,44.174158],[28.655431,44.174078],[28.655655,44.173998],[28.65575,44.173964],[28.65588,44.173908],[28.656095,44.173815],[28.656103,44.173812],[28.656305,44.173709],[28.65642,44.173651],[28.65651,44.1736],[28.656699,44.173492],[28.656712,44.173484],[28.656897,44.173362],[28.656949,44.173328],[28.657062,44.17325],[28.657081,44.173237],[28.657256,44.173114],[28.657299,44.173085],[28.657433,44.172981],[28.657602,44.172848],[28.657609,44.172843],[28.657707,44.17268],[28.657714,44.172672],[28.657849,44.172522],[28.657874,44.172495],[28.657987,44.172372],[28.658119,44.172229],[28.658125,44.172218],[28.658221,44.172052],[28.658318,44.171887],[28.658374,44.171791],[28.658429,44.171728],[28.658563,44.171576],[28.658693,44.171428],[28.658696,44.171424],[28.658773,44.171337],[28.658793,44.171314],[28.65883,44.171272],[28.658958,44.171126],[28.658966,44.17112],[28.659129,44.170985],[28.659195,44.170931],[28.659289,44.170845],[28.659393,44.170752],[28.659434,44.170693],[28.659462,44.170653],[28.659488,44.170602],[28.659508,44.170552],[28.659519,44.170512],[28.659541,44.17043],[28.659578,44.170339],[28.659599,44.170302],[28.659623,44.170281],[28.659687,44.170247],[28.659744,44.170247],[28.659791,44.170257],[28.659831,44.170274],[28.659854,44.170291],[28.659879,44.170325],[28.659896,44.170369],[28.659853,44.170409],[28.65979,44.170455],[28.659676,44.170532],[28.659644,44.170562],[28.659591,44.170619],[28.659563,44.170653],[28.659541,44.170683],[28.659486,44.170758],[28.659432,44.170844],[28.659395,44.170904],[28.659319,44.171004],[28.659253,44.171089]]},"properties":{"line":"101","dir":"0","headsign":"Cap Linie Poarta 1","mode":"bus","color":"#0059a9"}},{"type":"Feature","geometry":{"type":"LineString","coordinates":[[28.659253,44.171089],[28.659159,44.171213],[28.659133,44.171246],[28.659103,44.171285],[28.658987,44.171389],[28.658958,44.171415],[28.658854,44.1715],[28.658831,44.171527],[28.658702,44.171677],[28.65857,44.17183],[28.658438,44.171983],[28.658319,44.172121],[28.658307,44.172136],[28.658184,44.172292],[28.658127,44.172366],[28.658045,44.172446],[28.657898,44.172591],[28.657779,44.172707],[28.657743,44.172736],[28.657609,44.172843],[28.657575,44.17287],[28.657405,44.173002],[28.657299,44.173085],[28.657231,44.173132],[28.657062,44.17325],[28.657051,44.173257],[28.656949,44.173328],[28.656869,44.173381],[28.656699,44.173492],[28.656681,44.173503],[28.656484,44.173614],[28.65642,44.173651],[28.656281,44.173722],[28.656103,44.173812],[28.656072,44.173825],[28.655858,44.173918],[28.65575,44.173964],[28.655636,44.174005],[28.655412,44.174085],[28.655187,44.174165],[28.654963,44.174246],[28.654739,44.174326],[28.654514,44.174406],[28.65429,44.174486],[28.654065,44.174567],[28.653841,44.174647],[28.653616,44.174727],[28.653392,44.174807],[28.653167,44.174888],[28.652943,44.174968],[28.652768,44.17503],[28.652718,44.175048],[28.652552,44.175108],[28.652494,44.175129],[28.652389,44.175167],[28.652282,44.175217],[28.652076,44.175316],[28.65205,44.175328],[28.651993,44.175361],[28.651914,44.17541],[28.651888,44.175434],[28.651855,44.175465],[28.651757,44.175571],[28.651718,44.175612],[28.651693,44.175653],[28.65167,44.175688],[28.651669,44.175711],[28.651659,44.175731],[28.65164,44.175748],[28.651614,44.17576],[28.651585,44.175765],[28.651554,44.175763],[28.651526,44.175754],[28.651503,44.175739],[28.651475,44.175725],[28.651269,44.175622],[28.651122,44.175548],[28.651056,44.175521],[28.651051,44.175519],[28.650841,44.17543],[28.650664,44.175354],[28.650618,44.175338],[28.650575,44.175323],[28.650475,44.175299],[28.650368,44.175283],[28.650363,44.175283],[28.650232,44.175272],[28.650112,44.175282],[28.6501,44.175283],[28.649997,44.175305],[28.649928,44.175334],[28.649874,44.175364],[28.649867,44.175369],[28.649768,44.175447],[28.649699,44.175503],[28.649687,44.175513],[28.649537,44.175638],[28.649374,44.175774],[28.649364,44.175783],[28.649213,44.175909],[28.64907,44.176028],[28.649054,44.176042],[28.648891,44.176179],[28.648729,44.176316],[28.648566,44.176453],[28.648404,44.17659],[28.648267,44.176706],[28.648242,44.176727],[28.648164,44.176795],[28.648081,44.176865],[28.64804,44.176901],[28.64792,44.177003],[28.647759,44.177141],[28.647598,44.177279],[28.647444,44.177411],[28.647437,44.177417],[28.647276,44.177554],[28.647115,44.177692],[28.646954,44.17783],[28.646792,44.177968],[28.646631,44.178106],[28.64647,44.178243],[28.646364,44.178334],[28.646311,44.17838],[28.646303,44.178387],[28.646245,44.178437],[28.646193,44.178481],[28.64615,44.178518],[28.645989,44.178655],[28.645828,44.178793],[28.645667,44.178931],[28.645564,44.179019],[28.645506,44.179069],[28.645473,44.179097],[28.645345,44.179206],[28.645184,44.179344],[28.645023,44.179482],[28.644926,44.179565],[28.644862,44.17962],[28.644701,44.179758],[28.64454,44.179896],[28.644487,44.179942],[28.644379,44.180034],[28.644218,44.180172],[28.644057,44.18031],[28.644037,44.180327],[28.643896,44.180448],[28.643735,44.180586],[28.643616,44.180688],[28.643573,44.180724],[28.643465,44.180814],[28.643411,44.18086],[28.643252,44.180999],[28.64317,44.181069],[28.643091,44.181137],[28.643075,44.181151],[28.642931,44.181275],[28.64277,44.181413],[28.642609,44.181551],[28.642564,44.181589],[28.642448,44.181688],[28.642423,44.181709],[28.64233,44.181784],[28.642284,44.181825],[28.642265,44.181841],[28.642244,44.18186],[28.642121,44.181966],[28.642109,44.181939],[28.642072,44.181854],[28.642057,44.18182],[28.642047,44.1818],[28.642047,44.181798],[28.641972,44.181628],[28.641896,44.181457],[28.64182,44.181286],[28.641744,44.181114],[28.641707,44.18103],[28.641669,44.180943],[28.641595,44.180771],[28.64152,44.180599],[28.641446,44.180427],[28.641372,44.180256],[28.641345,44.180192],[28.641316,44.180082],[28.641305,44.18004],[28.641288,44.17991],[28.641297,44.17973],[28.641298,44.179723],[28.641308,44.179551],[28.641319,44.179371],[28.641325,44.179272],[28.64133,44.179192],[28.641342,44.179012],[28.641345,44.178962],[28.641353,44.178832],[28.641365,44.178653],[28.641376,44.178473],[28.641387,44.178294],[28.641398,44.17813],[28.641399,44.178114],[28.641402,44.178067],[28.641403,44.178038],[28.641409,44.177934],[28.641411,44.177902],[28.641421,44.177755],[28.641434,44.177575],[28.641447,44.177396],[28.641452,44.177326],[28.641456,44.177266],[28.641435,44.177264],[28.641415,44.177259],[28.641253,44.1773],[28.641243,44.177303],[28.641325,44.177242],[28.641372,44.177206],[28.641375,44.177191],[28.641386,44.177174],[28.641403,44.17716],[28.641425,44.177151],[28.64145,44.177147],[28.641587,44.177017],[28.641648,44.176961],[28.641728,44.176889],[28.641738,44.17688],[28.641875,44.176766],[28.641875,44.176766],[28.641982,44.17668],[28.642067,44.176607],[28.642227,44.176469],[28.642388,44.176331],[28.642494,44.17624],[28.642548,44.176193],[28.642649,44.176107],[28.642709,44.176055],[28.642869,44.175917],[28.64303,44.175779],[28.64317,44.175659],[28.643191,44.175641],[28.643351,44.175503],[28.643512,44.175365],[28.643672,44.175227],[28.64369,44.175212],[28.643833,44.175089],[28.643993,44.174951],[28.644011,44.174936],[28.644144,44.174822],[28.644029,44.174766],[28.643822,44.174664],[28.643615,44.174562],[28.643408,44.174461],[28.643201,44.174359],[28.642994,44.174258],[28.642787,44.174156],[28.642634,44.174081],[28.64258,44.174054],[28.642373,44.173952],[28.642253,44.173893],[28.642178,44.173846],[28.642117,44.173808],[28.642112,44.173804],[28.642003,44.173721],[28.641831,44.17359],[28.641826,44.173586],[28.641775,44.173548],[28.641658,44.17346],[28.641486,44.173329],[28.641342,44.17322],[28.641314,44.173198],[28.641141,44.173068],[28.640969,44.172937],[28.640851,44.172848],[28.640797,44.172806],[28.640627,44.172674],[28.640481,44.172561],[28.640457,44.172542],[28.640411,44.172507],[28.640286,44.17241],[28.640115,44.172278],[28.639945,44.172147],[28.639823,44.172052],[28.639774,44.172015],[28.639758,44.172002],[28.639603,44.171883],[28.639432,44.171752],[28.639261,44.17162],[28.639135,44.171523],[28.63909,44.171489],[28.638919,44.171357],[28.638748,44.171226],[28.638733,44.171214],[28.638611,44.17112],[28.638577,44.171094],[28.63844,44.170989],[28.638402,44.170963],[28.638345,44.170924],[28.63822,44.170839],[28.638125,44.170773],[28.638027,44.170719],[28.637915,44.170657],[28.637823,44.170612],[28.637784,44.170593],[28.637617,44.170521],[28.637608,44.170517],[28.637479,44.170462],[28.637458,44.170453],[28.637383,44.17043],[28.637177,44.170365],[28.637154,44.170358],[28.637027,44.170318],[28.636925,44.170286],[28.636756,44.170232],[28.636742,44.170228],[28.636694,44.170214],[28.636462,44.170146],[28.63623,44.170078],[28.635998,44.170011],[28.635765,44.169943],[28.635533,44.169875],[28.635301,44.169807],[28.635069,44.169739],[28.634836,44.169671],[28.634646,44.169615],[28.634604,44.169603],[28.634371,44.169535],[28.634156,44.169473],[28.634139,44.169468],[28.633908,44.169398],[28.633767,44.169356],[28.633676,44.169329],[28.633642,44.169319],[28.633445,44.169262],[28.633396,44.169247],[28.633447,44.169159],[28.633473,44.169113],[28.633541,44.168993],[28.633617,44.168859],[28.633634,44.168827],[28.633678,44.168745],[28.633724,44.168662],[28.633818,44.168497],[28.633877,44.168394],[28.633916,44.168335],[28.633923,44.168323],[28.633959,44.168277],[28.633994,44.16824],[28.634045,44.168195],[28.63405,44.168191],[28.634105,44.168154],[28.634156,44.168124],[28.634211,44.168094],[28.634225,44.168087],[28.634314,44.168042],[28.634429,44.167984],[28.634477,44.16796],[28.634414,44.167919],[28.634341,44.167882],[28.634226,44.167838],[28.634164,44.167814],[28.634083,44.167789],[28.633995,44.167763],[28.633765,44.167692],[28.633534,44.167622],[28.633303,44.167551],[28.633073,44.167481],[28.63306,44.167477],[28.632924,44.167422],[28.632863,44.167391],[28.632832,44.167376],[28.63279,44.167232],[28.632779,44.167192],[28.632723,44.167056],[28.632698,44.166995],[28.632652,44.166883],[28.632644,44.166864],[28.632573,44.166711],[28.632518,44.166591],[28.632493,44.16654],[28.632408,44.166371],[28.632399,44.166353],[28.632293,44.166205],[28.632281,44.166188],[28.632187,44.166104],[28.632151,44.166056],[28.632032,44.165898],[28.631996,44.165851],[28.63192,44.16574],[28.631846,44.165631],[28.631817,44.16558],[28.631723,44.165413],[28.631629,44.165246],[28.631535,44.165079],[28.631467,44.164958],[28.631442,44.164913],[28.631349,44.164746],[28.631255,44.164579],[28.631219,44.164514],[28.631163,44.164412],[28.631071,44.164244],[28.63098,44.164077],[28.630888,44.163909],[28.630868,44.163873],[28.630802,44.163742],[28.630717,44.163572],[28.630632,44.163403],[28.63059,44.16332],[28.630543,44.163234],[28.630493,44.163141],[28.630453,44.163066],[28.630363,44.162898],[28.630273,44.16273],[28.630183,44.162562],[28.630138,44.162478],[28.630095,44.162399],[28.630092,44.162394],[28.630012,44.162249],[28.629999,44.162227],[28.629917,44.16208],[28.62991,44.162066],[28.629851,44.161943],[28.629826,44.161897],[28.629735,44.16173],[28.629644,44.161562],[28.629552,44.161395],[28.629461,44.161227],[28.62937,44.16106],[28.629279,44.160892],[28.629188,44.160724],[28.629097,44.160557],[28.629089,44.160543],[28.629012,44.160401],[28.628922,44.160236],[28.628875,44.16015],[28.628839,44.160072],[28.62878,44.159946],[28.628763,44.159905],[28.628752,44.159875],[28.628734,44.159817],[28.628728,44.15975],[28.628727,44.159742],[28.628719,44.159642],[28.628715,44.159563],[28.628705,44.159384],[28.628695,44.159204],[28.628685,44.159024],[28.62868,44.158921],[28.628675,44.158845],[28.628667,44.158699],[28.628664,44.158665],[28.628654,44.158485],[28.628643,44.158305],[28.628634,44.158147],[28.628633,44.158127],[28.628627,44.157956],[28.628627,44.157947],[28.628623,44.157768],[28.628622,44.157715],[28.628598,44.157715],[28.628558,44.157706],[28.628526,44.157689],[28.628502,44.157666],[28.62849,44.157638],[28.628491,44.157625],[28.628491,44.157609],[28.628505,44.157582],[28.628513,44.157575],[28.62853,44.157559],[28.628564,44.157543],[28.628605,44.157536],[28.628617,44.157537],[28.628646,44.157539],[28.628685,44.157551],[28.628715,44.157572],[28.628734,44.157598],[28.62874,44.157628],[28.628808,44.157626],[28.629059,44.15762],[28.629184,44.157617],[28.629309,44.157615],[28.629451,44.157613],[28.629561,44.15761],[28.629811,44.157603],[28.629987,44.157599],[28.630062,44.157597],[28.630216,44.157593],[28.630313,44.15759],[28.630563,44.157584],[28.630663,44.157581],[28.630773,44.157532],[28.630802,44.157516],[28.630839,44.157496],[28.630888,44.157445],[28.630894,44.157431],[28.630927,44.157352],[28.63094,44.157264],[28.630937,44.157185],[28.63093,44.157175],[28.630807,44.157018],[28.630685,44.156861],[28.630562,44.156704],[28.63044,44.156547],[28.630317,44.15639],[28.630195,44.156233],[28.630072,44.156076],[28.630016,44.156004],[28.629953,44.155917],[28.629859,44.15579],[28.629835,44.155759],[28.629788,44.155696],[28.629717,44.155599],[28.629601,44.15544],[28.629485,44.155281],[28.629456,44.15524],[28.629372,44.15512],[28.629265,44.154964],[28.629179,44.15484],[28.629161,44.154813],[28.629052,44.154651],[28.629001,44.154576],[28.628948,44.15449],[28.628911,44.15443],[28.628851,44.15433],[28.628835,44.154304],[28.628783,44.154216],[28.628759,44.154173],[28.628675,44.154024],[28.628665,44.154007],[28.628573,44.153839],[28.628501,44.153707],[28.628483,44.153672],[28.628398,44.153503],[28.628348,44.153404],[28.628314,44.153333],[28.628232,44.153163],[28.628226,44.153152],[28.628151,44.152993],[28.62807,44.152823],[28.627989,44.152652],[28.627908,44.152482],[28.627827,44.152312],[28.627746,44.152142],[28.62768,44.152002],[28.627665,44.151972],[28.627582,44.151802],[28.627499,44.151632],[28.627416,44.151462],[28.627333,44.151293],[28.62725,44.151123],[28.627167,44.150953],[28.627084,44.150783],[28.627001,44.150614],[28.626918,44.150444],[28.626842,44.150289],[28.626835,44.150274],[28.62675,44.150105],[28.626664,44.149936],[28.626579,44.149767],[28.626494,44.149597],[28.62647,44.149552],[28.626408,44.149428],[28.626323,44.149259],[28.626237,44.14909],[28.626152,44.148921],[28.626066,44.148752],[28.625981,44.148583],[28.625895,44.148414],[28.62581,44.148245],[28.625724,44.148076],[28.625639,44.147907],[28.625553,44.147738],[28.625468,44.147568],[28.625458,44.14755],[28.625383,44.147399],[28.625299,44.14723],[28.625215,44.14706],[28.625163,44.146956],[28.625132,44.146891],[28.625049,44.146721],[28.624966,44.146551],[28.624885,44.146385],[28.624884,44.146382],[28.624802,44.146212],[28.624719,44.146042],[28.624637,44.145873],[28.624629,44.145857],[28.624554,44.145703],[28.624529,44.145652],[28.624477,44.145545],[28.624471,44.145533],[28.624387,44.145364],[28.624309,44.145207],[28.624303,44.145194],[28.624225,44.14504],[28.624209,44.145026],[28.62419,44.145009],[28.624144,44.144968],[28.624083,44.144961],[28.624027,44.144942],[28.62398,44.144912],[28.623948,44.144873],[28.623933,44.14483],[28.623934,44.144798],[28.623934,44.144788],[28.623952,44.144749],[28.623937,44.144637],[28.623914,44.14447],[28.623911,44.144442],[28.623894,44.144383],[28.623853,44.144298],[28.623769,44.144129],[28.623691,44.14397],[28.623686,44.143959],[28.623601,44.14379],[28.623516,44.143621],[28.62348,44.143549],[28.623431,44.143452],[28.623346,44.143283],[28.623261,44.143114],[28.623176,44.142945],[28.623091,44.142776],[28.623006,44.142607],[28.623003,44.142602],[28.62292,44.142438],[28.622835,44.142269],[28.622749,44.1421],[28.622664,44.141931],[28.622578,44.141762],[28.622503,44.141613],[28.622503,44.141613],[28.622341,44.141651],[28.622317,44.141658],[28.622086,44.141728],[28.621856,44.141798],[28.621856,44.141798],[28.621625,44.141869],[28.621394,44.141939],[28.621163,44.142009],[28.620932,44.14208],[28.620702,44.14215],[28.620471,44.14222],[28.62024,44.142291],[28.620009,44.142361],[28.619778,44.142432],[28.619547,44.142502],[28.619316,44.142572],[28.619085,44.142643],[28.618854,44.142713],[28.618658,44.142773],[28.618624,44.142783],[28.618393,44.142854],[28.618379,44.142858],[28.61819,44.142914],[28.618212,44.142959],[28.618256,44.143045],[28.618297,44.143128],[28.618381,44.143297],[28.618465,44.143467],[28.618548,44.143636],[28.618632,44.143806],[28.618687,44.143918],[28.618716,44.143975],[28.6188,44.144145],[28.618884,44.144314],[28.618968,44.144484],[28.619052,44.144653],[28.619136,44.144823],[28.619165,44.144881],[28.619228,44.144991],[28.619323,44.145157],[28.619419,44.145324],[28.619513,44.145489],[28.61955,44.145553],[28.619638,44.145593],[28.619673,44.145635],[28.619799,44.14579],[28.619824,44.145821],[28.619924,44.145945],[28.620048,44.146099],[28.620173,44.146254],[28.620299,44.146409],[28.620348,44.14647],[28.620424,44.146565],[28.620496,44.146655],[28.620547,44.146722],[28.620574,44.146756],[28.620589,44.146828],[28.620643,44.146888],[28.620727,44.14698],[28.620779,44.147039],[28.620851,44.14712],[28.620914,44.14719],[28.621007,44.147293],[28.62105,44.147342],[28.621088,44.147386],[28.621188,44.147492],[28.621329,44.147641],[28.621469,44.14779],[28.621588,44.147916],[28.621609,44.147939],[28.621667,44.148001],[28.621726,44.148064],[28.621749,44.148088],[28.621794,44.148135],[28.621892,44.148236],[28.621981,44.148328],[28.622034,44.148384],[28.622176,44.148532],[28.622318,44.148681],[28.62246,44.148829],[28.622601,44.148977],[28.622743,44.149126],[28.622885,44.149274],[28.623007,44.149403],[28.623027,44.149423],[28.623168,44.149571],[28.62331,44.149719],[28.623452,44.149868],[28.62356,44.14998],[28.623594,44.150016],[28.623668,44.150094],[28.623735,44.150164],[28.623754,44.150184],[28.623877,44.150313],[28.623962,44.150402],[28.624019,44.150461],[28.624161,44.150609],[28.624233,44.150685],[28.624305,44.150662],[28.624502,44.150601],[28.624535,44.150588],[28.624663,44.150536],[28.62475,44.150488],[28.624806,44.150457],[28.624933,44.150472],[28.624966,44.150483],[28.624998,44.150494],[28.625034,44.150521],[28.625072,44.150566],[28.625108,44.150644],[28.625101,44.150671],[28.625063,44.150809],[28.625041,44.150853],[28.625022,44.150893],[28.62495,44.150957],[28.624858,44.151003],[28.624849,44.151005],[28.62475,44.151027],[28.624679,44.151036],[28.624596,44.151032],[28.624596,44.151032],[28.624521,44.151021],[28.624477,44.151014],[28.62436,44.151007],[28.624349,44.151007],[28.624253,44.151007],[28.624173,44.151014],[28.624108,44.151025],[28.624084,44.15103],[28.624017,44.151051],[28.623923,44.151087],[28.623896,44.151102],[28.623699,44.151214],[28.623501,44.151325],[28.623304,44.151436],[28.623158,44.151519],[28.623108,44.151548],[28.622913,44.151661],[28.622848,44.1517],[28.622737,44.151765],[28.622719,44.151775],[28.622523,44.151887],[28.622328,44.151999],[28.62232,44.152004],[28.622226,44.15202],[28.622119,44.152085],[28.622078,44.15211],[28.621927,44.152202],[28.621736,44.152318],[28.621545,44.152435],[28.621367,44.152543],[28.621354,44.152551],[28.621163,44.152668],[28.620971,44.152784],[28.620925,44.152812],[28.62082,44.152876],[28.62078,44.1529],[28.620728,44.152932],[28.620686,44.15297],[28.62062,44.15303],[28.620589,44.153058],[28.620584,44.153077],[28.620565,44.153098],[28.620549,44.153106],[28.620524,44.153113],[28.620498,44.153114],[28.620443,44.153138],[28.620252,44.153227],[28.620244,44.153231],[28.620054,44.153349],[28.620053,44.15335],[28.619864,44.153466],[28.619674,44.153583],[28.619647,44.1536],[28.619484,44.153701],[28.619293,44.153818],[28.619215,44.153866],[28.619141,44.153912],[28.619103,44.153935],[28.619034,44.153978],[28.618913,44.154052],[28.618778,44.154136],[28.618723,44.15417],[28.618662,44.154207],[28.618533,44.154287],[28.618497,44.154309],[28.618373,44.154386],[28.618343,44.154404],[28.618153,44.154522],[28.618098,44.154555],[28.618073,44.15457],[28.617964,44.15464],[28.617775,44.154758],[28.617666,44.154828],[28.617587,44.154877],[28.617399,44.154996],[28.617211,44.155115],[28.617023,44.155234],[28.616835,44.155353],[28.616655,44.155467],[28.616647,44.155472],[28.616459,44.155592],[28.616271,44.155711],[28.616237,44.155732],[28.616082,44.15583],[28.615894,44.155949],[28.615706,44.156068],[28.615526,44.156182],[28.615518,44.156187],[28.61533,44.156306],[28.615329,44.156306],[28.615182,44.156442],[28.615113,44.156505],[28.615027,44.156582],[28.614943,44.156657],[28.614889,44.156706],[28.614883,44.156729],[28.614879,44.156747],[28.614862,44.156779],[28.614816,44.156823],[28.61476,44.156851],[28.614706,44.156862],[28.61468,44.156867],[28.614626,44.156864],[28.614572,44.156856],[28.614477,44.156897],[28.614267,44.15699],[28.614228,44.157008],[28.614057,44.157078],[28.613969,44.157114],[28.613862,44.15718],[28.613672,44.157297],[28.613646,44.157313],[28.613563,44.157364],[28.613481,44.157413],[28.613289,44.157529],[28.613098,44.157645],[28.612906,44.157761],[28.612714,44.157877],[28.612522,44.157993],[28.612331,44.158109],[28.612175,44.158204],[28.612139,44.158225],[28.612097,44.158251],[28.612044,44.158315],[28.612009,44.158358],[28.612001,44.158369],[28.611979,44.1584],[28.611952,44.158455],[28.611951,44.158482],[28.611943,44.158508],[28.611922,44.158535],[28.611915,44.158544],[28.611874,44.158572],[28.611822,44.15859],[28.611765,44.158594],[28.611709,44.158586],[28.611661,44.158587],[28.611616,44.158588],[28.611554,44.158597],[28.611452,44.158621],[28.611434,44.158629],[28.611339,44.158676],[28.611227,44.158731],[28.611224,44.158733],[28.611021,44.158833],[28.610871,44.158907],[28.610814,44.158935],[28.610607,44.159037],[28.610443,44.159119],[28.610401,44.159139],[28.610194,44.159241],[28.610035,44.159318],[28.609987,44.159342],[28.609865,44.159402],[28.60978,44.159444],[28.60962,44.159523],[28.609573,44.159546],[28.609366,44.159648],[28.609159,44.159749],[28.608953,44.159851],[28.608746,44.159953],[28.608539,44.160055],[28.608332,44.160157],[28.608244,44.1602],[28.608125,44.160259],[28.607919,44.16036],[28.607735,44.160451],[28.607712,44.160462],[28.607513,44.16056],[28.607505,44.160564],[28.607298,44.160666],[28.607091,44.160768],[28.606885,44.160869],[28.606678,44.160971],[28.606471,44.161073],[28.606264,44.161175],[28.60606,44.161276],[28.605853,44.161377],[28.605698,44.161454],[28.605646,44.161479],[28.605503,44.16155],[28.60544,44.161581],[28.605258,44.16167],[28.605233,44.161683],[28.605026,44.161785],[28.604882,44.161856],[28.604872,44.161843],[28.604745,44.161688],[28.604646,44.161567],[28.604619,44.161533],[28.604536,44.161431],[28.604492,44.161378],[28.604366,44.161225],[28.604343,44.161198],[28.604277,44.161112],[28.604246,44.16107],[28.604126,44.160912],[28.604113,44.160894],[28.604002,44.160754],[28.603877,44.160598],[28.603753,44.160442],[28.603629,44.160286],[28.603505,44.16013],[28.6035,44.160125],[28.603355,44.159979],[28.603345,44.159968],[28.603153,44.159848],[28.603075,44.159799],[28.602934,44.159742],[28.60279,44.159684],[28.602693,44.159662],[28.602455,44.159608],[28.602441,44.159605],[28.602208,44.159595],[28.60218,44.159597],[28.601932,44.159616],[28.601917,44.159618],[28.601684,44.159656],[28.60168,44.159656],[28.601483,44.159688],[28.60144,44.159696],[28.601275,44.159725],[28.601196,44.159739],[28.600953,44.159781],[28.600937,44.159784],[28.600758,44.159815],[28.600709,44.159822],[28.600463,44.159859],[28.600217,44.159895],[28.600073,44.159916],[28.59997,44.159926],[28.599721,44.159948],[28.599472,44.159971],[28.59931,44.159986],[28.59922,44.159989],[28.598971,44.159997],[28.59897,44.159997],[28.598719,44.160006],[28.598541,44.160012],[28.598467,44.160011],[28.598216,44.160008],[28.598003,44.160006],[28.597964,44.160004],[28.597714,44.159996],[28.597464,44.159988],[28.597462,44.159988],[28.597213,44.159966],[28.596966,44.159945],[28.596952,44.159944],[28.596718,44.159924],[28.596681,44.15992],[28.59647,44.159899],[28.596318,44.159884],[28.596222,44.159874],[28.5961,44.159861],[28.595974,44.159847],[28.595725,44.159821],[28.595477,44.159794],[28.595229,44.159768],[28.594981,44.159741],[28.594733,44.159715],[28.594485,44.159689],[28.594237,44.159662],[28.594162,44.159654],[28.593989,44.159635],[28.593785,44.159612],[28.593741,44.159607],[28.593669,44.159599],[28.593493,44.159581],[28.593426,44.159574],[28.593245,44.159555],[28.592996,44.159529],[28.592795,44.159507],[28.592748,44.159502],[28.592723,44.1595],[28.5925,44.159476],[28.592401,44.159466],[28.592252,44.15945],[28.592004,44.159423],[28.591756,44.159397],[28.591507,44.15937],[28.591357,44.159354],[28.591259,44.159344],[28.591224,44.15934],[28.591176,44.159335],[28.591011,44.159318],[28.590762,44.159293],[28.590514,44.159267],[28.590449,44.159261],[28.590266,44.159242],[28.590211,44.159236],[28.590018,44.159216],[28.58977,44.159189],[28.589522,44.159163],[28.589274,44.159136],[28.589026,44.15911],[28.588778,44.159083],[28.588731,44.159078],[28.588529,44.159058],[28.58828,44.159034],[28.588032,44.15901],[28.587784,44.158985],[28.587536,44.158961],[28.587487,44.158956],[28.587288,44.158936],[28.587179,44.158926],[28.58704,44.158912],[28.586921,44.158899],[28.586793,44.158885],[28.586657,44.158871],[28.586657,44.158871],[28.586648,44.158911],[28.586615,44.159063]]},"properties":{"line":"101","dir":"1","headsign":"Cap Linie Industriala - Imbarcare","mode":"bus","color":"#0059a9"}},{"type":"Feature","geometry":{"type":"LineString","coordinates":[[28.633698,44.168709],[28.633792,44.168543],[28.633877,44.168394],[28.633886,44.16838],[28.633923,44.168323],[28.633959,44.168277],[28.633994,44.16824],[28.633994,44.16824],[28.63405,44.168191],[28.634105,44.168154],[28.634156,44.168124],[28.634171,44.168116],[28.634211,44.168094],[28.634314,44.168042],[28.634372,44.168013],[28.634477,44.16796],[28.634414,44.167919],[28.634341,44.167882],[28.634287,44.167861],[28.634164,44.167814],[28.634083,44.167789],[28.63406,44.167782],[28.633829,44.167712],[28.633598,44.167641],[28.633367,44.167571],[28.633137,44.167501],[28.63306,44.167477],[28.632924,44.167422],[28.632919,44.167419],[28.632832,44.167376],[28.632804,44.167281],[28.632779,44.167192],[28.632743,44.167104],[28.632698,44.166995],[28.632672,44.166931],[28.632644,44.166864],[28.632595,44.166759],[28.632518,44.166591],[28.632516,44.166587],[28.632431,44.166418],[28.632399,44.166353],[28.632325,44.16625],[28.632281,44.166188],[28.632187,44.166104],[28.632184,44.1661],[28.632065,44.165942],[28.631996,44.165851],[28.631951,44.165785],[28.631846,44.165631],[28.631843,44.165626],[28.631749,44.165459],[28.631655,44.165292],[28.631562,44.165126],[28.631468,44.164959],[28.631467,44.164958],[28.631374,44.164792],[28.631281,44.164625],[28.631219,44.164514],[28.631189,44.164458],[28.631097,44.164291],[28.631005,44.164123],[28.630913,44.163956],[28.630868,44.163873],[28.630825,44.163789],[28.63074,44.163619],[28.630655,44.16345],[28.63059,44.16332],[28.630568,44.16328],[28.630493,44.163141],[28.630478,44.163113],[28.630388,44.162945],[28.630298,44.162777],[28.630208,44.162609],[28.630138,44.162478],[28.630118,44.162441],[28.630095,44.162399],[28.630026,44.162274],[28.630012,44.162249],[28.629932,44.162107],[28.629917,44.16208],[28.629851,44.161943],[28.62976,44.161776],[28.629669,44.161609],[28.629578,44.161441],[28.629487,44.161274],[28.629396,44.161106],[28.629304,44.160939],[28.629213,44.160771],[28.629122,44.160603],[28.629089,44.160543],[28.629037,44.160447],[28.628947,44.160282],[28.628875,44.16015],[28.628861,44.160119],[28.628781,44.15995],[28.62878,44.159946],[28.628752,44.159875],[28.628734,44.159817],[28.628731,44.15979],[28.628728,44.15975],[28.628719,44.159642],[28.628718,44.159613],[28.628708,44.159434],[28.628698,44.159254],[28.628688,44.159074],[28.62868,44.158921],[28.628678,44.158895],[28.628667,44.158715],[28.628667,44.158699],[28.628657,44.158535],[28.628646,44.158355],[28.628635,44.158176],[28.628634,44.158147],[28.628629,44.157997],[28.628627,44.157956],[28.628624,44.157818],[28.628622,44.157715],[28.628598,44.157715],[28.628558,44.157706],[28.628526,44.157689],[28.628502,44.157666],[28.628495,44.157649],[28.62849,44.157638],[28.628491,44.157625],[28.628491,44.157609],[28.628505,44.157582],[28.62853,44.157559],[28.628564,44.157543],[28.628605,44.157536],[28.628617,44.157537],[28.628646,44.157539],[28.628685,44.157551],[28.628715,44.157572],[28.628733,44.157597],[28.628734,44.157598],[28.62874,44.157628],[28.628989,44.157622],[28.629184,44.157617],[28.629239,44.157616],[28.629451,44.157613],[28.629491,44.157612],[28.629742,44.157605],[28.629987,44.157599],[28.629992,44.157599],[28.630216,44.157593],[28.630243,44.157592],[28.630494,44.157585],[28.630663,44.157581],[28.630742,44.157546],[28.630773,44.157532],[28.630839,44.157496],[28.630888,44.157445],[28.630894,44.157431],[28.630912,44.157387],[28.630927,44.157352],[28.63094,44.157264],[28.630938,44.157213],[28.630937,44.157185],[28.630841,44.157061],[28.630719,44.156904],[28.630596,44.156747],[28.630474,44.15659],[28.630351,44.156433],[28.630229,44.156276],[28.630107,44.156119],[28.630016,44.156004],[28.629985,44.155962],[28.629868,44.155803],[28.629859,44.15579],[28.629788,44.155696],[28.62975,44.155644],[28.629634,44.155484],[28.629518,44.155325],[28.629456,44.15524],[28.629403,44.155165],[28.629293,44.155005],[28.629191,44.154858],[28.629179,44.15484],[28.629082,44.154696],[28.629001,44.154576],[28.628976,44.154536],[28.628911,44.15443],[28.628877,44.154373],[28.628835,44.154304],[28.628785,44.154219],[28.628783,44.154216],[28.628691,44.154053],[28.628675,44.154024],[28.628599,44.153886],[28.628507,44.153719],[28.628501,44.153707],[28.628421,44.15355],[28.628348,44.153404],[28.628337,44.15338],[28.628255,44.15321],[28.628226,44.153152],[28.628173,44.15304],[28.628092,44.15287],[28.628011,44.1527],[28.627931,44.15253],[28.62785,44.152359],[28.627769,44.152189],[28.627688,44.152019],[28.62768,44.152002],[28.627605,44.151849],[28.627522,44.151679],[28.627439,44.15151],[28.627356,44.15134],[28.627273,44.15117],[28.62719,44.151],[28.627107,44.150831],[28.627024,44.150661],[28.626941,44.150491],[28.626858,44.150321],[28.626842,44.150289],[28.626773,44.150152],[28.626688,44.149983],[28.626603,44.149814],[28.626517,44.149645],[28.62647,44.149552],[28.626432,44.149475],[28.626346,44.149306],[28.626261,44.149137],[28.626175,44.148968],[28.62609,44.148799],[28.626004,44.14863],[28.625919,44.148461],[28.625833,44.148292],[28.625748,44.148123],[28.625662,44.147954],[28.625577,44.147785],[28.625491,44.147615],[28.625458,44.14755],[28.625407,44.147446],[28.625323,44.147277],[28.625239,44.147108],[28.625163,44.146956],[28.625155,44.146938],[28.625072,44.146768],[28.624989,44.146599],[28.624907,44.146429],[28.624885,44.146385],[28.624824,44.146259],[28.624742,44.14609],[28.62466,44.14592],[28.624629,44.145857],[28.624577,44.14575],[28.624529,44.145652],[28.624494,44.14558],[28.624477,44.145545],[28.62441,44.145411],[28.624326,44.145241],[28.624309,44.145207],[28.624241,44.145072],[28.624225,44.14504],[28.62419,44.145009],[28.624144,44.144968],[28.624083,44.144961],[28.624027,44.144942],[28.62398,44.144912],[28.623948,44.144873],[28.623935,44.144836],[28.623933,44.14483],[28.623934,44.144788],[28.623952,44.144749],[28.623942,44.144677],[28.623921,44.144518],[28.623911,44.144442],[28.623894,44.144383],[28.623876,44.144345],[28.623792,44.144176],[28.623709,44.144006],[28.623691,44.14397],[28.623624,44.143837],[28.623539,44.143668],[28.62348,44.143549],[28.623454,44.143499],[28.623369,44.14333],[28.623284,44.143161],[28.623199,44.142992],[28.623115,44.142823],[28.623029,44.142654],[28.623003,44.142602],[28.622944,44.142485],[28.622859,44.142316],[28.622773,44.142147],[28.622688,44.141978],[28.622602,44.141809],[28.622517,44.14164],[28.622503,44.141613],[28.622379,44.141642],[28.622341,44.141651],[28.62215,44.141709],[28.62192,44.141779],[28.621856,44.141798],[28.621689,44.141849],[28.621458,44.14192],[28.621228,44.14199],[28.620997,44.14206],[28.620766,44.142131],[28.620535,44.142201],[28.620304,44.142271],[28.620073,44.142342],[28.619842,44.142412],[28.619611,44.142482],[28.61938,44.142553],[28.61915,44.142623],[28.618919,44.142693],[28.618688,44.142764],[28.618658,44.142773],[28.618457,44.142834],[28.618379,44.142858],[28.618225,44.142903],[28.61819,44.142914],[28.618256,44.143045],[28.618274,44.143081],[28.618357,44.14325],[28.618441,44.14342],[28.618525,44.143589],[28.618609,44.143759],[28.618687,44.143918],[28.618693,44.143928],[28.618777,44.144098],[28.618861,44.144267],[28.618945,44.144437],[28.619029,44.144606],[28.619113,44.144776],[28.619165,44.144881],[28.619202,44.144945],[28.619297,44.145111],[28.619392,44.145277],[28.619487,44.145443],[28.61955,44.145553],[28.619638,44.145593],[28.619764,44.145747],[28.619824,44.145821],[28.619889,44.145901],[28.620014,44.146056],[28.620139,44.146211],[28.620264,44.146366],[28.620348,44.14647],[28.620389,44.146521],[28.620496,44.146655],[28.620514,44.146678],[28.620574,44.146756],[28.620589,44.146828],[28.620605,44.146846],[28.620727,44.14698],[28.620741,44.146997],[28.620851,44.14712],[28.620877,44.147148],[28.621007,44.147293],[28.621013,44.147299],[28.621088,44.147386],[28.621149,44.14745],[28.62129,44.147599],[28.62143,44.147748],[28.621571,44.147897],[28.621588,44.147916],[28.621667,44.148001],[28.62171,44.148047],[28.621726,44.148064],[28.621794,44.148135],[28.621852,44.148195],[28.621981,44.148328],[28.621995,44.148343],[28.622137,44.148491],[28.622278,44.148639],[28.62242,44.148788],[28.622562,44.148936],[28.622704,44.149085],[28.622845,44.149233],[28.622987,44.149381],[28.623007,44.149403],[28.623129,44.14953],[28.623271,44.149678],[28.623412,44.149826],[28.623554,44.149975],[28.62356,44.14998],[28.623668,44.150094],[28.623696,44.150123],[28.623754,44.150184],[28.623838,44.150272],[28.623962,44.150402],[28.62398,44.15042],[28.624121,44.150568],[28.624233,44.150685],[28.624241,44.150682],[28.624469,44.150612],[28.624502,44.150601],[28.624663,44.150536],[28.624695,44.150518],[28.624806,44.150457],[28.624904,44.150469],[28.624933,44.150472],[28.624998,44.150494],[28.625034,44.150521],[28.625072,44.150566],[28.625086,44.150597],[28.625108,44.150644],[28.625066,44.150798],[28.625063,44.150809],[28.625022,44.150893],[28.62495,44.150957],[28.624916,44.150974],[28.624858,44.151003],[28.62475,44.151027],[28.624679,44.151036],[28.624665,44.151035],[28.624596,44.151032],[28.624521,44.151021],[28.624477,44.151014],[28.624417,44.15101],[28.62436,44.151007],[28.624253,44.151007],[28.624173,44.151014],[28.624084,44.15103],[28.624017,44.151051],[28.623951,44.151076],[28.623923,44.151087],[28.623753,44.151183],[28.623556,44.151294],[28.623359,44.151405],[28.623162,44.151516],[28.623158,44.151519],[28.622967,44.15163],[28.622848,44.1517],[28.622773,44.151744],[28.622737,44.151765],[28.622578,44.151856],[28.622382,44.151968],[28.62232,44.152004],[28.622226,44.15202],[28.622172,44.152053],[28.622078,44.15211],[28.621981,44.15217],[28.621789,44.152286],[28.621598,44.152402],[28.621407,44.152519],[28.621367,44.152543],[28.621216,44.152635],[28.621024,44.152752],[28.620925,44.152812],[28.620833,44.152868],[28.62082,44.152876],[28.620728,44.152932],[28.620686,44.15297],[28.620663,44.152991],[28.620589,44.153058],[28.620584,44.153077],[28.620565,44.153098],[28.620549,44.153106],[28.620524,44.153113],[28.620505,44.153113],[28.620498,44.153114],[28.6203,44.153204],[28.620252,44.153227],[28.620107,44.153316],[28.620053,44.15335],[28.619917,44.153433],[28.619727,44.153551],[28.619647,44.1536],[28.619536,44.153668],[28.619346,44.153785],[28.619215,44.153866],[28.619156,44.153903],[28.619141,44.153912],[28.619034,44.153978],[28.618966,44.15402],[28.618778,44.154136],[28.618776,44.154137],[28.618662,44.154207],[28.618586,44.154254],[28.618497,44.154309],[28.618396,44.154372],[28.618373,44.154386],[28.618205,44.154489],[28.618098,44.154555],[28.618073,44.15457],[28.618016,44.154607],[28.617828,44.154725],[28.617666,44.154828],[28.617639,44.154844],[28.617451,44.154963],[28.617263,44.155082],[28.617075,44.155201],[28.616887,44.15532],[28.616699,44.155439],[28.616655,44.155467],[28.616511,44.155558],[28.616323,44.155677],[28.616237,44.155732],[28.616135,44.155797],[28.615947,44.155916],[28.615759,44.156035],[28.615571,44.156154],[28.615526,44.156182],[28.615382,44.156273],[28.615329,44.156306],[28.615224,44.156403],[28.615113,44.156505],[28.61507,44.156543],[28.614943,44.156657],[28.614914,44.156683],[28.614889,44.156706],[28.614883,44.156729],[28.614879,44.156747],[28.614862,44.156779],[28.614816,44.156823],[28.614783,44.156839],[28.61476,44.156851],[28.61468,44.156867],[28.614626,44.156864],[28.614572,44.156856],[28.614536,44.156871],[28.614324,44.156965],[28.614228,44.157008],[28.614116,44.157053],[28.613969,44.157114],[28.613915,44.157147],[28.613725,44.157264],[28.613646,44.157313],[28.613563,44.157364],[28.613534,44.157381],[28.613343,44.157497],[28.613151,44.157613],[28.612959,44.157729],[28.612767,44.157845],[28.612576,44.157961],[28.612384,44.158077],[28.612192,44.158193],[28.612175,44.158204],[28.612097,44.158251],[28.612044,44.158315],[28.612035,44.158326],[28.612009,44.158358],[28.611979,44.1584],[28.611952,44.158455],[28.611951,44.158482],[28.611943,44.158508],[28.611915,44.158544],[28.611874,44.158572],[28.611822,44.15859],[28.611765,44.158594],[28.611727,44.158589],[28.611709,44.158586],[28.611616,44.158588],[28.611554,44.158597],[28.611495,44.15861],[28.611452,44.158621],[28.611339,44.158676],[28.611285,44.158703],[28.611224,44.158733],[28.611078,44.158805],[28.610871,44.158906],[28.610665,44.159009],[28.610458,44.159111],[28.610443,44.159119],[28.610251,44.159212],[28.610044,44.159314],[28.610035,44.159318],[28.609865,44.159402],[28.609837,44.159416],[28.60963,44.159517],[28.60962,44.159523],[28.609424,44.159619],[28.609217,44.159721],[28.60901,44.159823],[28.608803,44.159925],[28.608597,44.160027],[28.60839,44.160128],[28.608244,44.1602],[28.608183,44.16023],[28.607976,44.160332],[28.607769,44.160434],[28.607735,44.160451],[28.607563,44.160536],[28.607513,44.16056],[28.607356,44.160637],[28.607149,44.160739],[28.606942,44.160841],[28.606735,44.160943],[28.606529,44.161045],[28.606322,44.161147],[28.606118,44.161247],[28.605917,44.161346],[28.60571,44.161448],[28.605698,44.161454],[28.605504,44.161549],[28.605503,44.16155],[28.605297,44.161651],[28.605258,44.16167],[28.60509,44.161753],[28.604883,44.161855],[28.604882,44.161856],[28.604677,44.161957],[28.604534,44.162027],[28.60447,44.162059],[28.604434,44.162077],[28.604346,44.16212],[28.604264,44.162162],[28.604245,44.162171],[28.604058,44.162263],[28.603851,44.162365],[28.60377,44.162405],[28.60365,44.162464],[28.603635,44.162471],[28.603461,44.162558],[28.603446,44.162565],[28.603239,44.162667],[28.603193,44.16269],[28.603033,44.162769],[28.602906,44.162831],[28.602826,44.162871],[28.602684,44.162941],[28.602619,44.162973],[28.602413,44.163075],[28.602206,44.163177],[28.602,44.163279],[28.60199,44.163284],[28.601793,44.163381],[28.601587,44.163483],[28.601481,44.163535],[28.60138,44.163585],[28.601273,44.163638],[28.601196,44.163676],[28.601173,44.163687],[28.601043,44.163752],[28.600967,44.163789],[28.600761,44.163892],[28.600698,44.163923],[28.600554,44.163994],[28.6005,44.16402],[28.600353,44.164092],[28.600347,44.164095],[28.60034,44.164099],[28.600256,44.16414],[28.600141,44.164197],[28.599934,44.164299],[28.599727,44.164401],[28.599647,44.164441],[28.599521,44.164503],[28.599314,44.164605],[28.599108,44.164708],[28.598961,44.16478],[28.598938,44.164792],[28.598902,44.16481],[28.598789,44.164867],[28.598697,44.164914],[28.598661,44.164932],[28.598493,44.165018],[28.598288,44.165122],[28.598138,44.165199],[28.598084,44.165226],[28.59788,44.165331],[28.597678,44.165434],[28.597477,44.165537],[28.597273,44.165642],[28.597069,44.165746],[28.597012,44.165776],[28.596895,44.165879],[28.59689,44.165883],[28.596699,44.165992],[28.596674,44.166007],[28.596512,44.166111],[28.596463,44.166142],[28.596337,44.166236],[28.596307,44.166258],[28.596247,44.16631],[28.596177,44.166374],[28.596023,44.166515],[28.596005,44.166532],[28.59589,44.166668],[28.595868,44.166694],[28.595776,44.166827],[28.595735,44.166887],[28.595686,44.166992],[28.59566,44.167047],[28.595616,44.167164],[28.595574,44.167275],[28.59556,44.167337],[28.595519,44.167514],[28.595517,44.167523],[28.595493,44.167691],[28.595467,44.16787],[28.595467,44.167873],[28.595448,44.168049],[28.595429,44.168228],[28.59541,44.168408],[28.595397,44.168534],[28.595391,44.168587],[28.59537,44.168767],[28.595349,44.168946],[28.595328,44.169125],[28.595307,44.169304],[28.595286,44.169483],[28.595265,44.169663],[28.595247,44.169811],[28.595243,44.169842],[28.595219,44.170021],[28.595195,44.1702],[28.59517,44.170379],[28.595146,44.170558],[28.595122,44.170737],[28.595097,44.170916],[28.595092,44.170952],[28.595037,44.171088],[28.595025,44.171118],[28.595005,44.171265],[28.594981,44.171441],[28.594976,44.171476],[28.594958,44.17162],[28.594935,44.171799],[28.594913,44.171978],[28.594891,44.172157],[28.594886,44.172196],[28.594868,44.172336],[28.594848,44.172501],[28.594847,44.172511],[28.594843,44.172662],[28.594845,44.172691],[28.594847,44.172725],[28.594859,44.172801],[28.59487,44.172843],[28.594873,44.172858],[28.594892,44.172868],[28.59492,44.172893],[28.594936,44.172923],[28.594939,44.172955],[28.594928,44.172986],[28.594905,44.173013],[28.59487,44.173035],[28.594805,44.1731],[28.594793,44.173117],[28.594761,44.173162],[28.594727,44.173229],[28.594707,44.173286],[28.594687,44.173343],[28.594678,44.173461],[28.594666,44.173617],[28.594664,44.173641],[28.594661,44.173675],[28.594657,44.17382],[28.594656,44.173827],[28.594652,44.173976],[28.594653,44.173999],[28.594656,44.174178],[28.594656,44.174202],[28.594664,44.174358],[28.594673,44.174537],[28.594675,44.174562],[28.594689,44.174716],[28.594696,44.174788],[28.594711,44.174894],[28.594732,44.175035],[28.594739,44.175072],[28.594748,44.175125],[28.59477,44.175251],[28.594778,44.175294],[28.594808,44.175428],[28.594831,44.175531],[28.594845,44.175586],[28.594849,44.175604],[28.594874,44.175703],[28.594896,44.17578],[28.594938,44.175931],[28.594945,44.175956],[28.594997,44.176132],[28.59502,44.17621],[28.595055,44.176306],[28.59511,44.176457],[28.595119,44.176479],[28.595187,44.176652],[28.595203,44.176692],[28.595256,44.176825],[28.595312,44.176963],[28.595326,44.176997],[28.595398,44.17717],[28.595459,44.177316],[28.59547,44.177342],[28.595543,44.177514],[28.595615,44.177686],[28.595664,44.177802],[28.59569,44.177858],[28.595758,44.178007],[28.595769,44.178028],[28.595851,44.178174],[28.59586,44.178196],[28.595888,44.178265],[28.595929,44.178361],[28.595995,44.178517],[28.596073,44.178699],[28.596073,44.178699],[28.596078,44.178649],[28.596092,44.178617],[28.596114,44.178586],[28.596149,44.178557],[28.596194,44.178535],[28.596253,44.178523],[28.596312,44.178525],[28.596374,44.178537],[28.596427,44.178562],[28.596468,44.178586],[28.596498,44.178624],[28.59651,44.178658],[28.596515,44.178699],[28.596506,44.17873],[28.596489,44.178765],[28.596446,44.178812],[28.596368,44.179002],[28.596342,44.179194],[28.596339,44.179214],[28.596396,44.179342],[28.596403,44.179357],[28.596479,44.179528],[28.596556,44.179699],[28.596633,44.17987],[28.59671,44.180042],[28.596774,44.180185],[28.596787,44.180213],[28.596865,44.180384],[28.596942,44.180555],[28.59702,44.180726],[28.597098,44.180897],[28.597176,44.181068],[28.597201,44.181123],[28.597256,44.181238],[28.59729,44.181309],[28.597335,44.181409],[28.597413,44.18158],[28.597484,44.181736],[28.597491,44.181751],[28.597569,44.181922],[28.597646,44.182093],[28.597724,44.182264],[28.59776,44.182342],[28.597802,44.182435],[28.59788,44.182606],[28.597958,44.182777],[28.598036,44.182948],[28.598114,44.183119],[28.598192,44.18329],[28.598269,44.183461],[28.598311,44.183552],[28.598347,44.183631],[28.598425,44.183802],[28.598503,44.183973],[28.598581,44.184144],[28.598622,44.184235],[28.598659,44.184315],[28.598737,44.184486],[28.598815,44.184657],[28.598832,44.184695],[28.598887,44.184816],[28.598892,44.184828],[28.59897,44.184999],[28.599048,44.18517],[28.599126,44.185341],[28.599204,44.185512],[28.599282,44.185683],[28.59936,44.185854],[28.599373,44.185884],[28.599438,44.186025],[28.599515,44.186196],[28.599593,44.186366],[28.599671,44.186537],[28.599748,44.186708],[28.59981,44.186842],[28.599826,44.186879],[28.599841,44.186911],[28.599904,44.18705],[28.59998,44.187216],[28.599982,44.18722],[28.600064,44.18739],[28.600145,44.187561],[28.600226,44.187731],[28.600307,44.187901],[28.600328,44.187944],[28.600384,44.188071],[28.600426,44.188166],[28.600458,44.188243],[28.600529,44.188415],[28.600565,44.188502],[28.6006,44.188587],[28.600653,44.188715],[28.600665,44.188763],[28.60071,44.188938],[28.600716,44.188953],[28.600729,44.188986],[28.600796,44.189105],[28.60089,44.189272],[28.600912,44.18931],[28.600976,44.189438],[28.601062,44.189607],[28.601147,44.189776],[28.601202,44.189885],[28.601232,44.189946],[28.601232,44.189946],[28.601317,44.190115],[28.601402,44.190284],[28.601487,44.190453],[28.601529,44.190537],[28.601572,44.190622],[28.601644,44.190764],[28.601658,44.190791],[28.601743,44.190961],[28.601827,44.191128],[28.6019,44.191274],[28.601912,44.191297],[28.601997,44.191466],[28.60207,44.191611],[28.602082,44.191635],[28.602168,44.191804],[28.602192,44.191852],[28.602251,44.191974],[28.602333,44.192144],[28.602333,44.192145],[28.602414,44.192293],[28.602424,44.192309],[28.602531,44.192466],[28.602535,44.192473],[28.602662,44.192618],[28.602728,44.192693],[28.602803,44.192762],[28.602888,44.192841],[28.602932,44.192842],[28.602973,44.192853],[28.602999,44.192866],[28.603011,44.192873],[28.603035,44.192895],[28.603039,44.192899],[28.603055,44.192931],[28.603057,44.192964],[28.603046,44.192996],[28.603036,44.19301],[28.603035,44.193021],[28.603028,44.193087],[28.603034,44.193189],[28.603035,44.193197],[28.603073,44.193366],[28.603092,44.193451],[28.603119,44.193543],[28.603169,44.193719],[28.603219,44.193893],[28.603222,44.193903],[28.603272,44.193991],[28.603308,44.19406],[28.60332,44.194083],[28.603396,44.194228],[28.60346,44.194349],[28.603485,44.194396],[28.603573,44.194564],[28.603662,44.194733],[28.60375,44.194901],[28.603839,44.195069],[28.603927,44.195238],[28.604016,44.195406],[28.604104,44.195574],[28.604193,44.195742],[28.604282,44.195911],[28.604308,44.19596],[28.604383,44.196071],[28.604492,44.196232],[28.60451,44.196258],[28.6046,44.19639],[28.604616,44.196413],[28.60469,44.196553],[28.604698,44.196568],[28.604752,44.196728],[28.604809,44.196894],[28.604813,44.196903],[28.604879,44.197036],[28.6049,44.197073],[28.604993,44.19724],[28.605021,44.197291],[28.605079,44.197396],[28.605085,44.197407],[28.605175,44.197575],[28.605266,44.197743],[28.605335,44.197871],[28.605356,44.19791],[28.605447,44.198078],[28.605491,44.198159],[28.605514,44.198203],[28.605558,44.198244],[28.60571,44.198385],[28.605744,44.198416],[28.605849,44.198483],[28.605865,44.198494],[28.605897,44.198505],[28.606012,44.198547],[28.606038,44.198553],[28.606038,44.198553],[28.606077,44.198571],[28.606106,44.198596],[28.60612,44.198628],[28.606119,44.198661],[28.606108,44.198683],[28.60611,44.198717],[28.606114,44.198817],[28.60613,44.198891],[28.606139,44.198936],[28.606162,44.198981],[28.606198,44.199053],[28.606212,44.199081],[28.606328,44.199201],[28.606471,44.199349],[28.606485,44.199364],[28.606615,44.199496],[28.606744,44.199629],[28.606759,44.199644],[28.606846,44.199738],[28.606901,44.199792],[28.60705,44.199936],[28.607199,44.200081],[28.607348,44.200226],[28.607413,44.200289],[28.607497,44.20037],[28.607646,44.200515],[28.607677,44.200546],[28.607792,44.200661],[28.607916,44.200786],[28.607939,44.200807],[28.608048,44.200905],[28.608093,44.200949],[28.608145,44.200999],[28.60828,44.201055],[28.608305,44.201065],[28.608368,44.201077],[28.608398,44.201082],[28.60854,44.201089],[28.608542,44.201089],[28.608596,44.201094],[28.608789,44.201103],[28.60887,44.201107],[28.609055,44.201047],[28.609282,44.200972],[28.60942,44.200928],[28.609489,44.200856],[28.609548,44.200795],[28.609571,44.200726],[28.609559,44.200677],[28.609551,44.200645],[28.609485,44.200605],[28.609438,44.200594],[28.609353,44.200598],[28.609275,44.200629],[28.609148,44.200679],[28.609079,44.200708]]},"properties":{"line":"101M","dir":"0","headsign":"Cap Linie Vivo","mode":"bus","color":"#0059a9"}},{"type":"Feature","geometry":{"type":"LineString","coordinates":[[28.609079,44.200708],[28.608947,44.200763],[28.608867,44.200797],[28.608668,44.20088],[28.608651,44.200888],[28.608515,44.200948],[28.608447,44.200954],[28.608436,44.20095],[28.608393,44.200936],[28.608367,44.200911],[28.608308,44.200855],[28.608308,44.200855],[28.608558,44.200744],[28.608771,44.200649],[28.608827,44.200624],[28.608984,44.200554],[28.609347,44.200393],[28.609443,44.20035],[28.609443,44.20035],[28.609457,44.200358],[28.609543,44.200408],[28.609608,44.200517],[28.609637,44.200566],[28.609676,44.200648],[28.609695,44.200689],[28.609698,44.200695],[28.609699,44.200722],[28.609691,44.200804],[28.609648,44.200864],[28.609618,44.200873],[28.60942,44.200928],[28.609386,44.200938],[28.609158,44.201013],[28.60893,44.201087],[28.60887,44.201107],[28.608753,44.2012],[28.608736,44.201215],[28.60873,44.201262],[28.608701,44.201307],[28.608651,44.201341],[28.608621,44.201351],[28.608588,44.201361],[28.60852,44.201364],[28.608454,44.201349],[28.60839,44.201309],[28.608388,44.201307],[28.608363,44.201274],[28.608352,44.201236],[28.608275,44.201148],[28.608145,44.200999],[28.608139,44.200993],[28.608048,44.200905],[28.607985,44.200848],[28.607916,44.200786],[28.607837,44.200706],[28.607691,44.20056],[28.607677,44.200546],[28.607542,44.200414],[28.607413,44.200289],[28.607393,44.20027],[28.607244,44.200125],[28.607095,44.19998],[28.606946,44.199836],[28.606846,44.199738],[28.606802,44.199691],[28.606744,44.199629],[28.606659,44.199542],[28.606515,44.199395],[28.606485,44.199364],[28.606372,44.199247],[28.606229,44.199099],[28.606212,44.199081],[28.606075,44.198958],[28.605933,44.198831],[28.605925,44.198823],[28.605828,44.19872],[28.605794,44.198675],[28.605721,44.198578],[28.60569,44.198522],[28.605599,44.198356],[28.605514,44.198203],[28.605507,44.19819],[28.605491,44.198159],[28.605417,44.198023],[28.605335,44.197871],[28.605287,44.197833],[28.605128,44.197708],[28.605086,44.197674],[28.604949,44.197627],[28.604936,44.197622],[28.604817,44.197609],[28.604903,44.197539],[28.604936,44.197512],[28.604961,44.197492],[28.605079,44.197396],[28.605055,44.197352],[28.605021,44.197291],[28.604962,44.197185],[28.604879,44.197036],[28.604872,44.197021],[28.604809,44.196894],[28.604752,44.196837],[28.604657,44.196741],[28.604596,44.196695],[28.604533,44.196648],[28.604424,44.196586],[28.604407,44.196576],[28.604359,44.196568],[28.604317,44.196549],[28.604286,44.196521],[28.604286,44.196521],[28.60427,44.19649],[28.604267,44.196457],[28.604279,44.196426],[28.604289,44.196395],[28.604329,44.196285],[28.604334,44.196218],[28.604337,44.196177],[28.604318,44.196036],[28.604308,44.19596],[28.60425,44.19585],[28.604161,44.195682],[28.604072,44.195513],[28.603984,44.195345],[28.603895,44.195177],[28.603807,44.195008],[28.603718,44.19484],[28.60363,44.194672],[28.603541,44.194504],[28.60346,44.194349],[28.603453,44.194335],[28.603364,44.194167],[28.60332,44.194083],[28.603276,44.193999],[28.603272,44.193991],[28.603222,44.193903],[28.60319,44.193846],[28.603183,44.193835],[28.60309,44.19367],[28.602995,44.193504],[28.602974,44.193468],[28.602901,44.193338],[28.602847,44.193243],[28.602814,44.193172],[28.602795,44.193129],[28.602777,44.193022],[28.602755,44.192994],[28.602744,44.192963],[28.602747,44.192931],[28.602695,44.192894],[28.602647,44.192827],[28.602637,44.192813],[28.60257,44.192662],[28.602494,44.192492],[28.602491,44.192485],[28.602426,44.192323],[28.602414,44.192293],[28.602336,44.19215],[28.602333,44.192145],[28.602254,44.191982],[28.602192,44.191852],[28.602121,44.191807],[28.601943,44.191695],[28.601915,44.191677],[28.601859,44.191563],[28.60185,44.191546],[28.601784,44.191411],[28.601711,44.191384],[28.601705,44.191382],[28.601623,44.191361],[28.601511,44.191363],[28.601581,44.191247],[28.601589,44.191223],[28.601607,44.191169],[28.601594,44.191053],[28.601591,44.191019],[28.601516,44.190868],[28.601478,44.19079],[28.601433,44.190698],[28.601388,44.190607],[28.601372,44.190574],[28.60135,44.190529],[28.60128,44.190388],[28.601278,44.190369],[28.601259,44.19019],[28.60124,44.190021],[28.601232,44.189946],[28.601202,44.189885],[28.601176,44.189835],[28.601091,44.189666],[28.601006,44.189497],[28.600923,44.189332],[28.600912,44.18931],[28.600762,44.189208],[28.600698,44.189185],[28.600584,44.189143],[28.600514,44.189149],[28.600458,44.18914],[28.600451,44.189139],[28.600395,44.189115],[28.600352,44.18908],[28.600327,44.189037],[28.600322,44.18899],[28.600322,44.18899],[28.600329,44.188969],[28.600337,44.188945],[28.600335,44.188888],[28.600326,44.188709],[28.600318,44.188529],[28.60031,44.18835],[28.600303,44.188186],[28.600297,44.188165],[28.600251,44.187996],[28.600244,44.18797],[28.600181,44.187833],[28.600101,44.187662],[28.600041,44.187533],[28.600023,44.187491],[28.599998,44.187436],[28.599945,44.18732],[28.599868,44.187149],[28.599847,44.187104],[28.599792,44.186977],[28.599771,44.186931],[28.599762,44.18691],[28.599715,44.186806],[28.599638,44.186635],[28.599562,44.186464],[28.599547,44.186432],[28.599487,44.186293],[28.599471,44.186256],[28.599411,44.186122],[28.599335,44.185951],[28.599264,44.185793],[28.599258,44.185779],[28.59921,44.18567],[28.599183,44.185608],[28.599148,44.185528],[28.599108,44.185436],[28.599081,44.185376],[28.599033,44.185265],[28.599026,44.18525],[28.598967,44.185116],[28.598956,44.185093],[28.598876,44.184923],[28.598795,44.184752],[28.598714,44.184582],[28.598633,44.184412],[28.598588,44.184316],[28.598561,44.18425],[28.598557,44.184241],[28.598482,44.184069],[28.598436,44.183964],[28.598406,44.183898],[28.598357,44.183788],[28.59833,44.183726],[28.598253,44.183555],[28.598177,44.183384],[28.598101,44.183212],[28.598039,44.183074],[28.598025,44.183041],[28.597952,44.182869],[28.597933,44.182825],[28.597872,44.182698],[28.597791,44.182528],[28.59771,44.182358],[28.597707,44.182353],[28.597632,44.182187],[28.597622,44.182165],[28.597552,44.182016],[28.597472,44.181846],[28.597392,44.181675],[28.597312,44.181505],[28.597232,44.181334],[28.597152,44.181164],[28.59708,44.18101],[28.597072,44.180993],[28.596997,44.180822],[28.596988,44.180801],[28.596927,44.180661],[28.596923,44.18065],[28.596858,44.180504],[28.596846,44.180479],[28.596764,44.180309],[28.59671,44.180196],[28.596684,44.180138],[28.596607,44.179967],[28.596571,44.179887],[28.59653,44.179796],[28.596454,44.179625],[28.596377,44.179453],[28.596357,44.179408],[28.5963,44.179282],[28.596299,44.179279],[28.59629,44.179258],[28.596189,44.179123],[28.596115,44.179025],[28.596086,44.178952],[28.596051,44.178861],[28.596021,44.178784],[28.59602,44.178782],[28.595944,44.178612],[28.595932,44.178586],[28.595907,44.178523],[28.595881,44.178435],[28.595888,44.178265],[28.595882,44.178251],[28.595851,44.178174],[28.595797,44.178077],[28.595758,44.178007],[28.595714,44.177911],[28.595664,44.177802],[28.595638,44.17774],[28.595566,44.177568],[28.595493,44.177396],[28.595459,44.177316],[28.595421,44.177224],[28.595349,44.177051],[28.595312,44.176963],[28.595278,44.176879],[28.595209,44.176707],[28.595203,44.176692],[28.59514,44.176534],[28.59511,44.176457],[28.595075,44.176361],[28.59502,44.17621],[28.595014,44.17619],[28.594962,44.176014],[28.594938,44.175931],[28.594912,44.175838],[28.594874,44.175703],[28.594864,44.175663],[28.594845,44.175586],[28.594831,44.175531],[28.594821,44.175487],[28.594781,44.17531],[28.594778,44.175294],[28.594749,44.175133],[28.594748,44.175125],[28.594732,44.175035],[28.59472,44.174955],[28.594696,44.174788],[28.594695,44.174779],[28.594678,44.174599],[28.594675,44.174562],[28.594667,44.174421],[28.594658,44.174241],[28.594656,44.174202],[28.594654,44.174063],[28.594652,44.173976],[28.594655,44.173884],[28.594656,44.173827],[28.59466,44.173705],[28.594661,44.173675],[28.594666,44.173617],[28.594672,44.173527],[28.594686,44.173347],[28.594687,44.173343],[28.594678,44.173166],[28.594674,44.173093],[28.59467,44.173003],[28.59467,44.173],[28.594662,44.172988],[28.594654,44.172974],[28.594648,44.172946],[28.594654,44.172918],[28.594669,44.172891],[28.59469,44.172872],[28.594717,44.172857],[28.594748,44.172846],[28.594793,44.172692],[28.594843,44.172516],[28.594848,44.172501],[28.594869,44.17233],[28.594886,44.172196],[28.594891,44.172151],[28.594914,44.171972],[28.594936,44.171793],[28.594958,44.171614],[28.594976,44.171476],[28.594981,44.171435],[28.595006,44.171257],[28.595025,44.171118],[28.595017,44.171065],[28.594998,44.17094],[28.595002,44.170897],[28.595022,44.170717],[28.595043,44.170538],[28.595063,44.170359],[28.595083,44.17018],[28.595103,44.170001],[28.595122,44.16983],[28.595123,44.169821],[28.595143,44.169642],[28.595163,44.169463],[28.595183,44.169284],[28.595204,44.169104],[28.595224,44.168925],[28.595244,44.168746],[28.595264,44.168567],[28.595268,44.168536],[28.595285,44.168388],[28.595305,44.168208],[28.595326,44.168029],[28.595345,44.167871],[28.595347,44.167851],[28.595374,44.167672],[28.595394,44.16753],[28.595402,44.167495],[28.595439,44.167317],[28.595446,44.167282],[28.595499,44.167148],[28.595548,44.167022],[28.595569,44.166979],[28.595619,44.166875],[28.595658,44.166816],[28.595749,44.166674],[28.595763,44.166658],[28.59589,44.166505],[28.596034,44.166362],[28.596145,44.166253],[28.596182,44.16622],[28.596197,44.166207],[28.596354,44.166095],[28.596376,44.16608],[28.596542,44.165981],[28.596625,44.165931],[28.59674,44.165877],[28.59682,44.165838],[28.596951,44.165796],[28.597012,44.165776],[28.597174,44.165692],[28.597379,44.165588],[28.597582,44.165483],[28.597779,44.165382],[28.597983,44.165278],[28.598138,44.165199],[28.598187,44.165174],[28.598391,44.16507],[28.598596,44.164966],[28.598661,44.164932],[28.598789,44.164867],[28.5988,44.164861],[28.598938,44.164792],[28.598961,44.16478],[28.599005,44.164758],[28.599211,44.164656],[28.599418,44.164554],[28.599624,44.164452],[28.599647,44.164441],[28.599831,44.16435],[28.600038,44.164248],[28.600244,44.164146],[28.600256,44.16414],[28.60034,44.164099],[28.600353,44.164092],[28.600451,44.164044],[28.6005,44.16402],[28.600658,44.163943],[28.600698,44.163923],[28.600864,44.16384],[28.601043,44.163752],[28.60107,44.163738],[28.601196,44.163676],[28.601273,44.163638],[28.601277,44.163636],[28.601481,44.163535],[28.601484,44.163534],[28.60169,44.163432],[28.601897,44.16333],[28.60199,44.163284],[28.602103,44.163228],[28.60231,44.163126],[28.602517,44.163024],[28.602684,44.162941],[28.602723,44.162922],[28.602906,44.162831],[28.60293,44.16282],[28.603136,44.162718],[28.603193,44.16269],[28.603343,44.162616],[28.603461,44.162558],[28.60355,44.162514],[28.603635,44.162471],[28.603756,44.162412],[28.60377,44.162405],[28.603951,44.162316],[28.604144,44.162221],[28.604245,44.162171],[28.604346,44.16212],[28.604346,44.16212],[28.604434,44.162077],[28.604534,44.162027],[28.604557,44.162016],[28.604763,44.161914],[28.604882,44.161856],[28.604882,44.161856],[28.605176,44.161711],[28.605258,44.16167],[28.605383,44.161609],[28.605503,44.16155],[28.605589,44.161507],[28.605698,44.161454],[28.605796,44.161405],[28.606003,44.161304],[28.60621,44.161202],[28.606417,44.1611],[28.606623,44.160998],[28.60683,44.160896],[28.607035,44.160795],[28.607241,44.160694],[28.607446,44.160593],[28.607513,44.16056],[28.607653,44.160491],[28.607735,44.160451],[28.607859,44.16039],[28.608066,44.160288],[28.608244,44.1602],[28.608273,44.160186],[28.60848,44.160084],[28.608687,44.159982],[28.608893,44.15988],[28.6091,44.159779],[28.609307,44.159677],[28.609514,44.159575],[28.60962,44.159523],[28.609721,44.159473],[28.609865,44.159402],[28.609927,44.159371],[28.610035,44.159318],[28.610134,44.15927],[28.610341,44.159168],[28.610443,44.159119],[28.610548,44.159066],[28.610755,44.158964],[28.610871,44.158907],[28.610961,44.158862],[28.611168,44.15876],[28.611224,44.158733],[28.611339,44.158676],[28.611375,44.158659],[28.611452,44.158621],[28.611523,44.158564],[28.611563,44.158518],[28.611568,44.158512],[28.611597,44.158441],[28.611614,44.158406],[28.611648,44.158374],[28.611664,44.158366],[28.611693,44.158351],[28.611747,44.158339],[28.611801,44.158339],[28.611885,44.158326],[28.611885,44.158326],[28.611981,44.158298],[28.612097,44.158251],[28.612113,44.158241],[28.612175,44.158204],[28.612305,44.158125],[28.612496,44.158009],[28.612688,44.157893],[28.61288,44.157777],[28.613071,44.157661],[28.613263,44.157545],[28.613455,44.157429],[28.613563,44.157364],[28.613646,44.157313],[28.613646,44.157312],[28.613837,44.157195],[28.613969,44.157114],[28.614025,44.157065],[28.614158,44.15695],[28.614183,44.156928],[28.614342,44.156791],[28.614373,44.156763],[28.61443,44.156714],[28.614434,44.156673],[28.614458,44.156628],[28.614462,44.15662],[28.614514,44.156577],[28.614587,44.156548],[28.614632,44.156541],[28.614633,44.156541],[28.614707,44.156544],[28.614732,44.15655],[28.614858,44.156498],[28.615018,44.156433],[28.615073,44.156411],[28.615286,44.156324],[28.615329,44.156306],[28.615491,44.156204],[28.615526,44.156182],[28.615679,44.156085],[28.615867,44.155966],[28.616055,44.155847],[28.616237,44.155732],[28.616243,44.155728],[28.616431,44.155609],[28.616619,44.15549],[28.616655,44.155467],[28.616807,44.155371],[28.616995,44.155252],[28.617183,44.155133],[28.617371,44.155014],[28.617559,44.154895],[28.617666,44.154828],[28.617748,44.154776],[28.617936,44.154657],[28.618073,44.15457],[28.618098,44.154555],[28.618124,44.154539],[28.618314,44.154422],[28.618373,44.154386],[28.618497,44.154309],[28.618504,44.154305],[28.618662,44.154207],[28.618694,44.154187],[28.618778,44.154136],[28.618884,44.15407],[28.619034,44.153978],[28.619075,44.153953],[28.619141,44.153912],[28.619215,44.153866],[28.619265,44.153836],[28.619455,44.153718],[28.619647,44.1536],[28.619647,44.1536],[28.619835,44.153484],[28.620025,44.153367],[28.620053,44.15335],[28.620215,44.15325],[28.620252,44.153227],[28.620306,44.153177],[28.620392,44.153097],[28.620429,44.153063],[28.620431,44.153044],[28.62044,44.153027],[28.620456,44.153012],[28.620479,44.153003],[28.620505,44.152999],[28.62053,44.153001],[28.620728,44.152932],[28.620759,44.152913],[28.62082,44.152876],[28.620925,44.152812],[28.62095,44.152797],[28.621142,44.15268],[28.621333,44.152564],[28.621367,44.152543],[28.621524,44.152447],[28.621715,44.152331],[28.621907,44.152215],[28.622078,44.15211],[28.622097,44.152098],[28.622226,44.15202],[28.622248,44.151963],[28.62226,44.151953],[28.622432,44.151822],[28.622593,44.1517],[28.622601,44.151695],[28.622789,44.151575],[28.622976,44.151456],[28.62303,44.151421],[28.623165,44.151339],[28.623182,44.151328],[28.623356,44.151222],[28.623547,44.151105],[28.623737,44.150988],[28.623928,44.150871],[28.624118,44.150755],[28.624233,44.150685],[28.624311,44.150661],[28.624502,44.150601],[28.624546,44.150584],[28.624663,44.150536],[28.624764,44.15048],[28.624806,44.150457],[28.624959,44.150363],[28.625002,44.150336],[28.625133,44.150223],[28.625144,44.150213],[28.625257,44.150078],[28.625268,44.150062],[28.625376,44.149902],[28.625459,44.149778],[28.625477,44.149725],[28.625528,44.14957],[28.62553,44.149539],[28.62554,44.149424],[28.625545,44.149361],[28.625553,44.149253],[28.625551,44.149205],[28.625546,44.149179],[28.62554,44.14915],[28.625522,44.14909],[28.62549,44.149014],[28.625478,44.148993],[28.625448,44.148941],[28.625413,44.148886],[28.625368,44.148826],[28.625364,44.14882],[28.625241,44.14867],[28.625114,44.148517],[28.625108,44.148509],[28.62501,44.148388],[28.624989,44.148362],[28.624936,44.148296],[28.624865,44.148206],[28.624746,44.148054],[28.624743,44.148049],[28.62462,44.147892],[28.624498,44.147735],[28.624471,44.1477],[28.624376,44.147578],[28.624254,44.147421],[28.624131,44.147264],[28.624032,44.147136],[28.62401,44.147107],[28.624,44.147094],[28.623891,44.146957],[28.623887,44.146951],[28.623769,44.146792],[28.623733,44.146743],[28.623673,44.146637],[28.623655,44.146605],[28.623598,44.146472],[28.623567,44.146401],[28.623552,44.146307],[28.623539,44.146229],[28.623544,44.146139],[28.623548,44.146084],[28.623572,44.145967],[28.623575,44.145954],[28.623622,44.145795],[28.623648,44.145708],[28.623682,44.145626],[28.623737,44.145493],[28.623747,44.145467],[28.623752,44.145451],[28.623815,44.145277],[28.623845,44.145193],[28.62387,44.14511],[28.623873,44.145097],[28.623888,44.145037],[28.623904,44.144965],[28.623914,44.14492],[28.62392,44.144893],[28.623933,44.14483],[28.623934,44.144788],[28.623946,44.144761],[28.623952,44.144749],[28.623984,44.144712],[28.624034,44.144682],[28.62408,44.144668],[28.624097,44.144663],[28.624156,44.144659],[28.624215,44.144667],[28.624262,44.144683],[28.624302,44.144706],[28.624333,44.144736],[28.624354,44.144773],[28.624362,44.144812],[28.624355,44.144852],[28.624345,44.144872],[28.624344,44.144876],[28.624319,44.144906],[28.624285,44.144932],[28.624243,44.144952],[28.624195,44.144964],[28.624144,44.144968],[28.62419,44.145009],[28.624225,44.14504],[28.624309,44.145207],[28.624313,44.145214],[28.624397,44.145383],[28.624477,44.145545],[28.62448,44.145553],[28.624529,44.145652],[28.624563,44.145722],[28.624629,44.145857],[28.624646,44.145892],[28.624729,44.146062],[28.624811,44.146231],[28.624885,44.146385],[28.624893,44.146401],[28.624976,44.146571],[28.625058,44.14674],[28.625141,44.14691],[28.625163,44.146956],[28.625225,44.14708],[28.625309,44.147249],[28.625393,44.147419],[28.625458,44.14755],[28.625478,44.147588],[28.625563,44.147757],[28.625649,44.147926],[28.625734,44.148095],[28.625819,44.148264],[28.625905,44.148433],[28.62599,44.148603],[28.626076,44.148772],[28.626161,44.148941],[28.626247,44.14911],[28.626332,44.149279],[28.626418,44.149448],[28.62647,44.149552],[28.626503,44.149617],[28.626589,44.149786],[28.626674,44.149955],[28.626759,44.150124],[28.626842,44.150289],[28.626845,44.150293],[28.626927,44.150463],[28.62701,44.150633],[28.627093,44.150803],[28.627176,44.150972],[28.627259,44.151142],[28.627342,44.151312],[28.627425,44.151481],[28.627508,44.151651],[28.627591,44.151821],[28.627674,44.151991],[28.62768,44.152002],[28.627755,44.152161],[28.627836,44.152331],[28.627917,44.152501],[28.627998,44.152671],[28.628079,44.152841],[28.62816,44.153011],[28.628226,44.153152],[28.628241,44.153182],[28.628323,44.153352],[28.628348,44.153404],[28.628407,44.153522],[28.628492,44.153691],[28.628501,44.153707],[28.628584,44.153859],[28.628675,44.154024],[28.628676,44.154026],[28.62877,44.154193],[28.628783,44.154216],[28.628835,44.154304],[28.628864,44.154351],[28.628911,44.15443],[28.628961,44.15451],[28.629001,44.154576],[28.629068,44.154676],[28.629177,44.154838],[28.629179,44.15484],[28.629285,44.154994],[28.629395,44.155152],[28.629456,44.15524],[28.629509,44.155313],[28.629625,44.155473],[28.629741,44.155632],[28.629788,44.155696],[28.629859,44.15579],[28.629859,44.155791],[28.629977,44.15595],[28.630016,44.156004],[28.630098,44.156109],[28.630221,44.156266],[28.630343,44.156423],[28.630466,44.15658],[28.630588,44.156737],[28.63071,44.156894],[28.630833,44.15705],[28.630937,44.157185],[28.630955,44.157208],[28.631078,44.157364],[28.631102,44.157395],[28.631193,44.157523],[28.631222,44.157563],[28.63108,44.15757],[28.631067,44.157571],[28.630828,44.157577],[28.630663,44.157581],[28.630578,44.157583],[28.630327,44.15759],[28.630216,44.157593],[28.630076,44.157596],[28.629987,44.157599],[28.629826,44.157603],[28.629575,44.15761],[28.629451,44.157613],[28.629324,44.157615],[28.629184,44.157617],[28.629073,44.15762],[28.628823,44.157626],[28.62874,44.157628],[28.62874,44.157628],[28.628732,44.157658],[28.628711,44.157684],[28.628679,44.157703],[28.62864,44.157714],[28.628622,44.157715],[28.628624,44.157798],[28.628627,44.157956],[28.628628,44.157978],[28.628634,44.158147],[28.628634,44.158157],[28.628645,44.158337],[28.628656,44.158517],[28.628666,44.158696],[28.628667,44.158699],[28.628677,44.158876],[28.62868,44.158921],[28.628687,44.159056],[28.628697,44.159235],[28.628707,44.159415],[28.628717,44.159595],[28.628719,44.159642],[28.628728,44.15975],[28.62873,44.159773],[28.628734,44.159817],[28.628752,44.159875],[28.628778,44.159943],[28.62878,44.159946],[28.628858,44.160112],[28.628875,44.16015],[28.628946,44.160279],[28.629037,44.160447],[28.629089,44.160543],[28.629128,44.160614],[28.629219,44.160782],[28.62931,44.160949],[28.629401,44.161117],[28.629492,44.161285],[28.629584,44.161452],[28.629675,44.16162],[28.629766,44.161787],[28.629851,44.161943],[28.629857,44.161956],[28.629917,44.16208],[28.629941,44.162124],[28.630012,44.162249],[28.630035,44.162291],[28.630095,44.162399],[28.630127,44.162458],[28.630138,44.162478],[28.630218,44.162626],[28.630307,44.162794],[28.630397,44.162962],[28.630487,44.16313],[28.630493,44.163141],[28.630577,44.163297],[28.63059,44.16332],[28.630664,44.163467],[28.630749,44.163636],[28.630834,44.163805],[28.630868,44.163873],[28.630923,44.163973],[28.631014,44.16414],[28.631106,44.164308],[28.631198,44.164475],[28.631219,44.164514],[28.631291,44.164642],[28.631384,44.164809],[28.631467,44.164958],[28.631477,44.164976],[28.631571,44.165143],[28.631665,44.16531],[28.631759,44.165476],[28.631846,44.165631],[28.631854,44.165642],[28.631964,44.165803],[28.631996,44.165851],[28.63208,44.165962],[28.632187,44.166104],[28.6322,44.166116],[28.632281,44.166188],[28.632338,44.166268],[28.632399,44.166353],[28.632439,44.166434],[28.632518,44.166591],[28.632524,44.166603],[28.632602,44.166774],[28.632644,44.166864],[28.632678,44.166946],[28.632698,44.166995],[28.632749,44.167119],[28.632779,44.167192],[28.632808,44.167294],[28.632832,44.167376],[28.632852,44.167469],[28.63289,44.16764],[28.632891,44.167647],[28.63293,44.167825],[28.632952,44.167926],[28.632956,44.167991],[28.632954,44.168008],[28.632946,44.168086],[28.632888,44.168185],[28.632862,44.168231],[28.632792,44.168352],[28.632696,44.168518],[28.632627,44.168638]]},"properties":{"line":"101M","dir":"1","headsign":"Gara","mode":"bus","color":"#0059a9"}},{"type":"Feature","geometry":{"type":"LineString","coordinates":[[28.587342,44.158942],[28.587487,44.158956],[28.587591,44.158966],[28.587839,44.158991],[28.588087,44.159015],[28.588336,44.159039],[28.588584,44.159064],[28.588731,44.159078],[28.588832,44.159089],[28.58908,44.159116],[28.589328,44.159142],[28.589576,44.159169],[28.589825,44.159195],[28.590073,44.159222],[28.590211,44.159236],[28.590321,44.159248],[28.590449,44.159261],[28.590569,44.159273],[28.590818,44.159298],[28.591066,44.159324],[28.591176,44.159335],[28.591224,44.15934],[28.591314,44.15935],[28.591357,44.159354],[28.591562,44.159376],[28.59181,44.159403],[28.592059,44.159429],[28.592307,44.159455],[28.592401,44.159466],[28.592555,44.159482],[28.592723,44.1595],[28.592795,44.159507],[28.592803,44.159508],[28.593051,44.159535],[28.593299,44.159561],[28.593426,44.159574],[28.593548,44.159587],[28.593669,44.159599],[28.593785,44.159612],[28.593795,44.159613],[28.594043,44.159641],[28.594162,44.159654],[28.594292,44.159668],[28.59454,44.159694],[28.594788,44.159721],[28.595036,44.159747],[28.595284,44.159774],[28.595532,44.1598],[28.59578,44.159827],[28.596029,44.159853],[28.5961,44.159861],[28.596277,44.15988],[28.596318,44.159884],[28.596526,44.159905],[28.596681,44.15992],[28.596776,44.159928],[28.596952,44.159944],[28.597025,44.15995],[28.597274,44.159971],[28.597462,44.159988],[28.597528,44.15999],[28.597778,44.159998],[28.598003,44.160006],[28.598031,44.160006],[28.598281,44.160009],[28.598532,44.160012],[28.598541,44.160012],[28.598788,44.160004],[28.598971,44.159997],[28.599038,44.159995],[28.599289,44.159986],[28.59931,44.159986],[28.599544,44.159964],[28.599792,44.159942],[28.600041,44.159919],[28.600073,44.159916],[28.600292,44.159884],[28.600538,44.159848],[28.600758,44.159815],[28.600785,44.15981],[28.600937,44.159784],[28.601029,44.159768],[28.601272,44.159725],[28.601275,44.159725],[28.601483,44.159688],[28.601515,44.159683],[28.60168,44.159656],[28.60176,44.159643],[28.601917,44.159618],[28.602002,44.159611],[28.602208,44.159595],[28.602248,44.159597],[28.602441,44.159605],[28.602494,44.159616],[28.602733,44.159671],[28.60279,44.159684],[28.602955,44.159751],[28.603075,44.159799],[28.60316,44.159852],[28.603345,44.159968],[28.603349,44.159973],[28.603494,44.160119],[28.603505,44.16013],[28.603621,44.160275],[28.603745,44.160432],[28.603869,44.160588],[28.603993,44.160744],[28.604113,44.160894],[28.604117,44.160899],[28.604236,44.161057],[28.604277,44.161112],[28.604343,44.161198],[28.604358,44.161216],[28.604486,44.161371],[28.604536,44.161431],[28.604613,44.161525],[28.604646,44.161567],[28.604739,44.161681],[28.604865,44.161836],[28.604882,44.161856],[28.604991,44.161991],[28.605117,44.162147],[28.605132,44.162165],[28.605241,44.162303],[28.605364,44.16246],[28.605487,44.162617],[28.60561,44.162773],[28.605733,44.16293],[28.605857,44.163087],[28.605974,44.163236],[28.605977,44.16324],[28.60604,44.163318],[28.606098,44.163393],[28.60622,44.16355],[28.606342,44.163708],[28.606463,44.163865],[28.606585,44.164022],[28.606707,44.164179],[28.606776,44.164268],[28.606828,44.164337],[28.606913,44.164449],[28.606948,44.164495],[28.607068,44.164653],[28.607089,44.164682],[28.607185,44.164812],[28.607217,44.164858],[28.607241,44.16489],[28.607301,44.164972],[28.607417,44.165131],[28.607533,44.165291],[28.607557,44.165324],[28.607649,44.16545],[28.60765,44.165451],[28.607767,44.165609],[28.607886,44.165767],[28.607939,44.165838],[28.608008,44.165924],[28.608067,44.165996],[28.608131,44.166081],[28.608252,44.166238],[28.608372,44.166396],[28.608493,44.166554],[28.608613,44.166712],[28.608694,44.166818],[28.608732,44.16687],[28.608846,44.16703],[28.60896,44.16719],[28.609017,44.16727],[28.609071,44.167352],[28.609178,44.167514],[28.609264,44.167644],[28.609283,44.167678],[28.609378,44.167845],[28.609406,44.167893],[28.609464,44.168014],[28.609546,44.168184],[28.609629,44.168353],[28.609633,44.168362],[28.609695,44.168528],[28.609719,44.168594],[28.609754,44.168703],[28.609784,44.168799],[28.609811,44.168878],[28.60987,44.169053],[28.609896,44.169133],[28.609922,44.16923],[28.609961,44.169378],[28.609968,44.169407],[28.610008,44.169585],[28.610018,44.169627],[28.610035,44.169766],[28.610057,44.169935],[28.610057,44.169947],[28.610065,44.170127],[28.61007,44.170246],[28.61006,44.170309],[28.610034,44.170475],[28.610016,44.170589],[28.610018,44.170722],[28.61007,44.170701],[28.610126,44.170693],[28.610181,44.170696],[28.610233,44.170711],[28.610278,44.170738],[28.610306,44.170772],[28.61031,44.170782],[28.610319,44.17081],[28.610315,44.17085],[28.610294,44.170886],[28.610261,44.170915],[28.610206,44.170939],[28.610198,44.17094],[28.610143,44.170948],[28.61008,44.17094],[28.610024,44.170916],[28.610044,44.170995],[28.610073,44.171115],[28.610085,44.171167],[28.610089,44.171287],[28.610094,44.171467],[28.6101,44.171647],[28.610101,44.171692],[28.610106,44.171827],[28.610114,44.172006],[28.610115,44.172031],[28.610187,44.172166],[28.610188,44.172184],[28.610198,44.172364],[28.610204,44.172474],[28.610217,44.17254],[28.610239,44.172659],[28.61026,44.172712],[28.610309,44.172839],[28.610332,44.172882],[28.610398,44.173005],[28.610427,44.173048],[28.61051,44.173175],[28.610537,44.173209],[28.610624,44.17332],[28.610665,44.173364],[28.610732,44.173436],[28.610803,44.173514],[28.61094,44.173664],[28.611063,44.173799],[28.611078,44.173815],[28.611221,44.173963],[28.611364,44.17411],[28.611506,44.174258],[28.611649,44.174406],[28.611792,44.174554],[28.611897,44.174663],[28.611935,44.174702],[28.612064,44.174829],[28.612082,44.174847],[28.612228,44.174994],[28.612375,44.17514],[28.612521,44.175286],[28.612667,44.175432],[28.61272,44.175485],[28.612815,44.175577],[28.612965,44.175722],[28.613114,44.175866],[28.613263,44.17601],[28.613326,44.176071],[28.613422,44.176151],[28.613585,44.176286],[28.613748,44.176421],[28.613755,44.176427],[28.613912,44.176557],[28.614074,44.176691],[28.614173,44.176773],[28.614217,44.17678],[28.614256,44.176795],[28.614286,44.176816],[28.614306,44.176843],[28.614316,44.176872],[28.614315,44.176897],[28.614307,44.176921],[28.614323,44.176938],[28.614463,44.177086],[28.614603,44.177234],[28.614665,44.1773],[28.614743,44.177382],[28.614793,44.177437],[28.614882,44.177532],[28.615008,44.177667],[28.615021,44.177679],[28.615153,44.177804],[28.615172,44.177823],[28.615324,44.177966],[28.615475,44.17811],[28.615627,44.178253],[28.615778,44.178396],[28.61583,44.178446],[28.61593,44.178539],[28.615985,44.178591],[28.616083,44.178682],[28.616234,44.178826],[28.616386,44.178969],[28.616538,44.179112],[28.61669,44.179255],[28.616749,44.179311],[28.616839,44.1794],[28.616986,44.179546],[28.617133,44.179691],[28.617281,44.179837],[28.617309,44.179865],[28.617377,44.179944],[28.617416,44.179988],[28.617547,44.180137],[28.61755,44.18014],[28.617658,44.180263],[28.617683,44.180292],[28.61773,44.180345],[28.617807,44.180447],[28.617901,44.180572],[28.617917,44.180595],[28.617924,44.180605],[28.618038,44.180765],[28.61804,44.180768],[28.618113,44.180878],[28.618147,44.180927],[28.618257,44.181089],[28.618257,44.181089],[28.618329,44.181194],[28.618369,44.181249],[28.618429,44.181331],[28.618487,44.181407],[28.618532,44.181465],[28.618624,44.181554],[28.618773,44.181697],[28.618844,44.181765],[28.618909,44.181846],[28.619034,44.182002],[28.619159,44.182157],[28.619258,44.182282],[28.619284,44.182313],[28.619412,44.182467],[28.619541,44.182622],[28.619669,44.182776],[28.619754,44.182879],[28.619798,44.18293],[28.619927,44.183084],[28.620056,44.183238],[28.620186,44.183392],[28.620198,44.183407],[28.620251,44.183471],[28.620315,44.183547],[28.620444,44.183701],[28.620573,44.183855],[28.620701,44.18401],[28.620795,44.184121],[28.62083,44.184164],[28.62096,44.184318],[28.621087,44.18447],[28.621089,44.184472],[28.621219,44.184626],[28.621331,44.184759],[28.621348,44.184782],[28.621402,44.184855],[28.62133,44.184878],[28.621401,44.184964],[28.62145,44.185025],[28.621522,44.185121],[28.621641,44.18528],[28.621759,44.185438],[28.621797,44.185489],[28.621864,44.185576],[28.621879,44.185596],[28.622,44.185754],[28.62212,44.185912],[28.622241,44.186069],[28.622361,44.186227],[28.622449,44.186343],[28.622481,44.186385],[28.622501,44.186411],[28.622512,44.186428],[28.622598,44.186513],[28.622616,44.186537],[28.622736,44.186695],[28.622856,44.186853],[28.622976,44.187011],[28.623096,44.187169],[28.623216,44.187327],[28.623337,44.187484],[28.623383,44.187546],[28.623458,44.187642],[28.623496,44.18769],[28.623585,44.187797],[28.623592,44.187805],[28.623714,44.187951],[28.623843,44.188106],[28.623847,44.18811],[28.623962,44.188263],[28.624082,44.188421],[28.624172,44.188541],[28.624197,44.188579],[28.624305,44.188741],[28.62432,44.188765],[28.624388,44.188907],[28.62447,44.189077],[28.624488,44.189115],[28.624539,44.189248],[28.624557,44.189297],[28.624589,44.189423],[28.624634,44.189599],[28.62465,44.189661],[28.624664,44.189777],[28.624677,44.189886],[28.624677,44.189956],[28.624678,44.190038],[28.624676,44.190136],[28.624674,44.19022],[28.624667,44.19027],[28.624658,44.190313],[28.62462,44.190486],[28.624596,44.190601],[28.624635,44.190593],[28.624676,44.190595],[28.624714,44.190605],[28.624745,44.190625],[28.624757,44.190637],[28.62477,44.190661],[28.624771,44.190663],[28.624773,44.190691],[28.624762,44.190719],[28.624741,44.190742],[28.624729,44.19075],[28.624699,44.190763],[28.624665,44.19077],[28.624631,44.19077],[28.624597,44.190763],[28.624568,44.190749],[28.624543,44.190996],[28.624537,44.191063],[28.624515,44.191171],[28.62448,44.191349],[28.624467,44.191414],[28.624462,44.191441],[28.624451,44.191503],[28.624447,44.191527],[28.624413,44.191704],[28.624413,44.191706],[28.624394,44.191805],[28.624378,44.191884],[28.624342,44.192062],[28.624306,44.19224],[28.62427,44.192418],[28.624245,44.192542],[28.624234,44.192596],[28.624229,44.192622],[28.624224,44.192648],[28.624203,44.192768],[28.624202,44.192774],[28.624168,44.192952],[28.624135,44.193131],[28.624101,44.193309],[28.624086,44.193391],[28.624069,44.193487],[28.624037,44.193666],[28.624005,44.193844],[28.623973,44.194022],[28.623941,44.194201],[28.623927,44.194283],[28.623922,44.19438],[28.623921,44.194403],[28.623914,44.19456],[28.623908,44.194693],[28.623905,44.19474],[28.623896,44.194919],[28.623886,44.195099],[28.623882,44.195173],[28.62388,44.195208],[28.62388,44.19528],[28.623879,44.195459],[28.623879,44.195639],[28.623879,44.195819],[28.623878,44.195998],[28.623878,44.196055],[28.623887,44.196181],[28.623891,44.196244],[28.623897,44.196346],[28.623896,44.196357],[28.623896,44.196532],[28.623926,44.196523],[28.623959,44.19652],[28.623992,44.196523],[28.624017,44.196532],[28.624027,44.196537],[28.62403,44.196539],[28.624039,44.196544],[28.624053,44.196556],[28.624065,44.196574],[28.624071,44.196595],[28.62407,44.196616],[28.624061,44.196636],[28.624046,44.196653],[28.624024,44.196668],[28.624035,44.196717],[28.624075,44.196895],[28.624087,44.196947],[28.624106,44.197006],[28.624125,44.197071],[28.624178,44.197246],[28.624215,44.19737],[28.624234,44.19742],[28.624299,44.197592],[28.624338,44.197695],[28.624371,44.197765],[28.62445,44.197935],[28.62453,44.198105],[28.624539,44.198124],[28.624636,44.198273],[28.624742,44.198436],[28.624829,44.198569],[28.624852,44.198598],[28.624975,44.198754],[28.625046,44.198844],[28.625105,44.198909],[28.625242,44.199059],[28.625319,44.199144],[28.625388,44.199209],[28.625443,44.199262],[28.625546,44.199351],[28.625623,44.199417],[28.625713,44.199487],[28.625861,44.199601],[28.625883,44.199617],[28.626058,44.199743],[28.626162,44.199818],[28.626232,44.199871],[28.626404,44.200001],[28.626577,44.200132],[28.626671,44.200203],[28.626747,44.200268],[28.626851,44.200356],[28.62691,44.200402],[28.627033,44.200498],[28.627079,44.200535],[28.627248,44.200668],[28.627254,44.200673],[28.627417,44.200801],[28.627424,44.200806],[28.627482,44.200851],[28.627586,44.200933],[28.627589,44.200936],[28.627619,44.200959],[28.627759,44.201062],[28.627935,44.20119],[28.628009,44.201245],[28.628104,44.201318],[28.628194,44.201388],[28.628273,44.201447],[28.628443,44.201575],[28.628497,44.201616],[28.628618,44.2017],[28.628688,44.201748],[28.628814,44.201812],[28.628818,44.201814],[28.628885,44.201849],[28.628915,44.201846],[28.628944,44.20185],[28.628971,44.20186],[28.628992,44.201875],[28.629006,44.201894],[28.629012,44.20191],[28.62902,44.201914],[28.629129,44.201967],[28.629187,44.201993],[28.629231,44.202011],[28.629245,44.202017],[28.629283,44.202029],[28.629327,44.202043],[28.629458,44.202081],[28.629497,44.202093],[28.62969,44.202146],[28.629694,44.202147],[28.629865,44.202194],[28.629923,44.202207],[28.630041,44.202235],[28.630161,44.202256],[28.630274,44.202275],[28.630373,44.20229],[28.630405,44.202296],[28.630517,44.202314],[28.630647,44.202332],[28.63065,44.202332],[28.630818,44.202357],[28.630895,44.202367],[28.631142,44.2024],[28.631342,44.202428],[28.631388,44.202434],[28.631635,44.202466],[28.631882,44.202498],[28.632128,44.202529],[28.632363,44.20256],[28.63241,44.202566],[28.632549,44.202583],[28.63261,44.202588],[28.632656,44.202592],[28.632756,44.202596],[28.632835,44.202598],[28.63285,44.202598],[28.632881,44.202579],[28.632918,44.202567],[28.632959,44.202563],[28.633,44.202568],[28.633036,44.202582],[28.633046,44.202589],[28.633066,44.202603],[28.63329,44.202633],[28.633314,44.202636],[28.63354,44.202636],[28.633726,44.202636],[28.633789,44.202635],[28.63404,44.202633],[28.634291,44.202631],[28.634479,44.20263],[28.634542,44.202629],[28.634793,44.202625],[28.635043,44.202621],[28.635294,44.202618],[28.635545,44.202614],[28.635796,44.20261],[28.635827,44.20261],[28.635932,44.202603],[28.636044,44.202595],[28.636088,44.202592],[28.63617,44.20258],[28.636195,44.202568],[28.636225,44.20256],[28.636256,44.202559],[28.636279,44.202563],[28.636292,44.202565],[28.636323,44.202579],[28.636346,44.2026],[28.636508,44.202613],[28.636621,44.202623],[28.636756,44.202631],[28.636779,44.202633],[28.637006,44.20264],[28.637254,44.202649],[28.637256,44.202649],[28.637506,44.202656],[28.637757,44.202664],[28.638008,44.202671],[28.638258,44.202678],[28.638421,44.202683],[28.638509,44.202688],[28.638759,44.202701],[28.639009,44.202714],[28.639259,44.202728],[28.639476,44.202739],[28.639512,44.202744],[28.639758,44.202776],[28.639895,44.202794],[28.640007,44.202825],[28.640199,44.202877],[28.64024,44.202889],[28.64042,44.20294],[28.640473,44.202954],[28.640499,44.202961],[28.640632,44.203007],[28.640703,44.203036],[28.640903,44.203118],[28.640921,44.203126],[28.641104,44.203204],[28.641136,44.203217],[28.641178,44.203235],[28.641242,44.203266],[28.641274,44.203268],[28.641307,44.203278],[28.64133,44.203292],[28.641369,44.203324],[28.641442,44.203387],[28.641535,44.203454],[28.641577,44.20348],[28.64162,44.203501],[28.641757,44.203563],[28.641818,44.203592],[28.641858,44.203619],[28.641882,44.203641],[28.641889,44.203655],[28.641893,44.20367],[28.641892,44.203683],[28.641915,44.203707],[28.642049,44.203853],[28.642094,44.203901],[28.64212,44.203918],[28.642217,44.203982],[28.642401,44.204104],[28.642586,44.204226],[28.642729,44.204321],[28.642771,44.204347],[28.642956,44.204462],[28.642961,44.204465],[28.643025,44.204502],[28.643114,44.204547],[28.643167,44.204567],[28.643188,44.204574],[28.64327,44.204597],[28.643401,44.204631],[28.643576,44.204677],[28.643632,44.204692],[28.643868,44.204754],[28.643912,44.204766],[28.644108,44.204811],[28.644263,44.204848],[28.644345,44.204867],[28.644386,44.204876],[28.644521,44.204866],[28.644563,44.204873],[28.644603,44.204882],[28.644667,44.204895],[28.644839,44.204938],[28.645076,44.204997],[28.645091,44.205001],[28.645219,44.205036],[28.645307,44.205088],[28.645339,44.205117],[28.645398,44.205124],[28.645531,44.205156],[28.645769,44.205214],[28.646007,44.205271],[28.646245,44.205328],[28.646483,44.205385],[28.646721,44.205442],[28.646958,44.205499],[28.647196,44.205556],[28.647207,44.205559],[28.647432,44.205615],[28.647444,44.205619],[28.647578,44.205651],[28.647641,44.205666],[28.64767,44.205673],[28.647805,44.205707],[28.647907,44.205732],[28.648145,44.205789],[28.648383,44.205846],[28.648583,44.205894],[28.64862,44.205904],[28.648857,44.205963],[28.649094,44.206023],[28.649331,44.206082],[28.649567,44.206142],[28.649804,44.206201],[28.650041,44.206261],[28.65007,44.206268],[28.650039,44.206333],[28.650009,44.206395],[28.649928,44.206566],[28.649854,44.206722],[28.64986,44.206744],[28.649905,44.206908],[28.649905,44.20692],[28.649912,44.207099],[28.649917,44.207211],[28.649904,44.207278],[28.649893,44.20734],[28.649828,44.207412],[28.649804,44.207424],[28.649739,44.207458],[28.649598,44.207508],[28.649584,44.207514],[28.649446,44.207482],[28.649401,44.207415],[28.649371,44.20737],[28.649358,44.207287],[28.649371,44.207255],[28.649403,44.207174],[28.649477,44.207099],[28.649525,44.207051],[28.649625,44.206961],[28.649732,44.206865],[28.649777,44.206812],[28.649854,44.206722],[28.649891,44.206643],[28.649972,44.206473],[28.650039,44.206333],[28.65007,44.206268],[28.649996,44.206249],[28.649766,44.206191],[28.649529,44.206132],[28.649292,44.206072],[28.649056,44.206013],[28.648819,44.205953],[28.648583,44.205894],[28.648582,44.205894],[28.648344,44.205837],[28.648106,44.20578],[28.647868,44.205722],[28.647805,44.205707],[28.647641,44.205666],[28.647631,44.205664],[28.647578,44.205651],[28.647444,44.205619],[28.647394,44.205606],[28.647207,44.205559],[28.647157,44.205547],[28.646919,44.20549],[28.646681,44.205433],[28.646443,44.205376],[28.646206,44.205318],[28.645968,44.205261],[28.64573,44.205204],[28.645492,44.205147],[28.645398,44.205124],[28.645339,44.205117],[28.645255,44.205123],[28.64524,44.205119],[28.645003,44.205061],[28.644779,44.205006],[28.644766,44.205003],[28.644631,44.204971],[28.6446,44.204964],[28.644518,44.204964],[28.644518,44.204964],[28.644466,44.205069],[28.644458,44.205086],[28.644376,44.205255],[28.644373,44.205262],[28.644303,44.205427],[28.644267,44.205512],[28.64423,44.205598],[28.644178,44.205722],[28.644158,44.20577],[28.644089,44.205943],[28.64402,44.206116],[28.643979,44.206219],[28.643957,44.206288],[28.643901,44.206463],[28.643864,44.206579],[28.643852,44.206635],[28.643851,44.206639],[28.643802,44.206815],[28.643776,44.206907],[28.64376,44.206991],[28.643726,44.207169],[28.643691,44.207347],[28.643685,44.207382],[28.643661,44.207525],[28.643632,44.207704],[28.643604,44.207878],[28.643603,44.207882],[28.643574,44.208061],[28.643568,44.208101],[28.643545,44.20824],[28.643517,44.208418],[28.643488,44.208597],[28.643474,44.208681],[28.64346,44.208776],[28.643433,44.208954],[28.643433,44.208957],[28.643429,44.208992],[28.643406,44.209133],[28.643377,44.209312],[28.643348,44.209491],[28.643319,44.209669],[28.64329,44.209848],[28.643289,44.209851],[28.643267,44.210027],[28.643244,44.210206],[28.643232,44.210299],[28.643227,44.210331],[28.643218,44.210385],[28.643214,44.210414],[28.643198,44.210563],[28.64318,44.210743],[28.643173,44.210805],[28.643154,44.210923],[28.643125,44.211102],[28.643096,44.21128],[28.643066,44.211459],[28.643049,44.211566],[28.643038,44.211637],[28.64301,44.211816],[28.642982,44.211995],[28.642954,44.212174],[28.642926,44.212352],[28.642899,44.212529],[28.642898,44.212531],[28.642871,44.21271],[28.642869,44.212717],[28.642843,44.212888],[28.642815,44.213067],[28.642789,44.213233],[28.642787,44.213246],[28.642764,44.213425],[28.642741,44.213604],[28.642717,44.213783],[28.642694,44.213962],[28.642682,44.214059],[28.642667,44.214141],[28.642662,44.214169],[28.642626,44.21432],[28.642584,44.214497],[28.642545,44.21466],[28.642542,44.214674],[28.642525,44.21475],[28.642496,44.214851],[28.642455,44.214997],[28.642439,44.215033],[28.642369,44.215186]]},"properties":{"line":"102","dir":"0","headsign":"Pescarie","mode":"bus","color":"#0059a9"}},{"type":"Feature","geometry":{"type":"LineString","coordinates":[[28.642369,44.215186],[28.642352,44.215224],[28.642259,44.215355],[28.642172,44.215476],[28.642145,44.215512],[28.642031,44.215662],[28.642036,44.215671],[28.642037,44.215676],[28.642042,44.215697],[28.642035,44.215722],[28.642017,44.215744],[28.64199,44.21576],[28.641956,44.215769],[28.641928,44.215771],[28.641901,44.215767],[28.641877,44.215758],[28.641856,44.215745],[28.641841,44.215728],[28.641832,44.21571],[28.641831,44.215687],[28.641839,44.215664],[28.641855,44.215646],[28.641856,44.215645],[28.641876,44.215632],[28.641903,44.215623],[28.641991,44.215481],[28.642009,44.215451],[28.641995,44.215321],[28.641995,44.215285],[28.641995,44.21526],[28.642021,44.215166],[28.642037,44.215118],[28.642044,44.215095],[28.6421,44.214997],[28.642127,44.214963],[28.642154,44.214927],[28.642227,44.214864],[28.642267,44.214846],[28.642325,44.214822],[28.642336,44.214777],[28.642366,44.214664],[28.642476,44.214059],[28.642527,44.213702],[28.642568,44.213443],[28.642698,44.212584],[28.6427,44.212569],[28.642756,44.212244],[28.642871,44.211558],[28.642895,44.211399],[28.642947,44.211058],[28.642976,44.210866],[28.642986,44.210801],[28.642989,44.210775],[28.643012,44.210596],[28.643036,44.210417],[28.643037,44.21041],[28.643046,44.210346],[28.643054,44.210295],[28.643062,44.210238],[28.643085,44.210079],[28.643088,44.210059],[28.643114,44.20988],[28.64314,44.209702],[28.643166,44.209523],[28.643181,44.209422],[28.643195,44.209345],[28.643227,44.209167],[28.643259,44.208988],[28.643267,44.208944],[28.643276,44.20889],[28.643289,44.208809],[28.643319,44.208631],[28.643349,44.208452],[28.643379,44.208273],[28.643409,44.208095],[28.643431,44.20796],[28.643439,44.207917],[28.64344,44.20791],[28.643468,44.207737],[28.643496,44.207559],[28.643524,44.20738],[28.643549,44.207223],[28.643553,44.207202],[28.643586,44.207024],[28.643619,44.206846],[28.643652,44.206668],[28.643662,44.206619],[28.643682,44.206537],[28.643696,44.206494],[28.643756,44.20632],[28.643801,44.20619],[28.643818,44.206147],[28.643889,44.205975],[28.64396,44.205803],[28.643975,44.205766],[28.644012,44.20568],[28.644034,44.205632],[28.644104,44.205475],[28.64411,44.205461],[28.64417,44.205337],[28.64419,44.205289],[28.644212,44.205238],[28.644267,44.205119],[28.644307,44.205032],[28.644352,44.204944],[28.644386,44.204876],[28.644263,44.204848],[28.644206,44.204834],[28.643967,44.204779],[28.643912,44.204766],[28.643731,44.204718],[28.643576,44.204677],[28.643496,44.204656],[28.64327,44.204597],[28.643261,44.204595],[28.643188,44.204574],[28.643114,44.204547],[28.643048,44.204514],[28.643025,44.204502],[28.642956,44.204462],[28.642858,44.204401],[28.642729,44.204321],[28.642671,44.204283],[28.642487,44.204161],[28.642303,44.204039],[28.64212,44.203918],[28.642118,44.203917],[28.642094,44.203901],[28.641982,44.20378],[28.641892,44.203683],[28.641883,44.203706],[28.641869,44.203723],[28.641855,44.203732],[28.641833,44.203743],[28.641807,44.203749],[28.641769,44.203748],[28.641746,44.203743],[28.641724,44.203734],[28.641706,44.203722],[28.641694,44.203713],[28.64164,44.203671],[28.641526,44.20358],[28.641524,44.203578],[28.641472,44.203542],[28.641418,44.20351],[28.641335,44.203474],[28.641283,44.203451],[28.641182,44.203407],[28.641153,44.203382],[28.641125,44.203364],[28.641012,44.20329],[28.640953,44.203255],[28.640939,44.203248],[28.640903,44.203227],[28.640835,44.203195],[28.640759,44.203159],[28.640735,44.203149],[28.640697,44.203133],[28.640623,44.203102],[28.640518,44.203062],[28.640459,44.20304],[28.640378,44.203006],[28.640297,44.202982],[28.640171,44.202944],[28.640065,44.202919],[28.639942,44.202889],[28.639827,44.202867],[28.639721,44.202847],[28.639586,44.202833],[28.639337,44.202807],[28.639167,44.20279],[28.639092,44.202787],[28.638841,44.202778],[28.638591,44.202769],[28.638341,44.20276],[28.63809,44.202751],[28.637839,44.202743],[28.637589,44.202734],[28.637339,44.202725],[28.637301,44.202723],[28.637089,44.202716],[28.636838,44.202707],[28.636776,44.202705],[28.636609,44.202699],[28.636589,44.202698],[28.636417,44.202694],[28.636331,44.202696],[28.636303,44.202712],[28.63627,44.202721],[28.636234,44.202722],[28.636195,44.202713],[28.636162,44.202695],[28.636104,44.202685],[28.635911,44.202652],[28.635866,44.202653],[28.635615,44.202656],[28.635364,44.20266],[28.635114,44.202663],[28.635066,44.202664],[28.63487,44.202666],[28.634863,44.202666],[28.634612,44.202668],[28.634361,44.202671],[28.634351,44.202671],[28.634111,44.202673],[28.633891,44.202674],[28.63386,44.202674],[28.63361,44.202677],[28.633364,44.202679],[28.633308,44.20268],[28.633126,44.202702],[28.633098,44.20271],[28.633062,44.202724],[28.633038,44.202741],[28.633009,44.202753],[28.632976,44.20276],[28.632942,44.202761],[28.632909,44.202756],[28.632901,44.202753],[28.632883,44.202747],[28.63286,44.202734],[28.632841,44.202718],[28.632698,44.202702],[28.632669,44.202697],[28.632494,44.202669],[28.632422,44.20266],[28.632181,44.202632],[28.631943,44.202605],[28.631805,44.202589],[28.631695,44.202576],[28.631448,44.202547],[28.6312,44.202517],[28.630953,44.202488],[28.630941,44.202487],[28.630705,44.202455],[28.630617,44.202443],[28.630485,44.202423],[28.630456,44.202418],[28.630345,44.2024],[28.630246,44.202384],[28.63021,44.202377],[28.629994,44.202338],[28.629961,44.202329],[28.62979,44.202284],[28.629725,44.202263],[28.629498,44.202188],[28.629313,44.202128],[28.629271,44.202112],[28.629209,44.202089],[28.629068,44.202035],[28.629049,44.202027],[28.629021,44.202015],[28.628955,44.201986],[28.628929,44.201992],[28.628901,44.201993],[28.628873,44.201988],[28.628848,44.201978],[28.628828,44.201964],[28.628815,44.201947],[28.628808,44.201925],[28.628808,44.201912],[28.628678,44.201843],[28.628609,44.201807],[28.628493,44.201724],[28.628428,44.201677],[28.628313,44.201599],[28.628131,44.201475],[28.628096,44.201452],[28.62795,44.201351],[28.62784,44.201276],[28.627769,44.201226],[28.627588,44.201101],[28.627444,44.201001],[28.627408,44.200976],[28.627328,44.200921],[28.627231,44.200846],[28.627061,44.200715],[28.626898,44.20059],[28.62689,44.200583],[28.626717,44.200453],[28.626711,44.200448],[28.626552,44.200316],[28.626528,44.200295],[28.626388,44.20018],[28.626224,44.200044],[28.626218,44.200038],[28.62606,44.199908],[28.625896,44.199772],[28.625732,44.199636],[28.625603,44.19953],[28.625567,44.1995],[28.625565,44.199499],[28.625413,44.199359],[28.625331,44.199283],[28.625261,44.199216],[28.625112,44.199071],[28.625053,44.199015],[28.624975,44.198923],[28.62489,44.198822],[28.624849,44.198769],[28.624728,44.198612],[28.624712,44.198592],[28.624633,44.198451],[28.624581,44.198359],[28.624535,44.198284],[28.624447,44.19814],[28.624437,44.198121],[28.62435,44.197952],[28.624336,44.197924],[28.624277,44.197783],[28.62425,44.197716],[28.624206,44.19761],[28.624179,44.197547],[28.624143,44.197438],[28.624085,44.197263],[28.62405,44.197159],[28.62403,44.197089],[28.624013,44.197031],[28.623986,44.196915],[28.623945,44.196738],[28.623932,44.196681],[28.623902,44.196673],[28.623877,44.196659],[28.623855,44.196637],[28.623844,44.196612],[28.623846,44.196585],[28.623856,44.196564],[28.623873,44.196546],[28.623896,44.196532],[28.623896,44.196403],[28.623897,44.196346],[28.623891,44.196244],[28.62389,44.196219],[28.623878,44.196055],[28.623878,44.196044],[28.623879,44.195866],[28.623879,44.195686],[28.623879,44.195507],[28.62388,44.195327],[28.62388,44.195208],[28.623882,44.195173],[28.623883,44.195148],[28.623893,44.194968],[28.623903,44.194788],[28.623908,44.194693],[28.623912,44.194608],[28.623919,44.194429],[28.623921,44.194403],[28.623927,44.194283],[28.623932,44.194251],[28.623964,44.194073],[28.623996,44.193894],[28.624028,44.193716],[28.62406,44.193538],[28.624086,44.193391],[28.624092,44.193359],[28.624125,44.193181],[28.624159,44.193003],[28.624192,44.192825],[28.624203,44.192768],[28.624224,44.192648],[28.624224,44.192647],[28.624229,44.192622],[28.624245,44.192542],[28.62426,44.192469],[28.624296,44.192291],[28.624332,44.192113],[28.624368,44.191935],[28.624394,44.191805],[28.624403,44.191756],[28.624413,44.191704],[28.624437,44.191578],[28.624451,44.191503],[28.624462,44.191441],[28.624467,44.191414],[28.62447,44.191401],[28.624505,44.191223],[28.624537,44.191063],[28.624539,44.191042],[28.624556,44.190863],[28.624568,44.190749],[28.624553,44.190738],[28.624533,44.190712],[28.624525,44.190684],[28.62453,44.190655],[28.624549,44.190629],[28.624578,44.190609],[28.624596,44.190601],[28.624612,44.190526],[28.62465,44.19035],[28.624667,44.19027],[28.624674,44.19022],[28.624675,44.190169],[28.624678,44.190038],[28.624677,44.189989],[28.624677,44.189886],[28.624668,44.189808],[28.62465,44.189661],[28.624641,44.189627],[28.624596,44.18945],[28.624557,44.189297],[28.624548,44.189272],[28.624488,44.189115],[28.624481,44.189098],[28.624399,44.188929],[28.62432,44.188765],[28.624316,44.188759],[28.624209,44.188597],[28.624172,44.188541],[28.624094,44.188437],[28.623974,44.188279],[28.623855,44.188121],[28.623847,44.18811],[28.623726,44.187966],[28.623597,44.187812],[28.623592,44.187805],[28.623496,44.18769],[28.62347,44.187657],[28.623383,44.187546],[28.623348,44.1875],[28.623228,44.187342],[28.623108,44.187184],[28.622988,44.187026],[28.622868,44.186869],[28.622748,44.186711],[28.622628,44.186553],[28.622598,44.186513],[28.622512,44.186428],[28.622501,44.186411],[28.622493,44.186401],[28.622449,44.186343],[28.622373,44.186243],[28.622253,44.186085],[28.622132,44.185927],[28.622012,44.185769],[28.621891,44.185612],[28.621864,44.185576],[28.621797,44.185489],[28.621771,44.185454],[28.621653,44.185296],[28.621534,44.185137],[28.62145,44.185025],[28.621412,44.184978],[28.62133,44.184878],[28.621202,44.184841],[28.621155,44.184827],[28.621062,44.184715],[28.620935,44.18456],[28.620808,44.184405],[28.620794,44.184389],[28.620681,44.18425],[28.620554,44.184095],[28.620427,44.18394],[28.620377,44.183878],[28.620301,44.183785],[28.620174,44.18363],[28.620047,44.183475],[28.61992,44.18332],[28.619793,44.183164],[28.619713,44.183066],[28.619667,44.183009],[28.61954,44.182854],[28.619413,44.182699],[28.619286,44.182544],[28.619245,44.182494],[28.619159,44.182389],[28.619032,44.182234],[28.618953,44.182137],[28.618911,44.182078],[28.618801,44.18192],[28.6188,44.181918],[28.618703,44.181754],[28.618606,44.181591],[28.618532,44.181465],[28.6185,44.181424],[28.618429,44.181331],[28.618382,44.181267],[28.618329,44.181194],[28.61827,44.181108],[28.618257,44.181089],[28.61816,44.180946],[28.618113,44.180878],[28.618051,44.180785],[28.61804,44.180768],[28.617937,44.180623],[28.617917,44.180595],[28.617901,44.180572],[28.617819,44.180463],[28.61773,44.180345],[28.617694,44.180304],[28.617658,44.180263],[28.61756,44.180152],[28.617547,44.180137],[28.617426,44.179999],[28.617377,44.179944],[28.617309,44.179865],[28.617289,44.179845],[28.617142,44.1797],[28.616995,44.179554],[28.616848,44.179409],[28.616749,44.179311],[28.616698,44.179263],[28.616546,44.17912],[28.616395,44.178977],[28.616243,44.178833],[28.616091,44.17869],[28.615985,44.178591],[28.615939,44.178547],[28.61583,44.178446],[28.615787,44.178404],[28.615635,44.178261],[28.615484,44.178118],[28.615332,44.177974],[28.615181,44.177831],[28.615153,44.177804],[28.61503,44.177687],[28.615008,44.177667],[28.614994,44.177657],[28.614905,44.177589],[28.614858,44.177551],[28.614711,44.177434],[28.614691,44.177418],[28.614524,44.177285],[28.614357,44.177152],[28.614191,44.177019],[28.614155,44.17699],[28.614121,44.176986],[28.614089,44.176976],[28.614059,44.17696],[28.614036,44.176939],[28.61402,44.176914],[28.61402,44.176914],[28.614014,44.176888],[28.614015,44.176866],[28.614022,44.176846],[28.613959,44.176777],[28.613822,44.176629],[28.613733,44.176534],[28.613696,44.176494],[28.613684,44.176481],[28.613552,44.176329],[28.613419,44.176177],[28.613326,44.176071],[28.613278,44.176024],[28.613128,44.17588],[28.612979,44.175736],[28.61283,44.175591],[28.61272,44.175485],[28.612682,44.175447],[28.612535,44.175301],[28.612389,44.175154],[28.612243,44.175008],[28.612097,44.174862],[28.612064,44.174829],[28.61195,44.174716],[28.611897,44.174663],[28.611807,44.17457],[28.611664,44.174422],[28.611521,44.174274],[28.611378,44.174126],[28.611236,44.173978],[28.611093,44.17383],[28.611063,44.173799],[28.610956,44.173681],[28.610818,44.173531],[28.610732,44.173436],[28.61068,44.17338],[28.610624,44.17332],[28.610554,44.17323],[28.61051,44.173175],[28.610444,44.173074],[28.610398,44.173005],[28.610349,44.172914],[28.610309,44.172839],[28.610274,44.172748],[28.610239,44.172659],[28.610224,44.17258],[28.610204,44.172474],[28.6102,44.172408],[28.61019,44.172229],[28.610187,44.172166],[28.610123,44.172046],[28.610115,44.172031],[28.610108,44.171872],[28.610101,44.171692],[28.610101,44.171692],[28.610096,44.171513],[28.61009,44.171336],[28.610085,44.171167],[28.610081,44.171149],[28.610044,44.170995],[28.610038,44.170973],[28.610024,44.170916],[28.609986,44.170881],[28.609986,44.170881],[28.609968,44.170843],[28.609966,44.170807],[28.609974,44.170773],[28.60999,44.170752],[28.610018,44.170722],[28.610017,44.170695],[28.610016,44.170589],[28.610026,44.170531],[28.610053,44.170353],[28.61007,44.170246],[28.610067,44.170167],[28.610059,44.169988],[28.610057,44.169935],[28.61004,44.169805],[28.610018,44.169627],[28.610016,44.169621],[28.609976,44.169443],[28.609961,44.169378],[28.609931,44.169265],[28.609896,44.169133],[28.609881,44.169086],[28.609822,44.168912],[28.609784,44.168799],[28.609764,44.168737],[28.609719,44.168594],[28.609707,44.168561],[28.609642,44.168387],[28.609633,44.168362],[28.609561,44.168213],[28.609478,44.168043],[28.609406,44.167893],[28.609393,44.167872],[28.609299,44.167705],[28.609264,44.167644],[28.609195,44.16754],[28.609087,44.167377],[28.609017,44.16727],[28.608977,44.167214],[28.608863,44.167054],[28.608749,44.166894],[28.608694,44.166818],[28.608631,44.166735],[28.60851,44.166577],[28.60839,44.166419],[28.60827,44.166261],[28.608149,44.166104],[28.608067,44.165996],[28.608026,44.165946],[28.607939,44.165838],[28.607904,44.16579],[28.607785,44.165632],[28.607666,44.165473],[28.60765,44.165451],[28.607557,44.165324],[28.60755,44.165315],[28.607434,44.165155],[28.607318,44.164996],[28.607241,44.16489],[28.607217,44.164858],[28.607202,44.164836],[28.607089,44.164682],[28.607085,44.164676],[28.606965,44.164518],[28.606913,44.164449],[28.606846,44.16436],[28.606776,44.164268],[28.606725,44.164202],[28.606603,44.164045],[28.606481,44.163888],[28.606359,44.16373],[28.606237,44.163573],[28.606116,44.163416],[28.60604,44.163318],[28.605992,44.163259],[28.605974,44.163236],[28.605869,44.163102],[28.605746,44.162946],[28.605623,44.162789],[28.605499,44.162632],[28.605376,44.162476],[28.605253,44.162319],[28.605132,44.162165],[28.605129,44.162162],[28.605004,44.162006],[28.604882,44.161856],[28.604878,44.161851],[28.604751,44.161696],[28.604646,44.161567],[28.604625,44.161541],[28.604536,44.161431],[28.604499,44.161386],[28.604371,44.161232],[28.604343,44.161198],[28.604277,44.161112],[28.604251,44.161076],[28.604131,44.160918],[28.604113,44.160894],[28.604007,44.160761],[28.603882,44.160604],[28.603758,44.160448],[28.603634,44.160292],[28.60351,44.160136],[28.603505,44.16013],[28.603361,44.159985],[28.603345,44.159968],[28.603161,44.159853],[28.603075,44.159799],[28.602943,44.159746],[28.60279,44.159684],[28.602703,44.159664],[28.602465,44.15961],[28.602441,44.159605],[28.602208,44.159595],[28.60219,44.159597],[28.601942,44.159616],[28.601917,44.159618],[28.601694,44.159654],[28.60168,44.159656],[28.601483,44.159688],[28.60145,44.159694],[28.601275,44.159725],[28.601206,44.159737],[28.600963,44.159779],[28.600937,44.159784],[28.600758,44.159815],[28.600719,44.159821],[28.600473,44.159857],[28.600228,44.159893],[28.600073,44.159916],[28.59998,44.159925],[28.599731,44.159947],[28.599482,44.15997],[28.59931,44.159986],[28.599231,44.159988],[28.59898,44.159997],[28.598971,44.159997],[28.59873,44.160006],[28.598541,44.160012],[28.598477,44.160011],[28.598227,44.160008],[28.598003,44.160006],[28.597975,44.160005],[28.597724,44.159996],[28.597474,44.159988],[28.597462,44.159988],[28.597224,44.159967],[28.596976,44.159946],[28.596952,44.159944],[28.596728,44.159924],[28.596681,44.15992],[28.59648,44.1599],[28.596318,44.159884],[28.596232,44.159875],[28.5961,44.159861],[28.595984,44.159848],[28.595736,44.159822],[28.595488,44.159795],[28.595239,44.159769],[28.594991,44.159743],[28.594743,44.159716],[28.594495,44.15969],[28.594247,44.159663],[28.594162,44.159654],[28.593999,44.159636],[28.593785,44.159612],[28.593751,44.159608],[28.593669,44.159599],[28.593503,44.159582],[28.593426,44.159574],[28.593255,44.159556],[28.593007,44.15953],[28.592795,44.159507],[28.592758,44.159503],[28.592723,44.1595],[28.59251,44.159477],[28.592401,44.159466],[28.592262,44.159451],[28.592014,44.159424],[28.591766,44.159398],[28.591518,44.159371],[28.591357,44.159354],[28.59127,44.159345],[28.591224,44.15934],[28.591176,44.159335],[28.591021,44.159319],[28.590773,44.159294],[28.590524,44.159268],[28.590449,44.159261],[28.590276,44.159243],[28.590211,44.159236],[28.590029,44.159217],[28.589781,44.15919],[28.589532,44.159164],[28.589284,44.159137],[28.589036,44.159111],[28.588788,44.159084],[28.588731,44.159078],[28.588539,44.159059],[28.588291,44.159035],[28.588042,44.159011],[28.587794,44.158986],[28.587546,44.158962],[28.587487,44.158956],[28.587298,44.158937],[28.5873,44.158938]]},"properties":{"line":"102","dir":"1","headsign":"Cap Linie Industriala -imbarcare","mode":"bus","color":"#0059a9"}},{"type":"Feature","geometry":{"type":"LineString","coordinates":[[28.632459,44.16897],[28.632516,44.168864],[28.632591,44.168891],[28.632661,44.168916],[28.632797,44.168964],[28.632849,44.16902],[28.632935,44.169112],[28.632978,44.169124],[28.633007,44.169133],[28.633057,44.169148],[28.633062,44.169149],[28.633269,44.16921],[28.633275,44.169212],[28.633396,44.169247],[28.633473,44.169113],[28.633513,44.169042],[28.633607,44.168875],[28.633617,44.168859],[28.633678,44.168745],[28.633698,44.168708],[28.633793,44.168542],[28.633877,44.168394],[28.633886,44.168379],[28.633923,44.168323],[28.633959,44.168277],[28.633994,44.16824],[28.633994,44.16824],[28.63405,44.168191],[28.634105,44.168154],[28.634156,44.168124],[28.634211,44.168094],[28.634314,44.168042],[28.634357,44.16802],[28.634477,44.16796],[28.634562,44.167923],[28.634729,44.167851],[28.634776,44.167832],[28.634998,44.167745],[28.635002,44.167707],[28.635014,44.167602],[28.635011,44.167526],[28.63501,44.167495],[28.634989,44.16741],[28.634957,44.167351],[28.634955,44.167348],[28.634927,44.16731],[28.634861,44.167244],[28.634803,44.167203],[28.634624,44.167077],[28.634565,44.167035],[28.634455,44.166944],[28.634428,44.166922],[28.63432,44.166824],[28.634303,44.166805],[28.634229,44.166722],[28.634177,44.16665],[28.634162,44.16663],[28.634116,44.166556],[28.634076,44.166489],[28.633977,44.166324],[28.633937,44.166256],[28.633881,44.166159],[28.633801,44.166018],[28.633786,44.165992],[28.633689,44.165826],[28.633593,44.165661],[28.63352,44.165534],[28.633497,44.165495],[28.633402,44.165328],[28.633307,44.165162],[28.633291,44.165133],[28.633213,44.164995],[28.633118,44.164829],[28.633024,44.164662],[28.632976,44.164578],[28.632931,44.164495],[28.632845,44.164338],[28.632839,44.164327],[28.632756,44.164157],[28.632693,44.164028],[28.632675,44.163987],[28.632614,44.163852],[28.6326,44.163815],[28.632551,44.163693],[28.63253,44.163643],[28.632496,44.163561],[28.632464,44.163469],[28.632403,44.163295],[28.632347,44.163134],[28.632342,44.16312],[28.632287,44.162945],[28.632236,44.162782],[28.632232,44.162769],[28.632178,44.162593],[28.632125,44.162418],[28.632124,44.162413],[28.632073,44.162242],[28.632052,44.162168],[28.632023,44.162066],[28.631982,44.161914],[28.631976,44.161889],[28.631933,44.161712],[28.631899,44.161569],[28.631892,44.161534],[28.631855,44.161357],[28.631833,44.161251],[28.63182,44.161178],[28.631792,44.161011],[28.63179,44.161],[28.631762,44.160821],[28.631759,44.160795],[28.631735,44.160642],[28.63173,44.160615],[28.631712,44.160463],[28.631701,44.160378],[28.631693,44.160284],[28.631682,44.160159],[28.631679,44.160105],[28.631668,44.159925],[28.631657,44.159746],[28.631647,44.159566],[28.631636,44.159386],[28.63163,44.159273],[28.631627,44.159207],[28.631623,44.159118],[28.631619,44.159027],[28.631612,44.158848],[28.63161,44.158785],[28.631601,44.158668],[28.631599,44.158634],[28.631587,44.158524],[28.631582,44.15849],[28.631567,44.158391],[28.631551,44.158312],[28.631543,44.158275],[28.63151,44.158159],[28.631501,44.158136],[28.63146,44.158017],[28.631439,44.157963],[28.631423,44.157922],[28.631369,44.157802],[28.631362,44.15779],[28.631339,44.157749],[28.631292,44.157675],[28.631261,44.157625],[28.631222,44.157563],[28.631363,44.157551],[28.631417,44.157546],[28.631507,44.157539],[28.631663,44.157518],[28.631896,44.157487],[28.631909,44.157484],[28.632054,44.157461],[28.632152,44.157443],[28.632205,44.157433],[28.632378,44.157394],[28.63241,44.157444],[28.632415,44.157453],[28.632498,44.157589],[28.63251,44.15761],[28.632602,44.157772],[28.632606,44.157783],[28.632637,44.15787],[28.632655,44.157921],[28.632668,44.157957],[28.632732,44.15813],[28.632796,44.158304],[28.632859,44.158478],[28.632889,44.158559],[28.632908,44.158617],[28.63292,44.158653],[28.632944,44.158726],[28.632975,44.158829],[28.633008,44.158937],[28.63304,44.158997],[28.633093,44.159057],[28.633195,44.159135],[28.633366,44.159266],[28.633537,44.159397],[28.633543,44.159402],[28.6337,44.159537],[28.63386,44.159675],[28.633919,44.159727],[28.63402,44.159814],[28.634085,44.15987],[28.634192,44.159939],[28.634377,44.16006],[28.634476,44.160124],[28.634566,44.160174],[28.634764,44.160283],[28.634773,44.160288],[28.63498,44.160375],[28.635139,44.160441],[28.635198,44.160459],[28.63543,44.160527],[28.635587,44.160574],[28.635665,44.16059],[28.635905,44.160641],[28.636146,44.160692],[28.636162,44.160695],[28.636392,44.160725],[28.636632,44.160757],[28.636639,44.160757],[28.636888,44.160765],[28.637137,44.160773],[28.63726,44.160777],[28.637393,44.160768],[28.637642,44.160751],[28.637678,44.160748],[28.637892,44.160725],[28.63814,44.160697],[28.638387,44.16067],[28.638576,44.160649],[28.638639,44.160556],[28.63871,44.16045],[28.638733,44.16039],[28.638776,44.16028],[28.638759,44.160208],[28.638741,44.160127],[28.63866,44.160036],[28.638646,44.160021],[28.638479,44.159931],[28.638464,44.159926],[28.638352,44.159891],[28.638226,44.159883],[28.638139,44.159876],[28.637988,44.159903],[28.637919,44.159915],[28.637779,44.159983],[28.637708,44.160018],[28.637609,44.160098],[28.637446,44.160232],[28.637318,44.160381],[28.63724,44.160471],[28.637216,44.160532],[28.637181,44.160624],[28.637177,44.1607],[28.637168,44.160877],[28.637167,44.160905],[28.637194,44.161055],[28.637196,44.161068],[28.637226,44.161233],[28.637257,44.161408],[28.637258,44.161411],[28.637298,44.161589],[28.637337,44.161766],[28.637376,44.16194],[28.637377,44.161945],[28.637408,44.162123],[28.637439,44.162302],[28.63747,44.16248],[28.637501,44.162659],[28.637529,44.16282],[28.637531,44.162838],[28.637555,44.163017],[28.637579,44.163196],[28.637602,44.163373],[28.63762,44.163509],[28.637637,44.163554],[28.637691,44.163701],[28.637706,44.16373],[28.637781,44.163873],[28.637796,44.163897],[28.637856,44.163995],[28.637901,44.164061],[28.637953,44.164137],[28.638019,44.16422],[28.638117,44.164344],[28.638146,44.164375],[28.638254,44.164492],[28.638286,44.164524],[28.638374,44.164613],[28.638438,44.164669],[28.638544,44.164762],[28.638601,44.164807],[28.638769,44.164941],[28.638804,44.164968],[28.638944,44.16507],[28.63912,44.165198],[28.639138,44.165212],[28.639305,44.16532],[28.639491,44.16544],[28.639677,44.16556],[28.639804,44.165642],[28.639862,44.165684],[28.640039,44.165811],[28.640216,44.165939],[28.640393,44.166066],[28.64057,44.166194],[28.640612,44.166224],[28.640735,44.166336],[28.640889,44.166477],[28.641044,44.166618],[28.641199,44.16676],[28.641211,44.166771],[28.641341,44.16691],[28.64148,44.167059],[28.641535,44.167118],[28.641635,44.167199],[28.641658,44.167218],[28.641832,44.167314],[28.641889,44.167345],[28.642048,44.167401],[28.642309,44.167425],[28.642365,44.16743],[28.642559,44.16742],[28.642809,44.167408],[28.643059,44.167396],[28.643309,44.167384],[28.643559,44.167372],[28.64381,44.16736],[28.64406,44.167348],[28.64431,44.167336],[28.64456,44.167324],[28.644607,44.167321],[28.644974,44.167304],[28.648572,44.16697],[28.64861,44.166966],[28.64864,44.167135],[28.648671,44.167313],[28.648686,44.167398],[28.648703,44.167492],[28.648734,44.16767],[28.648764,44.167841],[28.648765,44.167849],[28.648794,44.168011],[28.648797,44.168027],[28.648828,44.168205],[28.648828,44.168206],[28.648859,44.168384],[28.648891,44.168563],[28.648922,44.168741],[28.648922,44.168744],[28.648953,44.16892],[28.648984,44.169098],[28.649015,44.169272],[28.649016,44.169276],[28.649042,44.169428],[28.649053,44.169488],[28.649308,44.169465],[28.649557,44.169443],[28.649806,44.16942],[28.649905,44.169412],[28.649915,44.169471],[28.649947,44.16965],[28.649978,44.169828],[28.649983,44.169857],[28.650009,44.170007],[28.65004,44.170185],[28.650063,44.170315],[28.650072,44.170363],[28.65009,44.170466],[28.650097,44.170508],[28.651035,44.170726],[28.651824,44.170909],[28.653372,44.171263],[28.654024,44.171414],[28.654263,44.171469],[28.654501,44.171524],[28.65474,44.171579],[28.654979,44.171635],[28.655139,44.171672],[28.655219,44.171688],[28.655461,44.171737],[28.655694,44.171784],[28.655703,44.171785],[28.655947,44.171823],[28.655989,44.17183],[28.656191,44.171861],[28.656195,44.171862],[28.656246,44.171866],[28.65632,44.171872],[28.656438,44.171886],[28.656685,44.171914],[28.656932,44.171942],[28.656945,44.171944],[28.657116,44.171953],[28.657153,44.17195],[28.65716,44.17195],[28.65722,44.171945],[28.657306,44.171756],[28.657312,44.171742],[28.657384,44.171585],[28.657462,44.171414],[28.657539,44.171243],[28.657617,44.171072],[28.657695,44.170901],[28.657773,44.17073],[28.657851,44.170559],[28.657928,44.170388],[28.657981,44.170272],[28.658006,44.170216],[28.658082,44.170045],[28.658158,44.169873],[28.658169,44.169849],[28.658198,44.169783],[28.658213,44.169787],[28.65845,44.169843],[28.658687,44.1699],[28.658705,44.169904],[28.658924,44.169956],[28.658961,44.169965],[28.659029,44.169977],[28.659038,44.169961],[28.659053,44.169947],[28.659074,44.169938],[28.659099,44.169933],[28.659126,44.169935],[28.659149,44.169943],[28.659156,44.169948],[28.659168,44.169956],[28.659179,44.169974],[28.659182,44.169992],[28.659384,44.169998],[28.659433,44.170001],[28.659502,44.170005],[28.659537,44.169919],[28.659545,44.169838],[28.659546,44.169829],[28.659546,44.169656],[28.659546,44.169629],[28.659493,44.16947],[28.659441,44.169317],[28.659431,44.169292],[28.659357,44.16912],[28.659284,44.168948],[28.659231,44.168776],[28.659176,44.168601],[28.659121,44.168425],[28.659105,44.168373],[28.65908,44.168251],[28.659045,44.168073],[28.659009,44.167895],[28.658973,44.167717],[28.658937,44.167539],[28.658901,44.167361],[28.658865,44.167183],[28.65883,44.167005],[28.658794,44.166827],[28.658764,44.16668],[28.658759,44.16665],[28.658728,44.166471],[28.658696,44.166293],[28.658665,44.166114],[28.658634,44.165936],[28.658603,44.165757],[28.658572,44.165579],[28.658541,44.1654],[28.65851,44.165222],[28.658478,44.165043],[28.658447,44.164865],[28.658416,44.164686],[28.658385,44.164508],[28.658354,44.164329],[28.658323,44.164151],[28.658291,44.163973],[28.65826,44.163794],[28.658229,44.163616],[28.658198,44.163437],[28.658167,44.163259],[28.658136,44.16308],[28.658104,44.162902],[28.658073,44.162723],[28.658042,44.162545],[28.658018,44.162406],[28.658015,44.162369],[28.657998,44.162189],[28.657998,44.16218],[28.658004,44.162046],[28.658006,44.162016],[28.65801,44.161952],[28.657935,44.161831],[28.657926,44.161817],[28.657907,44.161771],[28.657888,44.161683],[28.657846,44.161685],[28.657635,44.161697],[28.657439,44.161707],[28.657383,44.161695],[28.657315,44.161679],[28.65722,44.161609],[28.657186,44.161433],[28.657155,44.161275],[28.657155,44.161275],[28.657383,44.161258],[28.657632,44.16124],[28.657865,44.161223],[28.657865,44.161223],[28.65787,44.161368],[28.657876,44.161537],[28.657877,44.161548],[28.657888,44.161683],[28.657897,44.161726],[28.657907,44.161771],[28.657926,44.161817],[28.657971,44.16189],[28.65801,44.161952],[28.658004,44.162046],[28.658003,44.162081],[28.657998,44.16218],[28.658018,44.162406],[28.65864,44.165967],[28.658671,44.166146],[28.658702,44.166324],[28.658733,44.166503],[28.658764,44.16668],[28.658764,44.166681],[28.6588,44.166859],[28.658836,44.167037],[28.658872,44.167215],[28.658908,44.167393],[28.658944,44.167571],[28.658979,44.167749],[28.659015,44.167927],[28.659051,44.168105],[28.659087,44.168283],[28.659105,44.168373],[28.659132,44.168459],[28.659186,44.168635],[28.659241,44.16881],[28.659284,44.168948],[28.659299,44.168983],[28.659372,44.169155],[28.659441,44.169317],[28.659445,44.169329],[28.659504,44.169504],[28.659546,44.169629],[28.659546,44.169687],[28.659546,44.169829],[28.659542,44.169869],[28.659537,44.169919],[28.659502,44.170005],[28.659502,44.170005],[28.659637,44.170055],[28.65971,44.170081],[28.659857,44.170139],[28.659916,44.170162],[28.660089,44.170206],[28.660205,44.170245],[28.660317,44.170286],[28.660459,44.170339],[28.660539,44.17037],[28.660759,44.170456],[28.660979,44.170542],[28.661088,44.170585],[28.661157,44.17062],[28.661181,44.170636],[28.661211,44.170656],[28.661259,44.1707],[28.661289,44.170733],[28.661319,44.170771],[28.661347,44.170806],[28.661579,44.170836],[28.661826,44.170868],[28.662073,44.1709],[28.66232,44.170932],[28.662522,44.170958],[28.662567,44.170964],[28.662729,44.170985],[28.662808,44.171],[28.662963,44.17103],[28.66303,44.171055],[28.66321,44.171122],[28.663252,44.171138],[28.663339,44.171171],[28.66344,44.171239],[28.663623,44.171362],[28.663805,44.171485],[28.663959,44.171589],[28.663988,44.171608],[28.664171,44.171732],[28.664354,44.171855],[28.664407,44.171891],[28.664439,44.171961],[28.664439,44.171989],[28.664438,44.17203],[28.664371,44.172147],[28.664276,44.172313],[28.664264,44.172333],[28.66417,44.172475],[28.664062,44.172637],[28.664032,44.172682],[28.664005,44.172728],[28.664011,44.172809],[28.664012,44.17281],[28.664057,44.172897],[28.664138,44.172959],[28.664149,44.172968],[28.664373,44.173037],[28.664482,44.173071],[28.664599,44.173115],[28.664613,44.173121],[28.664698,44.173183],[28.664712,44.173261],[28.66472,44.173305],[28.664672,44.173431],[28.66466,44.17346],[28.664611,44.173559],[28.664582,44.173599],[28.664466,44.173758],[28.66445,44.173781],[28.664345,44.173916],[28.664342,44.17392],[28.664294,44.173981],[28.664245,44.174038],[28.664214,44.174063],[28.664194,44.17408],[28.66414,44.174104],[28.664025,44.174114],[28.663984,44.174108],[28.663978,44.174107],[28.663938,44.174093],[28.66388,44.174057],[28.663796,44.173999],[28.663655,44.173901],[28.663618,44.173874],[28.663446,44.173743],[28.663388,44.173699],[28.663282,44.173608],[28.663247,44.173577],[28.663261,44.173577],[28.663512,44.17357],[28.663763,44.173564],[28.663972,44.173559],[28.664012,44.173559],[28.664263,44.173559],[28.664331,44.173559],[28.664514,44.173559],[28.664611,44.173559],[28.66466,44.17346],[28.664691,44.173382],[28.66472,44.173305],[28.6647,44.173194],[28.664698,44.173183],[28.664613,44.173121],[28.664486,44.173072],[28.664482,44.173071],[28.664255,44.173001],[28.664149,44.172968],[28.664057,44.172897],[28.664011,44.172809],[28.664005,44.172728],[28.664005,44.172728],[28.664032,44.172682],[28.664079,44.172611],[28.664187,44.172449],[28.664264,44.172333],[28.664293,44.172283],[28.664388,44.172117],[28.664438,44.17203],[28.664439,44.171961],[28.664407,44.171891],[28.664386,44.171877],[28.664206,44.171755],[28.664023,44.171632],[28.663959,44.171589],[28.66384,44.171509],[28.663658,44.171386],[28.663475,44.171262],[28.663339,44.171171],[28.663273,44.171146],[28.66321,44.171122],[28.663052,44.171063],[28.662963,44.17103],[28.662809,44.171],[28.662729,44.170985],[28.66256,44.170963],[28.662522,44.170958],[28.662313,44.170931],[28.662067,44.1709],[28.66182,44.170868],[28.661574,44.170836],[28.661347,44.170806],[28.661335,44.170791],[28.661289,44.170733],[28.661259,44.1707],[28.661216,44.170661],[28.661211,44.170656],[28.661157,44.17062],[28.661088,44.170585],[28.661006,44.170553],[28.660786,44.170467],[28.660565,44.170381],[28.660459,44.170339],[28.660325,44.170317],[28.660191,44.170295],[28.660134,44.170292],[28.660078,44.170297],[28.660024,44.170312],[28.659896,44.170369],[28.659896,44.170369],[28.659853,44.170409],[28.65979,44.170455],[28.659722,44.170501],[28.659676,44.170532],[28.659644,44.170562],[28.659591,44.170619],[28.659574,44.170639],[28.659563,44.170653],[28.659486,44.170758],[28.659462,44.170796],[28.659395,44.170904],[28.659355,44.170956],[28.659236,44.171112],[28.659159,44.171213],[28.659115,44.171269],[28.659103,44.171285],[28.658964,44.171409],[28.658958,44.171415],[28.658854,44.1715],[28.658812,44.171549],[28.658682,44.1717],[28.65855,44.171853],[28.658418,44.172006],[28.658319,44.172121],[28.658289,44.172158],[28.658166,44.172315],[28.658127,44.172366],[28.658024,44.172467],[28.657876,44.172612],[28.657779,44.172707],[28.657718,44.172756],[28.657609,44.172843],[28.65755,44.172889],[28.657381,44.173021],[28.657299,44.173085],[28.657205,44.17315],[28.657062,44.17325],[28.657025,44.173275],[28.656949,44.173328],[28.656842,44.173399],[28.656699,44.173492],[28.656652,44.173519],[28.656456,44.173631],[28.65642,44.173651],[28.656251,44.173737],[28.656103,44.173812],[28.656041,44.173839],[28.655826,44.173931],[28.65575,44.173964],[28.655603,44.174017],[28.655379,44.174097],[28.655155,44.174177],[28.65493,44.174257],[28.654706,44.174337],[28.654481,44.174418],[28.654257,44.174498],[28.654032,44.174578],[28.653808,44.174659],[28.653583,44.174739],[28.653359,44.174819],[28.653134,44.174899],[28.65291,44.17498],[28.652768,44.17503],[28.652685,44.17506],[28.652552,44.175108],[28.652461,44.17514],[28.652389,44.175167],[28.652252,44.175232],[28.65205,44.175328],[28.652045,44.175331],[28.651993,44.175361],[28.651914,44.17541],[28.651869,44.175453],[28.651855,44.175465],[28.651737,44.175592],[28.651718,44.175612],[28.651693,44.175653],[28.65167,44.175688],[28.651669,44.175711],[28.651659,44.175731],[28.65164,44.175748],[28.651638,44.175748],[28.651614,44.17576],[28.651585,44.175765],[28.651554,44.175763],[28.651618,44.175785],[28.651787,44.175843],[28.651937,44.175895],[28.652011,44.175926],[28.652227,44.176017],[28.652443,44.176108],[28.652659,44.176199],[28.652875,44.17629],[28.653005,44.176344],[28.653091,44.176381],[28.653307,44.176473],[28.653413,44.176518],[28.653503,44.176561],[28.65352,44.176569],[28.653642,44.176633],[28.653671,44.176651],[28.653687,44.176662],[28.653715,44.176681],[28.653898,44.176803],[28.654082,44.176925],[28.654266,44.177047],[28.65445,44.177169],[28.654535,44.177226],[28.654634,44.177292],[28.654719,44.177348],[28.654818,44.177414],[28.654938,44.177494],[28.655002,44.177536],[28.655186,44.177658],[28.65522,44.177681],[28.655266,44.177711],[28.655169,44.177794],[28.655008,44.177932],[28.654847,44.17807],[28.654694,44.178201],[28.654686,44.17821],[28.654538,44.178356],[28.654402,44.17849],[28.654391,44.178501],[28.654242,44.178646],[28.654093,44.178791],[28.653945,44.178935],[28.653796,44.17908],[28.653648,44.179225],[28.653541,44.179329],[28.6535,44.17937],[28.65348,44.17939],[28.65335,44.179515],[28.653201,44.179659],[28.653185,44.179675],[28.653149,44.179713],[28.653058,44.179808],[28.652916,44.179956],[28.652774,44.180104],[28.652632,44.180252],[28.652585,44.180302],[28.652534,44.180354],[28.6525,44.18039],[28.65244,44.180453],[28.652338,44.18056],[28.652138,44.18075],[28.651847,44.181],[28.651775,44.181055],[28.651587,44.181211],[28.651177,44.181547],[28.65082,44.181841],[28.650458,44.182142],[28.64999,44.182531],[28.649962,44.182554],[28.649906,44.182602],[28.649865,44.182637],[28.649573,44.182882],[28.64954,44.182909],[28.649409,44.183018],[28.649246,44.183155],[28.649093,44.183282],[28.649083,44.18329],[28.649082,44.183291],[28.648992,44.183368],[28.64892,44.183428],[28.64883,44.183503],[28.648755,44.183564],[28.64859,44.183699],[28.648424,44.183834],[28.648415,44.183842],[28.648265,44.183967],[28.64826,44.18397],[28.648244,44.183984],[28.648096,44.184106],[28.647932,44.184242],[28.647768,44.184378],[28.647604,44.184515],[28.647548,44.184561],[28.647503,44.184597],[28.64744,44.184651],[28.647279,44.184788],[28.647161,44.184888],[28.647118,44.184926],[28.646958,44.185065],[28.646957,44.185065],[28.646798,44.185203],[28.646685,44.185301],[28.646671,44.185312],[28.646636,44.185341],[28.646526,44.185429],[28.64656,44.185448],[28.64676,44.185553],[28.646762,44.185554],[28.646793,44.18557],[28.646924,44.185634],[28.646968,44.185655],[28.647177,44.185754],[28.647386,44.185854],[28.647454,44.185886],[28.647597,44.185952],[28.647641,44.185972],[28.647811,44.186045],[28.648027,44.186137],[28.648242,44.186229],[28.648458,44.186321],[28.648673,44.186413],[28.648888,44.186505],[28.648897,44.186509],[28.649092,44.186608],[28.649184,44.186654],[28.64929,44.186717],[28.649482,44.186831],[28.649485,44.186833],[28.64966,44.186959],[28.649717,44.187],[28.649821,44.187097],[28.649973,44.187238],[28.649974,44.187239],[28.650112,44.187389],[28.65025,44.187538],[28.650302,44.187594],[28.650351,44.187665],[28.650368,44.187698],[28.650458,44.187866],[28.650547,44.188034],[28.650578,44.188091],[28.65063,44.188203],[28.650708,44.188374],[28.650759,44.188484],[28.650784,44.188546],[28.650855,44.188719],[28.650925,44.188891],[28.650995,44.189064],[28.651004,44.189085],[28.651048,44.189241],[28.651048,44.189243],[28.651067,44.189316],[28.651083,44.189398],[28.651083,44.189425],[28.651089,44.189604],[28.65109,44.189608],[28.651089,44.189784],[28.651089,44.18981],[28.651084,44.189871],[28.651065,44.189954],[28.651062,44.189968],[28.651043,44.190039],[28.651011,44.190145],[28.650959,44.190321],[28.650906,44.190497],[28.650854,44.190672],[28.650839,44.190724],[28.650802,44.190848],[28.650779,44.190926],[28.65075,44.191024],[28.650698,44.1912],[28.650665,44.191313],[28.650646,44.191376],[28.650595,44.191552],[28.650543,44.191728],[28.650491,44.191904],[28.650478,44.191949],[28.650459,44.192015],[28.650439,44.19208],[28.650396,44.19222],[28.650385,44.192256],[28.650334,44.192432],[28.650298,44.192554],[28.650281,44.192608],[28.650227,44.192783],[28.650173,44.192959],[28.650118,44.193134],[28.650112,44.193154],[28.650097,44.193203],[28.649982,44.193557],[28.649898,44.193781],[28.649837,44.193926],[28.649731,44.194146],[28.649635,44.194351],[28.649383,44.194839],[28.649321,44.194959],[28.649284,44.195029],[28.649092,44.195427],[28.648892,44.195882],[28.648786,44.196112],[28.648782,44.196121],[28.648684,44.196336],[28.648468,44.196797],[28.64843,44.196879],[28.648388,44.196969],[28.64826,44.197243],[28.648209,44.197354],[28.647987,44.197815],[28.647749,44.19831],[28.647495,44.198833],[28.647236,44.199369],[28.647202,44.199439],[28.647121,44.199597],[28.647018,44.19981],[28.646929,44.199997],[28.646895,44.200069],[28.64672,44.200439],[28.646626,44.200645],[28.646548,44.200816],[28.646522,44.200873],[28.646481,44.20096],[28.646468,44.200987],[28.646454,44.201016],[28.646412,44.201107],[28.646388,44.201158],[28.646307,44.201328],[28.646225,44.201498],[28.646225,44.201499],[28.646141,44.201668],[28.646057,44.201837],[28.645974,44.202007],[28.645921,44.202114],[28.64589,44.202176],[28.645807,44.202346],[28.645724,44.202516],[28.645706,44.202552],[28.645675,44.202616],[28.645641,44.202686],[28.645638,44.202693],[28.645559,44.202855],[28.645476,44.203025],[28.645394,44.203195],[28.645356,44.203273],[28.645311,44.203361],[28.64531,44.203365],[28.645227,44.203534],[28.645145,44.203704],[28.64509,44.203818],[28.645062,44.203874],[28.644978,44.204044],[28.644894,44.204213],[28.64483,44.204342],[28.644809,44.204383],[28.644725,44.204552],[28.64464,44.204721],[28.6446,44.204802],[28.644563,44.204873],[28.644555,44.20489],[28.64454,44.20492],[28.644518,44.204964],[28.644471,44.20506],[28.644466,44.205069],[28.644389,44.20523],[28.644373,44.205262],[28.644315,44.2054],[28.644267,44.205512],[28.644242,44.205572],[28.644178,44.205722],[28.644169,44.205743],[28.6441,44.205916],[28.644031,44.206089],[28.643979,44.206219],[28.643965,44.206261],[28.643909,44.206436],[28.643864,44.206579],[28.643857,44.20661],[28.643852,44.206635],[28.643809,44.206788],[28.643776,44.206907],[28.643765,44.206963],[28.643731,44.207141],[28.643697,44.207319],[28.643685,44.207382],[28.643666,44.207498],[28.643637,44.207676],[28.643608,44.207855],[28.643604,44.207878],[28.643579,44.208033],[28.643568,44.208101],[28.64355,44.208212],[28.643521,44.208391],[28.643492,44.208569],[28.643474,44.208681],[28.643464,44.208748],[28.643438,44.208927],[28.643433,44.208957],[28.643429,44.208992],[28.64341,44.209106],[28.643381,44.209284],[28.643352,44.209463],[28.643323,44.209642],[28.643294,44.20982],[28.643289,44.209851],[28.64327,44.209999],[28.643247,44.210178],[28.643232,44.210299],[28.643227,44.210331],[28.643223,44.210358],[28.643214,44.210414],[28.643201,44.210536],[28.643183,44.210715],[28.643173,44.210805],[28.643158,44.210896],[28.643129,44.211074],[28.6431,44.211253],[28.643071,44.211431],[28.643049,44.211566],[28.643042,44.21161],[28.643014,44.211789],[28.642986,44.211967],[28.642958,44.212146],[28.642931,44.212325],[28.642903,44.212503],[28.642899,44.212529],[28.642875,44.212682],[28.642869,44.212717],[28.642847,44.212861],[28.642819,44.21304],[28.642791,44.213218],[28.642789,44.213233],[28.642768,44.213397],[28.642744,44.213576],[28.642721,44.213755],[28.642698,44.213934],[28.642682,44.214059],[28.642672,44.214114],[28.642662,44.214169],[28.642633,44.214293],[28.64259,44.21447],[28.642548,44.214647],[28.642545,44.21466],[28.642525,44.21475],[28.642504,44.214824],[28.642455,44.214997],[28.64245,44.215006],[28.642373,44.215177],[28.642352,44.215224],[28.642265,44.215346],[28.642172,44.215476],[28.64215,44.215505],[28.642031,44.215662],[28.642036,44.215671],[28.642042,44.215697],[28.642035,44.215722],[28.642017,44.215744],[28.64199,44.21576],[28.641956,44.215769],[28.641926,44.215812],[28.641869,44.215893],[28.641783,44.215964],[28.641619,44.216099],[28.641498,44.216199],[28.641445,44.216234],[28.64142,44.21625],[28.641303,44.216327],[28.64126,44.216354],[28.641071,44.216471],[28.641059,44.216479],[28.64087,44.21658],[28.640779,44.216629],[28.640665,44.216683],[28.640479,44.216772],[28.640453,44.21678],[28.640227,44.216857],[28.640048,44.216918],[28.640001,44.216933],[28.639973,44.216942],[28.639772,44.217005],[28.639542,44.217077],[28.639313,44.217148],[28.63925,44.217168],[28.639082,44.217219],[28.638931,44.217264],[28.63885,44.217287],[28.638617,44.217354],[28.638514,44.217383],[28.638383,44.217419],[28.6382,44.217469],[28.638148,44.217482],[28.637911,44.217542],[28.637675,44.217601],[28.637516,44.217642],[28.637437,44.21766],[28.637198,44.217715],[28.63696,44.217771],[28.636899,44.217785],[28.636721,44.217825],[28.636565,44.217861],[28.636482,44.217879],[28.636242,44.217932],[28.636002,44.217984],[28.635763,44.218037],[28.635523,44.21809],[28.635444,44.218107],[28.635283,44.218142],[28.635043,44.218195],[28.634803,44.218247],[28.634563,44.218299],[28.634323,44.218352],[28.634245,44.218369],[28.634084,44.218406],[28.633845,44.218461],[28.633646,44.218507],[28.633606,44.218516],[28.633367,44.218571],[28.63317,44.218616],[28.633128,44.218626],[28.632889,44.21868],[28.632757,44.218711],[28.632653,44.218734],[28.63265,44.218735],[28.632411,44.21879],[28.632172,44.218844],[28.632075,44.218867],[28.631931,44.218895],[28.631909,44.2189],[28.631698,44.218958],[28.631641,44.218973],[28.631504,44.219017],[28.631469,44.219029],[28.631382,44.219056],[28.631253,44.219117],[28.631044,44.219216],[28.630988,44.219243],[28.630849,44.219325],[28.630656,44.219439],[28.630632,44.219454],[28.630475,44.219561],[28.630462,44.21957],[28.630304,44.219689],[28.630218,44.219754],[28.63017,44.219798],[28.630148,44.21982],[28.63,44.219965],[28.629929,44.220035],[28.629865,44.220103],[28.629861,44.220108],[28.629803,44.220179],[28.629759,44.220234],[28.62974,44.220261],[28.629677,44.220352],[28.629634,44.220421],[28.629532,44.220586],[28.629466,44.220691],[28.629435,44.220749],[28.629357,44.220895],[28.629349,44.220913],[28.62929,44.221056],[28.62928,44.221084],[28.629263,44.221132],[28.629243,44.22121],[28.629232,44.221257],[28.629213,44.221345],[28.629195,44.221434],[28.62919,44.221464],[28.629165,44.221612],[28.629136,44.22179],[28.629107,44.221969],[28.629098,44.222023],[28.629079,44.222147],[28.629055,44.222303],[28.629051,44.222326],[28.629029,44.222463],[28.629023,44.222505],[28.628997,44.222675],[28.628995,44.222683],[28.628968,44.222862],[28.62894,44.223041],[28.628912,44.22322],[28.628885,44.223398],[28.628857,44.223577],[28.62883,44.223756],[28.62882,44.223818],[28.628793,44.223937],[28.628752,44.224114],[28.628711,44.224292],[28.628693,44.22437],[28.628674,44.224468],[28.62864,44.224646],[28.628605,44.224824],[28.628595,44.224875],[28.628573,44.22493],[28.628587,44.224962],[28.628586,44.224996],[28.628578,44.225009],[28.628569,44.225027],[28.628533,44.225054],[28.628448,44.225168],[28.628445,44.225172],[28.628364,44.225278],[28.628333,44.225325],[28.628234,44.225473],[28.628228,44.225485],[28.628137,44.225653],[28.628046,44.22582],[28.627955,44.225988],[28.627865,44.226156],[28.627774,44.226323],[28.627683,44.226491],[28.627622,44.226604],[28.627593,44.226658],[28.627505,44.226827],[28.627452,44.226928],[28.62742,44.226994],[28.62734,44.227165],[28.627259,44.227335],[28.627216,44.227426],[28.627176,44.227505],[28.627157,44.227543],[28.627129,44.227615],[28.627106,44.227675],[28.627102,44.227687],[28.627043,44.227839],[28.62704,44.227847],[28.626976,44.228021],[28.626912,44.228195],[28.626849,44.228369],[28.626785,44.228543],[28.626722,44.228717],[28.626658,44.228891],[28.626641,44.228938],[28.626593,44.229065],[28.62657,44.229128],[28.626529,44.229239],[28.626506,44.229304],[28.626467,44.229413],[28.626465,44.229418],[28.626406,44.229587],[28.626346,44.229761],[28.626285,44.229936],[28.626225,44.230111],[28.626197,44.230191],[28.626174,44.230256],[28.626164,44.230285],[28.626122,44.230404],[28.626102,44.23046],[28.626071,44.23055],[28.626042,44.230634],[28.62601,44.230732],[28.625983,44.230809],[28.625924,44.230983],[28.625884,44.231102],[28.625859,44.23116],[28.625787,44.231332],[28.625747,44.23143],[28.625711,44.231505],[28.625631,44.231676],[28.625551,44.231846],[28.625542,44.231866],[28.625469,44.232017],[28.625386,44.232187],[28.625379,44.2322],[28.62537,44.232218],[28.625309,44.232338],[28.625301,44.232356],[28.625218,44.232525],[28.625134,44.232695],[28.625051,44.232865],[28.624968,44.233034],[28.624896,44.233182],[28.624885,44.233204],[28.624807,44.233362],[28.624801,44.233374],[28.624731,44.233516],[28.624718,44.233543],[28.624711,44.233556],[28.624634,44.233713],[28.62463,44.23372],[28.624619,44.233743],[28.624555,44.233883],[28.624476,44.234053],[28.624397,44.234224],[28.624367,44.234289],[28.624315,44.234395],[28.624314,44.234397],[28.624225,44.234564],[28.624135,44.234731],[28.624117,44.234766],[28.62405,44.234884],[28.624041,44.234899],[28.623956,44.23504],[28.623939,44.235065],[28.623826,44.235226],[28.623818,44.235238],[28.623769,44.235314],[28.623718,44.235388],[28.623618,44.235532],[28.623606,44.235549],[28.623539,44.235647],[28.623503,44.235711],[28.623447,44.235809],[28.623415,44.235878],[28.623356,44.235999],[28.62334,44.236034],[28.62334,44.236064],[28.623327,44.236093],[28.623302,44.236117],[28.623268,44.236134],[28.6232,44.2362],[28.623166,44.236233],[28.623057,44.236345],[28.622914,44.236493],[28.622857,44.236551],[28.622781,44.236642],[28.622652,44.236796],[28.622649,44.2368],[28.622539,44.236956],[28.622463,44.237062],[28.622434,44.237117],[28.622369,44.237235],[28.622348,44.237284],[28.622305,44.237379],[28.622282,44.237434],[28.622274,44.237454],[28.622217,44.237607],[28.62221,44.237627],[28.622153,44.237802],[28.622147,44.237822],[28.622129,44.237879],[28.622099,44.237978],[28.622046,44.238153],[28.621993,44.238329],[28.62194,44.238505],[28.621886,44.23868],[28.621834,44.238854],[28.621833,44.238856],[28.62179,44.238998],[28.62178,44.239032],[28.621727,44.239208],[28.621673,44.239383],[28.62162,44.239559],[28.621596,44.23964],[28.621569,44.239735],[28.62152,44.239911],[28.621471,44.240088],[28.621422,44.240264],[28.621373,44.24044],[28.621364,44.240472],[28.621342,44.240552],[28.621323,44.240617],[28.621274,44.240793],[28.621225,44.240969],[28.6212,44.24106],[28.621176,44.241146],[28.621176,44.241147],[28.621127,44.241322],[28.621078,44.241499],[28.621029,44.241675],[28.620979,44.241851],[28.620965,44.241903],[28.620946,44.241971],[28.62093,44.242028],[28.620923,44.242053],[28.620882,44.242204],[28.620863,44.242275],[28.620834,44.242381],[28.620827,44.242407],[28.620819,44.242434],[28.620805,44.242488],[28.620758,44.242661],[28.620615,44.243184],[28.620481,44.243677],[28.62045,44.243792],[28.620193,44.244736],[28.620064,44.245244],[28.620054,44.245284],[28.620026,44.245421],[28.619998,44.245555],[28.619991,44.245599],[28.619961,44.245777],[28.619948,44.24586],[28.619932,44.245956],[28.619902,44.246134],[28.619873,44.246313],[28.619863,44.24637],[28.619851,44.24649],[28.619832,44.24667],[28.619814,44.246849],[28.6198,44.246979],[28.619795,44.247028],[28.619778,44.247208],[28.619767,44.247321],[28.619758,44.247388],[28.619735,44.247567],[28.619712,44.247746],[28.61969,44.247917],[28.61969,44.247923],[28.619686,44.24807],[28.61969,44.2481],[28.619703,44.248182],[28.619718,44.248278],[28.619728,44.248338],[28.619743,44.248405],[28.619759,44.248427],[28.619763,44.248446],[28.619766,44.248461],[28.619756,44.248497],[28.619731,44.248526],[28.619712,44.248539],[28.619687,44.248614],[28.619658,44.248705],[28.619629,44.248788],[28.619604,44.248859],[28.619582,44.248962],[28.61957,44.249021],[28.619558,44.249138],[28.619539,44.249318],[28.619521,44.249497],[28.619503,44.249676],[28.619493,44.249768],[28.619484,44.249856],[28.619464,44.250035],[28.619444,44.250214],[28.61944,44.250253],[28.619425,44.250394],[28.619408,44.250555],[28.619406,44.250573],[28.619386,44.250752],[28.619384,44.250775],[28.619367,44.250932],[28.619348,44.251111],[28.619328,44.25129],[28.619309,44.25147],[28.61929,44.251647],[28.61929,44.251649],[28.61927,44.251828],[28.61925,44.252007],[28.619231,44.252187],[28.619211,44.252366],[28.619191,44.252545],[28.619172,44.252725],[28.619152,44.252904],[28.619132,44.253083],[28.619113,44.253263],[28.619093,44.253442],[28.619073,44.253621],[28.619054,44.253801],[28.619048,44.253855],[28.619032,44.25398],[28.619026,44.254032],[28.619012,44.254146],[28.61901,44.254159],[28.619004,44.254215],[28.61899,44.254326],[28.618988,44.254338],[28.618976,44.254438],[28.618967,44.254517],[28.618953,44.254646],[28.618947,44.254697],[28.618928,44.254876],[28.618908,44.255055],[28.618889,44.255234],[28.618869,44.255414],[28.618849,44.255593],[28.61883,44.255772],[28.618821,44.255854],[28.61881,44.255952],[28.618791,44.256131],[28.618771,44.25631],[28.618751,44.25649],[28.618732,44.256669],[28.618719,44.256788],[28.618712,44.256848],[28.618703,44.256936],[28.618693,44.257027],[28.618673,44.257207],[28.618653,44.257386],[28.618652,44.2574],[28.618634,44.257565],[28.618614,44.257745],[28.618596,44.25791],[28.618595,44.257924],[28.618577,44.258103],[28.618566,44.258216],[28.618561,44.258283],[28.618557,44.258334],[28.61856,44.258385],[28.618569,44.258441],[28.618574,44.258462],[28.618612,44.258634],[28.618613,44.258639],[28.618617,44.258657],[28.61862,44.258688],[28.618645,44.258712],[28.618658,44.258741],[28.618659,44.25877],[28.618647,44.258799],[28.618639,44.258817],[28.618609,44.258885],[28.618561,44.258981],[28.618502,44.259097],[28.618484,44.259148],[28.618444,44.259259],[28.618433,44.259317],[28.618432,44.259322],[28.618416,44.259477],[28.618413,44.259502],[28.618393,44.259681],[28.618387,44.259732],[28.618379,44.25986],[28.61837,44.259997],[28.618367,44.260039],[28.618356,44.260219],[28.618355,44.260238],[28.618348,44.260398],[28.618341,44.260578],[28.618334,44.260758],[28.618332,44.260805],[28.618333,44.260937],[28.618335,44.261117],[28.618337,44.261297],[28.618338,44.261437],[28.618338,44.261477],[28.618339,44.261656],[28.61834,44.261836],[28.61834,44.262016],[28.618341,44.262196],[28.618342,44.262376],[28.618342,44.262491],[28.618342,44.262556],[28.618343,44.262736],[28.618343,44.262916],[28.618343,44.263083],[28.618343,44.263095],[28.618343,44.263275],[28.618344,44.263455],[28.618344,44.263459],[28.618344,44.263624],[28.618344,44.263634],[28.61835,44.263794],[28.618351,44.263813],[28.618362,44.263993],[28.618367,44.264077],[28.618391,44.264165],[28.61841,44.264238],[28.618424,44.264272],[28.618426,44.264277]]},"properties":{"line":"City Tour","dir":"0","headsign":"Cap Linie Mamaia","mode":"bus","color":"#0059a9"}},{"type":"Feature","geometry":{"type":"LineString","coordinates":[[28.618426,44.264278],[28.61844,44.264312],[28.618466,44.264411],[28.618471,44.264456],[28.618475,44.264489],[28.61848,44.264497],[28.618485,44.264513],[28.618483,44.264537],[28.618474,44.26456],[28.618464,44.264571],[28.618435,44.264595],[28.618401,44.264608],[28.618396,44.26461],[28.618353,44.264615],[28.618309,44.26461],[28.618304,44.264608],[28.618271,44.264594],[28.618242,44.26457],[28.618226,44.26454],[28.618228,44.264506],[28.618242,44.264473],[28.618238,44.264361],[28.618234,44.264245],[28.618236,44.264184],[28.61824,44.264004],[28.618244,44.263824],[28.618245,44.263807],[28.618244,44.263714],[28.618244,44.263643],[28.618244,44.263624],[28.618243,44.263507],[28.618243,44.263463],[28.618243,44.263453],[28.618242,44.263283],[28.618241,44.263103],[28.61824,44.262981],[28.61824,44.262924],[28.618239,44.262744],[28.618238,44.262564],[28.618238,44.262497],[28.618237,44.262384],[28.618236,44.262204],[28.618235,44.262024],[28.618234,44.261844],[28.618234,44.261792],[28.618234,44.261665],[28.618234,44.261485],[28.618234,44.261305],[28.618234,44.261125],[28.618234,44.260945],[28.618234,44.260802],[28.618235,44.260767],[28.61824,44.260587],[28.618245,44.260407],[28.618249,44.260237],[28.61825,44.260229],[28.618263,44.26005],[28.618277,44.25987],[28.618288,44.259725],[28.618291,44.259692],[28.618309,44.259512],[28.618314,44.259464],[28.618327,44.259333],[28.618329,44.259313],[28.618358,44.259153],[28.618371,44.259081],[28.618386,44.258978],[28.618395,44.258917],[28.618401,44.25886],[28.6184,44.258801],[28.618387,44.258773],[28.618386,44.258772],[28.618387,44.25874],[28.618402,44.25871],[28.618428,44.258685],[28.61843,44.258619],[28.618433,44.258449],[28.618433,44.258442],[28.618443,44.258339],[28.618448,44.258262],[28.618452,44.25821],[28.618463,44.258107],[28.618466,44.258084],[28.618485,44.257904],[28.618487,44.257891],[28.618501,44.257758],[28.618505,44.257725],[28.618518,44.257606],[28.618525,44.257546],[28.618544,44.257366],[28.618562,44.257202],[28.618564,44.257187],[28.618584,44.257008],[28.618603,44.256836],[28.618603,44.256829],[28.618623,44.256649],[28.618636,44.256527],[28.618643,44.25647],[28.618647,44.256432],[28.618652,44.25639],[28.618663,44.256291],[28.618684,44.256112],[28.618685,44.256104],[28.618688,44.25608],[28.618705,44.255932],[28.618714,44.255852],[28.618718,44.255816],[28.618722,44.255779],[28.618725,44.255753],[28.618744,44.255582],[28.618745,44.255574],[28.61876,44.255435],[28.618764,44.255394],[28.618784,44.255215],[28.618803,44.255036],[28.618806,44.255015],[28.618823,44.254856],[28.618826,44.254833],[28.618843,44.254677],[28.618862,44.2545],[28.618862,44.254498],[28.618869,44.254439],[28.618878,44.254359],[28.618883,44.254319],[28.618896,44.254208],[28.618902,44.254139],[28.618913,44.254024],[28.618919,44.253959],[28.618936,44.25378],[28.618952,44.253603],[28.618952,44.253601],[28.618972,44.253421],[28.618991,44.253242],[28.619011,44.253063],[28.619028,44.252912],[28.619031,44.252884],[28.61905,44.252704],[28.619051,44.252692],[28.619066,44.252553],[28.61907,44.252525],[28.619089,44.252346],[28.619105,44.252203],[28.619109,44.252166],[28.619128,44.251987],[28.619148,44.251808],[28.619166,44.251642],[28.619167,44.251629],[28.619187,44.251449],[28.619207,44.25127],[28.619227,44.251091],[28.619247,44.250912],[28.619267,44.250732],[28.619275,44.250657],[28.619286,44.250553],[28.619305,44.250373],[28.619324,44.250194],[28.619342,44.250015],[28.619361,44.249835],[28.619365,44.249798],[28.619382,44.249656],[28.619403,44.249477],[28.619424,44.249298],[28.619445,44.249119],[28.619458,44.249018],[28.619464,44.248938],[28.61948,44.248759],[28.619483,44.248722],[28.619496,44.248579],[28.619497,44.248563],[28.619503,44.248498],[28.619492,44.248465],[28.619498,44.248431],[28.619509,44.248413],[28.61951,44.248403],[28.619529,44.248224],[28.619548,44.248054],[28.619549,44.248047],[28.619574,44.247874],[28.619575,44.247867],[28.619598,44.247688],[28.619612,44.24758],[28.619618,44.247507],[28.619623,44.247448],[28.619637,44.247329],[28.619657,44.247149],[28.619673,44.247004],[28.619676,44.246973],[28.619676,44.246971],[28.619699,44.246792],[28.619723,44.246613],[28.619746,44.246434],[28.619755,44.246361],[28.61977,44.246255],[28.619797,44.246077],[28.619823,44.245898],[28.619825,44.245884],[28.619857,44.245722],[28.619891,44.245543],[28.619892,44.245539],[28.619926,44.245356],[28.619926,44.245356],[28.619942,44.24527],[28.619976,44.245136],[28.620365,44.24378],[28.62043,44.243526],[28.620549,44.24306],[28.620574,44.242963],[28.620655,44.242645],[28.6207,44.24247],[28.620754,44.242258],[28.620786,44.242149],[28.620795,44.242111],[28.620835,44.241957],[28.620841,44.241935],[28.62089,44.241759],[28.62094,44.241583],[28.62099,44.241407],[28.621039,44.24123],[28.621089,44.241054],[28.621139,44.240878],[28.621148,44.240843],[28.621188,44.240701],[28.621235,44.240536],[28.621238,44.240524],[28.621285,44.240348],[28.621316,44.24023],[28.621332,44.240171],[28.621381,44.239995],[28.62143,44.239818],[28.621478,44.239642],[28.621483,44.239623],[28.62153,44.239467],[28.621583,44.239291],[28.621636,44.239115],[28.621684,44.238956],[28.621688,44.238939],[28.621738,44.238763],[28.621787,44.238586],[28.621835,44.238416],[28.621836,44.238412],[28.621875,44.238307],[28.621897,44.238236],[28.621951,44.238061],[28.622006,44.237885],[28.622034,44.237794],[28.622061,44.23771],[28.6221,44.237588],[28.622119,44.237536],[28.622165,44.237412],[28.622185,44.237363],[28.622192,44.237346],[28.622259,44.237205],[28.622265,44.237196],[28.622363,44.237031],[28.622363,44.237031],[28.622469,44.23687],[28.622547,44.236751],[28.622579,44.23671],[28.622697,44.236551],[28.622816,44.236393],[28.622935,44.236235],[28.622975,44.236182],[28.623042,44.236087],[28.623048,44.23608],[28.62308,44.236045],[28.623086,44.236021],[28.6231,44.235999],[28.623122,44.235981],[28.623156,44.235964],[28.623186,44.23592],[28.623254,44.235817],[28.623295,44.235761],[28.62341,44.235602],[28.623493,44.235487],[28.623525,44.235441],[28.623638,44.235281],[28.623687,44.235212],[28.62375,44.235119],[28.623859,44.234957],[28.623871,44.234939],[28.623932,44.234849],[28.623966,44.234791],[28.623995,44.234742],[28.624061,44.234623],[28.624153,44.234456],[28.624178,44.234411],[28.62424,44.234284],[28.624322,44.234114],[28.624405,44.233945],[28.624488,44.233775],[28.624531,44.233685],[28.62457,44.233605],[28.624608,44.233529],[28.624632,44.23348],[28.624653,44.233435],[28.624688,44.233364],[28.624737,44.233266],[28.624821,44.233097],[28.624904,44.232927],[28.624988,44.232757],[28.625047,44.232638],[28.625071,44.232587],[28.625152,44.232417],[28.625233,44.232246],[28.625234,44.232244],[28.62527,44.232175],[28.625314,44.232075],[28.625335,44.23203],[28.625393,44.231905],[28.625473,44.231735],[28.625553,44.231564],[28.625604,44.231456],[28.625631,44.23139],[28.625701,44.231218],[28.625768,44.231053],[28.625772,44.231043],[28.625835,44.230869],[28.62586,44.230802],[28.625899,44.230696],[28.625961,44.230529],[28.625964,44.23052],[28.626008,44.230385],[28.626021,44.230345],[28.626026,44.230329],[28.626069,44.230197],[28.626078,44.230171],[28.626141,44.229997],[28.626203,44.229823],[28.626266,44.229649],[28.626328,44.229474],[28.626391,44.2293],[28.626453,44.229126],[28.626516,44.228952],[28.626579,44.228778],[28.626641,44.228604],[28.626704,44.228429],[28.626766,44.228255],[28.626771,44.228243],[28.62683,44.228082],[28.626894,44.22791],[28.626895,44.227909],[28.626961,44.227735],[28.626992,44.227653],[28.62703,44.227564],[28.627048,44.227519],[28.6271,44.227409],[28.627106,44.227395],[28.627187,44.227225],[28.627267,44.227055],[28.627337,44.226908],[28.627348,44.226887],[28.627384,44.226817],[28.627436,44.226718],[28.627511,44.226575],[28.627524,44.226552],[28.627617,44.226384],[28.627653,44.226319],[28.62771,44.226217],[28.627803,44.22605],[28.627896,44.225883],[28.627989,44.225716],[28.628081,44.225549],[28.628136,44.225451],[28.628171,44.225377],[28.628184,44.22535],[28.628224,44.225267],[28.628248,44.225201],[28.6283,44.22506],[28.628309,44.225022],[28.62832,44.22497],[28.628334,44.224937],[28.628361,44.224907],[28.628383,44.224859],[28.628461,44.224689],[28.628499,44.224606],[28.628527,44.224508],[28.628568,44.224361],[28.628575,44.224329],[28.628615,44.224151],[28.628654,44.223973],[28.62869,44.223813],[28.628693,44.223793],[28.628722,44.223614],[28.628752,44.223435],[28.628781,44.223257],[28.62881,44.223078],[28.628839,44.222899],[28.628868,44.222721],[28.628877,44.222667],[28.628894,44.222562],[28.628897,44.222542],[28.628922,44.222381],[28.628924,44.222363],[28.628935,44.222294],[28.628952,44.222184],[28.628977,44.222014],[28.628978,44.222006],[28.629007,44.221827],[28.629035,44.221649],[28.629064,44.221471],[28.629067,44.221453],[28.62909,44.221334],[28.629099,44.221295],[28.629108,44.221259],[28.629125,44.221188],[28.629145,44.221119],[28.62915,44.221102],[28.629177,44.22102],[28.629207,44.220947],[28.629236,44.220877],[28.629275,44.220792],[28.629282,44.220778],[28.629349,44.220647],[28.629368,44.220609],[28.629452,44.220439],[28.629518,44.220306],[28.629538,44.220273],[28.629638,44.220108],[28.629738,44.219943],[28.629739,44.219942],[28.62983,44.219774],[28.629916,44.219616],[28.629921,44.219606],[28.629975,44.219502],[28.629993,44.219447],[28.629997,44.219432],[28.630012,44.219377],[28.630022,44.219335],[28.630032,44.219264],[28.630032,44.219251],[28.630033,44.219177],[28.630027,44.219111],[28.630019,44.21907],[28.630011,44.219037],[28.629952,44.218877],[28.629874,44.218714],[28.630039,44.218905],[28.630085,44.218974],[28.630167,44.219095],[28.630213,44.219066],[28.630267,44.219046],[28.630326,44.219034],[28.630386,44.219033],[28.630433,44.219039],[28.630355,44.218967],[28.630177,44.218801],[28.630333,44.218849],[28.630413,44.218871],[28.630447,44.21888],[28.630573,44.218908],[28.630646,44.218916],[28.630692,44.218922],[28.630788,44.218928],[28.630896,44.21893],[28.630932,44.21893],[28.631048,44.218922],[28.631148,44.218911],[28.631251,44.2189],[28.631396,44.218864],[28.631416,44.218859],[28.631526,44.218832],[28.631633,44.21881],[28.631797,44.218776],[28.631874,44.218758],[28.632113,44.218704],[28.632147,44.218696],[28.632352,44.218651],[28.632592,44.218597],[28.632831,44.218544],[28.633071,44.218491],[28.633311,44.218438],[28.63355,44.218384],[28.633587,44.218376],[28.633706,44.218349],[28.633788,44.218331],[28.633848,44.218317],[28.634028,44.218277],[28.634115,44.218258],[28.634191,44.21824],[28.634234,44.218232],[28.634268,44.218224],[28.634292,44.218219],[28.634509,44.218175],[28.63475,44.218126],[28.634991,44.218077],[28.635118,44.218051],[28.635232,44.218027],[28.63533,44.218006],[28.635397,44.217992],[28.635473,44.217975],[28.635519,44.217965],[28.635713,44.217922],[28.635952,44.217869],[28.636122,44.217832],[28.636192,44.217816],[28.636432,44.217764],[28.636521,44.217744],[28.636672,44.217711],[28.636754,44.217693],[28.636911,44.217655],[28.637149,44.217598],[28.637387,44.217541],[28.637456,44.217524],[28.637624,44.217479],[28.637859,44.217416],[28.638094,44.217353],[28.638132,44.217343],[28.638327,44.217286],[28.638559,44.217218],[28.638792,44.21715],[28.638797,44.217149],[28.639023,44.217079],[28.639254,44.217008],[28.639484,44.216937],[28.639602,44.216901],[28.639715,44.216865],[28.639857,44.21682],[28.639945,44.216794],[28.639947,44.216793],[28.640172,44.216714],[28.640391,44.216638],[28.640402,44.216633],[28.640614,44.216538],[28.640686,44.216506],[28.640819,44.216426],[28.641011,44.21631],[28.641203,44.216195],[28.641284,44.216146],[28.641327,44.216117],[28.641392,44.216072],[28.641573,44.215948],[28.641718,44.215848],[28.641758,44.2158],[28.641832,44.21571],[28.641831,44.215687],[28.641839,44.215664],[28.641855,44.215646],[28.641876,44.215632],[28.641903,44.215623],[28.641992,44.215479],[28.642009,44.215451],[28.641995,44.215321],[28.641995,44.215288],[28.641995,44.21526],[28.642021,44.215166],[28.642036,44.215118],[28.642044,44.215095],[28.6421,44.214997],[28.642126,44.214963],[28.642154,44.214927],[28.642227,44.214864],[28.642267,44.214846],[28.642325,44.214822],[28.642336,44.214777],[28.642366,44.214664],[28.642476,44.214059],[28.642527,44.213702],[28.642568,44.213443],[28.642698,44.212584],[28.6427,44.212569],[28.642756,44.212244],[28.642871,44.211558],[28.642895,44.211399],[28.642947,44.211058],[28.642976,44.210866],[28.642986,44.210801],[28.642989,44.210775],[28.643012,44.210596],[28.643036,44.210417],[28.643037,44.21041],[28.643046,44.210346],[28.643054,44.210295],[28.643062,44.210238],[28.643085,44.210079],[28.643088,44.210059],[28.643114,44.20988],[28.64314,44.209702],[28.643166,44.209523],[28.643181,44.209422],[28.643195,44.209345],[28.643227,44.209167],[28.643259,44.208988],[28.643267,44.208944],[28.643276,44.20889],[28.643289,44.208809],[28.643319,44.208631],[28.643349,44.208452],[28.643379,44.208273],[28.643409,44.208095],[28.643431,44.20796],[28.643439,44.207917],[28.64344,44.20791],[28.643468,44.207737],[28.643496,44.207559],[28.643524,44.20738],[28.643549,44.207223],[28.643553,44.207202],[28.643586,44.207024],[28.643619,44.206846],[28.643652,44.206668],[28.643662,44.206619],[28.643682,44.206537],[28.643696,44.206494],[28.643756,44.20632],[28.643801,44.20619],[28.643818,44.206147],[28.643889,44.205975],[28.64396,44.205803],[28.643975,44.205766],[28.644012,44.20568],[28.644034,44.205632],[28.644104,44.205475],[28.64411,44.205461],[28.64417,44.205337],[28.64419,44.205289],[28.644212,44.205238],[28.644267,44.205119],[28.644307,44.205032],[28.644349,44.204951],[28.644352,44.204944],[28.644386,44.204876],[28.644432,44.20478],[28.644439,44.204763],[28.644512,44.20461],[28.644593,44.204439],[28.644659,44.204301],[28.644674,44.204269],[28.644754,44.204099],[28.644834,44.203928],[28.644871,44.203851],[28.644909,44.20377],[28.644915,44.203757],[28.644992,44.203586],[28.645069,44.203415],[28.645109,44.203327],[28.64515,44.203246],[28.645159,44.203231],[28.645229,44.203074],[28.645239,44.203051],[28.645318,44.202908],[28.64541,44.202741],[28.64546,44.202651],[28.6455,44.202572],[28.645531,44.20251],[28.645586,44.202403],[28.645671,44.202234],[28.645752,44.202076],[28.645752,44.202076],[28.64584,44.201894],[28.645879,44.201813],[28.645922,44.201724],[28.646004,44.201554],[28.646012,44.201538],[28.646051,44.201454],[28.646084,44.201383],[28.646164,44.201213],[28.646244,44.201042],[28.646301,44.20092],[28.646324,44.200872],[28.646403,44.200701],[28.646482,44.200531],[28.646546,44.200393],[28.646562,44.200361],[28.646645,44.200191],[28.646728,44.200022],[28.646765,44.199947],[28.64681,44.199853],[28.646852,44.199765],[28.646865,44.19974],[28.646893,44.199684],[28.646979,44.199515],[28.647037,44.199401],[28.64707,44.199337],[28.64707,44.199337],[28.647148,44.199175],[28.64723,44.199006],[28.647312,44.198836],[28.647394,44.198666],[28.647433,44.198585],[28.64746,44.19853],[28.647477,44.198498],[28.647567,44.19833],[28.647599,44.198269],[28.647653,44.19816],[28.647737,44.19799],[28.64782,44.19782],[28.647845,44.19777],[28.647903,44.19765],[28.647985,44.19748],[28.648068,44.19731],[28.648068,44.19731],[28.648148,44.197139],[28.648228,44.196969],[28.648244,44.196933],[28.648288,44.196837],[28.648305,44.196797],[28.648324,44.196757],[28.648382,44.196626],[28.64846,44.196455],[28.648532,44.196293],[28.648532,44.196293],[28.648616,44.196114],[28.648696,44.195943],[28.648744,44.195839],[28.648774,44.195771],[28.648849,44.1956],[28.648924,44.195428],[28.648941,44.195388],[28.649001,44.195258],[28.649028,44.195196],[28.649081,44.195088],[28.649165,44.194918],[28.649248,44.194749],[28.649252,44.19474],[28.649331,44.194579],[28.649378,44.194483],[28.649414,44.194409],[28.649496,44.194239],[28.649578,44.194069],[28.649605,44.194013],[28.649657,44.193898],[28.649661,44.193889],[28.649713,44.19376],[28.649727,44.193723],[28.649768,44.193617],[28.649793,44.193549],[28.649816,44.193487],[28.649847,44.193399],[28.649855,44.193373],[28.649908,44.193198],[28.649962,44.193022],[28.649974,44.192983],[28.650013,44.192846],[28.650063,44.192669],[28.650113,44.192493],[28.650124,44.192456],[28.650165,44.192317],[28.650216,44.192141],[28.650263,44.191981],[28.650268,44.191965],[28.65028,44.191926],[28.650311,44.191823],[28.650321,44.19179],[28.650348,44.191704],[28.650374,44.191614],[28.650426,44.191438],[28.650432,44.191416],[28.650479,44.191262],[28.650533,44.191087],[28.650587,44.190911],[28.650592,44.190896],[28.650641,44.190735],[28.650695,44.19056],[28.650749,44.190384],[28.650777,44.190294],[28.650805,44.19021],[28.650865,44.190031],[28.650886,44.189942],[28.650894,44.189863],[28.650894,44.189844],[28.650893,44.189679],[28.650891,44.189661],[28.650874,44.18949],[28.650872,44.18948],[28.650843,44.189306],[28.650842,44.189299],[28.650815,44.189186],[28.650793,44.189121],[28.650736,44.188946],[28.650734,44.188942],[28.650666,44.188771],[28.650597,44.188598],[28.650566,44.18852],[28.650526,44.188425],[28.650454,44.188253],[28.650395,44.188114],[28.650378,44.18808],[28.650321,44.187966],[28.650291,44.18791],[28.650231,44.187799],[28.650191,44.187741],[28.650128,44.187649],[28.650066,44.18758],[28.649931,44.187429],[28.649829,44.187316],[28.64979,44.187278],[28.649639,44.187135],[28.649579,44.187077],[28.649471,44.186996],[28.649378,44.186927],[28.649283,44.186872],[28.649088,44.186758],[28.649085,44.186756],[28.64888,44.186657],[28.64879,44.186613],[28.648666,44.186562],[28.648449,44.186472],[28.648232,44.186382],[28.648014,44.186292],[28.647861,44.186229],[28.647799,44.186201],[28.647587,44.186105],[28.647549,44.186087],[28.647375,44.186009],[28.647163,44.185912],[28.647096,44.185882],[28.646951,44.185816],[28.64674,44.185719],[28.646668,44.185686],[28.646643,44.185673],[28.646635,44.185669],[28.646574,44.185635],[28.646538,44.185615],[28.646393,44.185536],[28.646344,44.185502],[28.646161,44.185379],[28.645977,44.185256],[28.645929,44.185224],[28.645793,44.185134],[28.64564,44.185033],[28.645628,44.185025],[28.645612,44.185008],[28.645508,44.1849],[28.645527,44.184883],[28.645564,44.184849],[28.645624,44.184796],[28.64568,44.184739],[28.645741,44.184678],[28.645751,44.184668],[28.645812,44.184605],[28.645825,44.184592],[28.645952,44.184457],[28.645965,44.184443],[28.646107,44.184295],[28.646249,44.184146],[28.646391,44.183998],[28.646436,44.183951],[28.646535,44.183851],[28.64668,44.183705],[28.646752,44.183632],[28.64679,44.183594],[28.64721,44.18318],[28.647727,44.182662],[28.647773,44.182618],[28.64816,44.182211],[28.648477,44.181901],[28.648505,44.181871],[28.648564,44.181816],[28.649052,44.181318],[28.649157,44.181211],[28.649388,44.180976],[28.649708,44.180649],[28.650009,44.180339],[28.650042,44.180307],[28.650077,44.180272],[28.650189,44.18016],[28.650237,44.180112],[28.650298,44.180047],[28.650332,44.180013],[28.650477,44.179866],[28.650622,44.179719],[28.650767,44.179572],[28.650911,44.179425],[28.650913,44.179424],[28.651055,44.179278],[28.651199,44.17913],[28.651342,44.178983],[28.651485,44.178835],[28.651629,44.178688],[28.651654,44.178662],[28.651758,44.178559],[28.651698,44.178529],[28.651491,44.178428],[28.651284,44.178326],[28.651077,44.178224],[28.651015,44.178194],[28.650913,44.178144],[28.65087,44.178123],[28.650663,44.178021],[28.650456,44.177919],[28.650249,44.177818],[28.650042,44.177716],[28.649994,44.177693],[28.649835,44.177615],[28.649815,44.177605],[28.649628,44.177513],[28.649421,44.177412],[28.649214,44.17731],[28.649135,44.177271],[28.649007,44.177208],[28.648876,44.177144],[28.6488,44.177107],[28.648776,44.177095],[28.648593,44.177005],[28.648386,44.176904],[28.648318,44.17687],[28.648313,44.176868],[28.648179,44.176802],[28.648164,44.176795],[28.648046,44.176737],[28.647972,44.1767],[28.647765,44.176599],[28.647558,44.176497],[28.647351,44.176396],[28.647144,44.176294],[28.646937,44.176193],[28.64673,44.176091],[28.646523,44.175989],[28.646316,44.175888],[28.646294,44.175877],[28.646109,44.175786],[28.645902,44.175685],[28.645794,44.175632],[28.645695,44.175583],[28.645488,44.175481],[28.645281,44.17538],[28.645074,44.175278],[28.644867,44.175177],[28.644808,44.175148],[28.64466,44.175075],[28.644476,44.174985],[28.644453,44.174973],[28.644282,44.17489],[28.644276,44.174887],[28.644246,44.174872],[28.644144,44.174822],[28.644039,44.17477],[28.643832,44.174669],[28.643625,44.174567],[28.643418,44.174466],[28.643211,44.174364],[28.643004,44.174262],[28.642797,44.174161],[28.642634,44.174081],[28.64259,44.174059],[28.642383,44.173957],[28.642253,44.173893],[28.642187,44.173851],[28.642117,44.173808],[28.642112,44.173804],[28.64201,44.173727],[28.641838,44.173596],[28.641826,44.173586],[28.641775,44.173548],[28.641666,44.173465],[28.641493,44.173335],[28.641342,44.17322],[28.641321,44.173204],[28.641149,44.173073],[28.640976,44.172943],[28.640851,44.172848],[28.640804,44.172812],[28.640634,44.17268],[28.640481,44.172561],[28.640464,44.172548],[28.640411,44.172507],[28.640293,44.172416],[28.640123,44.172284],[28.639952,44.172152],[28.639823,44.172052],[28.639781,44.17202],[28.639758,44.172002],[28.63961,44.171889],[28.639439,44.171757],[28.639268,44.171626],[28.639135,44.171523],[28.639097,44.171494],[28.638926,44.171363],[28.638755,44.171231],[28.638733,44.171214],[28.638611,44.17112],[28.638584,44.1711],[28.63844,44.170989],[28.638411,44.170969],[28.638345,44.170924],[28.63823,44.170845],[28.638125,44.170773],[28.638038,44.170725],[28.637915,44.170657],[28.637835,44.170618],[28.637784,44.170593],[28.63762,44.170522],[28.637617,44.170521],[28.637479,44.170462],[28.637458,44.170453],[28.637393,44.170433],[28.637236,44.170383],[28.637177,44.170365],[28.637027,44.170318],[28.636756,44.170232],[28.636742,44.170228],[28.634646,44.169615],[28.634156,44.169473],[28.633767,44.169356],[28.633642,44.169319],[28.633396,44.169247],[28.633351,44.169234],[28.633269,44.16921],[28.633062,44.169149],[28.633018,44.16922],[28.633003,44.169244],[28.632842,44.169195],[28.632612,44.169124],[28.63241,44.169062],[28.632411,44.169059],[28.63244,44.169006]]},"properties":{"line":"City Tour","dir":"1","headsign":"Cap Linie Gara","mode":"bus","color":"#0059a9"}}]}