{"type":"FeatureCollection","features":[{"type":"Feature","geometry":{"type":"LineString","coordinates":[[28.602201,44.15125],[28.602362,44.151377],[28.602583,44.151521],[28.602961,44.151768],[28.603585,44.152176],[28.604405,44.152807],[28.605166,44.153393],[28.605221,44.153435],[28.60665,44.154536],[28.606905,44.154732],[28.607319,44.15505],[28.608436,44.15591],[28.608665,44.156087],[28.609163,44.156471],[28.609801,44.156962],[28.610414,44.157433],[28.611186,44.158027],[28.61146,44.158227]]},"properties":{"name":"Strada Vârful cu Dor"}},{"type":"Feature","geometry":{"type":"LineString","coordinates":[[28.611747,44.158339],[28.611678,44.158312],[28.61146,44.158227],[28.611614,44.158406]]},"properties":{"name":"Strada Vârful cu Dor"}},{"type":"Feature","geometry":{"type":"LineString","coordinates":[[28.611709,44.158586],[28.611616,44.158588],[28.611554,44.158597],[28.611452,44.158621]]},"properties":{"name":"Bulevardul Aurel Vlaicu"}},{"type":"Feature","geometry":{"type":"LineString","coordinates":[[28.611597,44.158441],[28.611568,44.158512],[28.611523,44.158564],[28.611452,44.158621],[28.611339,44.158676],[28.611224,44.158733],[28.610871,44.158907],[28.610443,44.159119],[28.610035,44.159318],[28.609865,44.159402],[28.60962,44.159523],[28.608244,44.1602],[28.607735,44.160451],[28.607513,44.16056],[28.605698,44.161454],[28.605503,44.16155],[28.605258,44.16167],[28.604882,44.161856],[28.604534,44.162027],[28.604434,44.162077],[28.604346,44.16212],[28.604245,44.162171],[28.60377,44.162405],[28.603635,44.162471],[28.603461,44.162558],[28.603193,44.16269],[28.602906,44.162831],[28.602684,44.162941],[28.60199,44.163284],[28.601481,44.163535],[28.601273,44.163638],[28.601196,44.163676],[28.601043,44.163752],[28.600698,44.163923],[28.6005,44.16402],[28.600353,44.164092],[28.60034,44.164099],[28.600256,44.16414],[28.599647,44.164441],[28.598961,44.16478],[28.598938,44.164792],[28.598789,44.164867],[28.598661,44.164932],[28.598138,44.165199],[28.597012,44.165776]]},"properties":{"name":"Bulevardul Aurel Vlaicu"}},{"type":"Feature","geometry":{"type":"LineString","coordinates":[[28.594873,44.172858],[28.594859,44.172801],[28.594847,44.172725],[28.594843,44.172662],[28.594848,44.172501]]},"properties":{"name":"Bulevardul Aurel Vlaicu"}},{"type":"Feature","geometry":{"type":"LineString","coordinates":[[28.59487,44.173035],[28.594805,44.1731],[28.594761,44.173162],[28.594727,44.173229],[28.594687,44.173343]]},"properties":{"name":"Bulevardul Aurel Vlaicu"}},{"type":"Feature","geometry":{"type":"LineString","coordinates":[[28.596073,44.178699],[28.595888,44.178265],[28.595851,44.178174],[28.595758,44.178007],[28.595664,44.177802],[28.595459,44.177316],[28.595312,44.176963],[28.595203,44.176692],[28.59511,44.176457],[28.59502,44.17621],[28.594938,44.175931],[28.594874,44.175703],[28.594845,44.175586],[28.594831,44.175531],[28.594778,44.175294],[28.594748,44.175125],[28.594732,44.175035],[28.594696,44.174788],[28.594675,44.174562],[28.594656,44.174202],[28.594652,44.173976],[28.594656,44.173827],[28.594661,44.173675],[28.594666,44.173617],[28.594687,44.173343],[28.594674,44.173093],[28.59467,44.173]]},"properties":{"name":"Bulevardul Aurel Vlaicu"}},{"type":"Feature","geometry":{"type":"LineString","coordinates":[[28.596446,44.178812],[28.596368,44.179002],[28.596339,44.179214],[28.596396,44.179342],[28.596774,44.180185],[28.597201,44.181123],[28.59729,44.181309],[28.597484,44.181736],[28.59776,44.182342],[28.598311,44.183552],[28.598622,44.184235],[28.598832,44.184695],[28.598887,44.184816],[28.599373,44.185884],[28.59981,44.186842],[28.599841,44.186911],[28.59998,44.187216],[28.600328,44.187944],[28.600426,44.188166],[28.600565,44.188502],[28.600653,44.188715],[28.60071,44.188938]]},"properties":{"name":"Bulevardul Aurel Vlaicu"}},{"type":"Feature","geometry":{"type":"LineString","coordinates":[[28.600337,44.188945],[28.600303,44.188186],[28.600244,44.18797],[28.600041,44.187533],[28.599998,44.187436],[28.599847,44.187104],[28.599771,44.186931],[28.599762,44.18691],[28.599547,44.186432],[28.599471,44.186256],[28.599264,44.185793],[28.59921,44.18567],[28.599148,44.185528],[28.599081,44.185376],[28.599026,44.18525],[28.598967,44.185116],[28.598588,44.184316],[28.598561,44.18425],[28.598436,44.183964],[28.598357,44.183788],[28.598039,44.183074],[28.597933,44.182825],[28.597707,44.182353],[28.597622,44.182165],[28.59708,44.18101],[28.596988,44.180801],[28.596927,44.180661],[28.596858,44.180504],[28.59671,44.180196],[28.596571,44.179887],[28.596357,44.179408],[28.596299,44.179279],[28.59629,44.179258]]},"properties":{"name":"Bulevardul Aurel Vlaicu"}},{"type":"Feature","geometry":{"type":"LineString","coordinates":[[28.594748,44.172846],[28.594848,44.172501],[28.594886,44.172196],[28.594976,44.171476],[28.595025,44.171118]]},"properties":{"name":"Bulevardul Aurel Vlaicu"}},{"type":"Feature","geometry":{"type":"LineString","coordinates":[[28.600729,44.188986],[28.600912,44.18931]]},"properties":{"name":"Bulevardul Aurel Vlaicu"}},{"type":"Feature","geometry":{"type":"LineString","coordinates":[[28.602414,44.192293],[28.602535,44.192473],[28.602728,44.192693],[28.602888,44.192841]]},"properties":{"name":"Bulevardul Aurel Vlaicu"}},{"type":"Feature","geometry":{"type":"LineString","coordinates":[[28.602747,44.192931],[28.602695,44.192894],[28.602637,44.192813],[28.602491,44.192485],[28.602414,44.192293],[28.602333,44.192145],[28.602192,44.191852],[28.60207,44.191611],[28.6019,44.191274],[28.601644,44.190764],[28.601529,44.190537],[28.601232,44.189946],[28.601202,44.189885],[28.600912,44.18931],[28.600762,44.189208],[28.600584,44.189143]]},"properties":{"name":"Bulevardul Aurel Vlaicu"}},{"type":"Feature","geometry":{"type":"LineString","coordinates":[[28.603036,44.19301],[28.603028,44.193087],[28.603035,44.193197],[28.603092,44.193451],[28.603222,44.193903]]},"properties":{"name":"Bulevardul Aurel Vlaicu"}},{"type":"Feature","geometry":{"type":"LineString","coordinates":[[28.604308,44.19596],[28.60451,44.196258]]},"properties":{"name":"Bulevardul Aurel Vlaicu"}},{"type":"Feature","geometry":{"type":"LineString","coordinates":[[28.604809,44.196894],[28.604698,44.196568]]},"properties":{"name":"Bulevardul Aurel Vlaicu"}},{"type":"Feature","geometry":{"type":"LineString","coordinates":[[28.606012,44.198547],[28.605865,44.198494],[28.605849,44.198483],[28.605744,44.198416],[28.605514,44.198203]]},"properties":{"name":"Bulevardul Aurel Vlaicu"}},{"type":"Feature","geometry":{"type":"LineString","coordinates":[[28.606108,44.198683],[28.606114,44.198817],[28.606139,44.198936],[28.606162,44.198981],[28.606212,44.199081]]},"properties":{"name":"Bulevardul Aurel Vlaicu"}},{"type":"Feature","geometry":{"type":"LineString","coordinates":[[28.608542,44.201089],[28.608398,44.201082],[28.608368,44.201077],[28.608305,44.201065],[28.608145,44.200999]]},"properties":{"name":"Bulevardul Aurel Vlaicu"}},{"type":"Feature","geometry":{"type":"LineString","coordinates":[[28.608352,44.201236],[28.608145,44.200999],[28.608048,44.200905],[28.607916,44.200786],[28.607677,44.200546],[28.607413,44.200289],[28.606846,44.199738],[28.606744,44.199629],[28.606485,44.199364],[28.606212,44.199081],[28.605933,44.198831],[28.605828,44.19872],[28.605721,44.198578],[28.605514,44.198203],[28.605491,44.198159],[28.605335,44.197871],[28.605079,44.197396],[28.605021,44.197291],[28.604879,44.197036],[28.604809,44.196894],[28.604657,44.196741],[28.604533,44.196648],[28.604407,44.196576]]},"properties":{"name":"Bulevardul Aurel Vlaicu"}},{"type":"Feature","geometry":{"type":"LineString","coordinates":[[28.604279,44.196426],[28.604329,44.196285],[28.604337,44.196177],[28.604308,44.19596],[28.60346,44.194349],[28.60332,44.194083],[28.603272,44.193991],[28.603222,44.193903],[28.60319,44.193846],[28.602974,44.193468],[28.602847,44.193243],[28.602795,44.193129],[28.602777,44.193022]]},"properties":{"name":"Bulevardul Aurel Vlaicu"}},{"type":"Feature","geometry":{"type":"LineString","coordinates":[[28.604517,44.196383],[28.60451,44.196258],[28.604616,44.196413],[28.604698,44.196568],[28.604654,44.196535],[28.604572,44.196475]]},"properties":{"name":"Bulevardul Aurel Vlaicu"}},{"type":"Feature","geometry":{"type":"LineString","coordinates":[[28.60873,44.201262],[28.608716,44.201336],[28.608708,44.20138],[28.60872,44.201451],[28.608757,44.201517],[28.609021,44.201843]]},"properties":{"name":"Bulevardul Aurel Vlaicu"}},{"type":"Feature","geometry":{"type":"LineString","coordinates":[[28.61046,44.203091],[28.610194,44.202963]]},"properties":{"name":"Bulevardul Aurel Vlaicu"}},{"type":"Feature","geometry":{"type":"LineString","coordinates":[[28.610363,44.203171],[28.610194,44.202963],[28.610104,44.202878],[28.609021,44.201843],[28.608454,44.201349]]},"properties":{"name":"Bulevardul Aurel Vlaicu"}},{"type":"Feature","geometry":{"type":"LineString","coordinates":[[28.610572,44.203196],[28.610723,44.203411],[28.611143,44.203847],[28.61143,44.204122],[28.61205,44.204733],[28.613019,44.205673],[28.613393,44.206036],[28.614023,44.206685],[28.614273,44.206999],[28.614581,44.207319],[28.614949,44.2076]]},"properties":{"name":"Bulevardul Aurel Vlaicu"}},{"type":"Feature","geometry":{"type":"LineString","coordinates":[[28.610434,44.203242],[28.610771,44.203555],[28.611136,44.203916],[28.611212,44.203992],[28.611338,44.204115],[28.612081,44.204846],[28.612955,44.2057],[28.613286,44.20602],[28.613978,44.206733],[28.614101,44.206891],[28.614355,44.207234],[28.614459,44.207359],[28.615414,44.208009],[28.615492,44.208065],[28.616729,44.208924],[28.616936,44.209065],[28.617066,44.209157],[28.617636,44.20956],[28.617992,44.209808],[28.618438,44.210109],[28.618941,44.210448],[28.619828,44.211055],[28.619872,44.211086],[28.619958,44.211144],[28.620012,44.211182],[28.620818,44.211734],[28.621313,44.212074],[28.621399,44.212133],[28.621768,44.212387],[28.622733,44.213062],[28.623597,44.213669]]},"properties":{"name":"Bulevardul Aurel Vlaicu"}},{"type":"Feature","geometry":{"type":"LineString","coordinates":[[28.630011,44.219037],[28.629952,44.218877],[28.629874,44.218714]]},"properties":{"name":"Bulevardul Aurel Vlaicu"}},{"type":"Feature","geometry":{"type":"LineString","coordinates":[[28.628373,44.216471],[28.62841,44.216816],[28.62842,44.216885],[28.628435,44.216976],[28.628451,44.217065],[28.62849,44.217167],[28.628545,44.217261],[28.628682,44.217431],[28.628941,44.217688],[28.62933,44.218062],[28.62961,44.218315],[28.629822,44.218508],[28.630177,44.218801],[28.630355,44.218967],[28.630433,44.219039]]},"properties":{"name":"Bulevardul Aurel Vlaicu"}},{"type":"Feature","geometry":{"type":"LineString","coordinates":[[28.627177,44.2159],[28.62711,44.215908],[28.627046,44.215902],[28.626978,44.215885],[28.626905,44.215861],[28.626717,44.215786],[28.626674,44.215753],[28.626499,44.215628],[28.626251,44.215441],[28.625166,44.214673],[28.624318,44.214073],[28.624131,44.21394],[28.624098,44.213917],[28.623801,44.213704]]},"properties":{"name":"Bulevardul Aurel Vlaicu"}},{"type":"Feature","geometry":{"type":"LineString","coordinates":[[28.623735,44.213768],[28.624124,44.214033],[28.62427,44.214133],[28.625279,44.214853],[28.625413,44.214949],[28.626238,44.215539],[28.626421,44.215677],[28.626547,44.215774],[28.626573,44.215794],[28.626639,44.215843],[28.626823,44.215963]]},"properties":{"name":"Bulevardul Aurel Vlaicu"}},{"type":"Feature","geometry":{"type":"LineString","coordinates":[[28.620589,44.153058],[28.620686,44.15297],[28.620728,44.152932]]},"properties":{"name":"Bulevardul Aurel Vlaicu"}},{"type":"Feature","geometry":{"type":"LineString","coordinates":[[28.620498,44.153114],[28.620252,44.153227]]},"properties":{"name":"Bulevardul Aurel Vlaicu"}},{"type":"Feature","geometry":{"type":"LineString","coordinates":[[28.614889,44.156706],[28.614943,44.156657],[28.615113,44.156505],[28.615329,44.156306]]},"properties":{"name":"Bulevardul Aurel Vlaicu"}},{"type":"Feature","geometry":{"type":"LineString","coordinates":[[28.614572,44.156856],[28.614228,44.157008],[28.613969,44.157114]]},"properties":{"name":"Bulevardul Aurel Vlaicu"}},{"type":"Feature","geometry":{"type":"LineString","coordinates":[[28.611952,44.158455],[28.611979,44.1584],[28.612009,44.158358],[28.612044,44.158315],[28.612097,44.158251]]},"properties":{"name":"Bulevardul Aurel Vlaicu"}},{"type":"Feature","geometry":{"type":"LineString","coordinates":[[28.611801,44.158339],[28.611885,44.158326],[28.611981,44.158298],[28.612097,44.158251],[28.612175,44.158204],[28.613563,44.157364],[28.613646,44.157313],[28.613969,44.157114],[28.614158,44.15695],[28.614373,44.156763],[28.61443,44.156714]]},"properties":{"name":"Bulevardul Aurel Vlaicu"}},{"type":"Feature","geometry":{"type":"LineString","coordinates":[[28.614732,44.15655],[28.615018,44.156433],[28.615329,44.156306],[28.615526,44.156182],[28.616237,44.155732],[28.616655,44.155467],[28.617666,44.154828],[28.618073,44.15457],[28.618098,44.154555],[28.618373,44.154386],[28.618497,44.154309],[28.618662,44.154207],[28.618778,44.154136],[28.619034,44.153978],[28.619141,44.153912],[28.619215,44.153866],[28.619647,44.1536],[28.620053,44.15335],[28.620252,44.153227],[28.620306,44.153177],[28.620429,44.153063]]},"properties":{"name":"Bulevardul Aurel Vlaicu"}},{"type":"Feature","geometry":{"type":"LineString","coordinates":[[28.62053,44.153001],[28.620728,44.152932],[28.62082,44.152876],[28.620925,44.152812],[28.621367,44.152543],[28.622078,44.15211],[28.622226,44.15202]]},"properties":{"name":"Bulevardul Aurel Vlaicu"}},{"type":"Feature","geometry":{"type":"LineString","coordinates":[[28.627379,44.216247],[28.626823,44.215963],[28.627266,44.21627],[28.627601,44.216574],[28.627699,44.216669],[28.627847,44.216854],[28.627982,44.217027],[28.628104,44.217154],[28.628547,44.217576],[28.628842,44.217753]]},"properties":{"name":"Bulevardul Aurel Vlaicu"}},{"type":"Feature","geometry":{"type":"LineString","coordinates":[[28.62368,44.213622],[28.623509,44.213546],[28.623341,44.213438],[28.622333,44.21274],[28.620352,44.211375],[28.619942,44.211084],[28.61985,44.211019],[28.619218,44.210577],[28.617896,44.209666],[28.617621,44.209473],[28.617285,44.209238],[28.616947,44.208999],[28.616572,44.208738],[28.615983,44.208297],[28.615569,44.207997],[28.615488,44.207943]]},"properties":{"name":"Bulevardul Aurel Vlaicu"}},{"type":"Feature","geometry":{"type":"LineString","coordinates":[[28.627943,44.216719],[28.628069,44.21692],[28.628155,44.217033],[28.628666,44.217542],[28.628842,44.217753],[28.629239,44.218114],[28.629519,44.218367],[28.629717,44.218547],[28.629865,44.218705],[28.629874,44.218714],[28.630039,44.218905],[28.630167,44.219095]]},"properties":{"name":"Bulevardul Aurel Vlaicu"}},{"type":"Feature","geometry":{"type":"LineString","coordinates":[[28.624806,44.150457],[28.625002,44.150336],[28.625144,44.150213],[28.625257,44.150078],[28.625459,44.149778],[28.625528,44.14957],[28.62554,44.149424],[28.625553,44.149253],[28.625551,44.149205],[28.62554,44.14915],[28.625522,44.14909],[28.62549,44.149014],[28.625448,44.148941],[28.625413,44.148886],[28.625364,44.14882],[28.625108,44.148509],[28.62501,44.148388],[28.624936,44.148296],[28.624746,44.148054],[28.624471,44.1477],[28.624032,44.147136],[28.624,44.147094],[28.623891,44.146957],[28.623733,44.146743],[28.623655,44.146605],[28.623567,44.146401],[28.623539,44.146229],[28.623548,44.146084],[28.623575,44.145954],[28.623648,44.145708],[28.623737,44.145493],[28.623747,44.145467],[28.623845,44.145193],[28.62387,44.14511],[28.623888,44.145037],[28.623904,44.144965],[28.62392,44.144893],[28.623933,44.14483]]},"properties":{"name":"Bulevardul Aurel Vlaicu"}},{"type":"Feature","geometry":{"type":"LineString","coordinates":[[28.597012,44.165776],[28.59689,44.165883],[28.596674,44.166007],[28.596463,44.166142],[28.596307,44.166258],[28.596247,44.16631],[28.596005,44.166532],[28.595868,44.166694],[28.595735,44.166887],[28.59566,44.167047],[28.595574,44.167275],[28.595517,44.167523],[28.595467,44.167873],[28.595397,44.168534],[28.595247,44.169811],[28.595092,44.170952],[28.595025,44.171118],[28.594998,44.17094],[28.595122,44.16983],[28.595268,44.168536],[28.595345,44.167871],[28.595394,44.16753],[28.595446,44.167282],[28.595548,44.167022],[28.595619,44.166875],[28.595749,44.166674],[28.59589,44.166505],[28.596145,44.166253],[28.596197,44.166207],[28.596376,44.16608],[28.596625,44.165931],[28.59682,44.165838],[28.597012,44.165776]]},"properties":{"name":"Bulevardul Aurel Vlaicu"}},{"type":"Feature","geometry":{"type":"LineString","coordinates":[[28.624233,44.150685],[28.624502,44.150601],[28.624663,44.150536],[28.624806,44.150457],[28.624933,44.150472],[28.624998,44.150494],[28.625034,44.150521],[28.625072,44.150566],[28.625108,44.150644],[28.625063,44.150809],[28.625022,44.150893],[28.62495,44.150957],[28.624858,44.151003],[28.62475,44.151027],[28.624679,44.151036],[28.624596,44.151032],[28.624521,44.151021],[28.624477,44.151014],[28.62436,44.151007],[28.624253,44.151007],[28.624173,44.151014],[28.624084,44.15103],[28.624017,44.151051],[28.623923,44.151087],[28.623158,44.151519],[28.622848,44.1517],[28.622737,44.151765],[28.62232,44.152004],[28.622226,44.15202],[28.622248,44.151963],[28.622593,44.1517],[28.62303,44.151421],[28.623182,44.151328],[28.624233,44.150685]]},"properties":{"name":"Bulevardul Aurel Vlaicu"}},{"type":"Feature","geometry":{"type":"LineString","coordinates":[[28.638091,44.193007],[28.6378,44.193208],[28.637492,44.193417],[28.637234,44.19359],[28.636315,44.194193],[28.636245,44.19424],[28.636092,44.194342],[28.635839,44.194505],[28.633604,44.195931],[28.633117,44.196239],[28.632725,44.196487],[28.632604,44.196568],[28.632537,44.196612],[28.63183,44.19708],[28.631659,44.197179],[28.631085,44.197555],[28.63105,44.197578],[28.631038,44.197586],[28.631028,44.197593],[28.630493,44.19795],[28.629624,44.198531],[28.629275,44.198762],[28.629194,44.198814],[28.628845,44.199045],[28.628802,44.199073],[28.628777,44.19909],[28.628611,44.199202],[28.628236,44.199442],[28.628076,44.199551],[28.628041,44.199573],[28.627739,44.199767],[28.627057,44.200217],[28.626851,44.200356],[28.626711,44.200448],[28.626484,44.200595],[28.62563,44.201162],[28.624908,44.20164],[28.624685,44.201788],[28.624553,44.201877],[28.623512,44.202566],[28.623313,44.202697],[28.622846,44.203026],[28.62265,44.203161],[28.622488,44.203272],[28.622271,44.203407],[28.622055,44.20354],[28.621807,44.203695],[28.621662,44.203787],[28.621452,44.203918],[28.621274,44.204029],[28.621096,44.204141],[28.620572,44.204471],[28.620377,44.204599],[28.62008,44.204794],[28.619977,44.204861],[28.618121,44.206072],[28.618036,44.206128],[28.617979,44.206167],[28.617677,44.206365],[28.616878,44.206887],[28.616524,44.207093],[28.616227,44.20729],[28.615966,44.207504],[28.615893,44.207568],[28.615865,44.207593],[28.615488,44.207943],[28.615414,44.208009],[28.615043,44.208337],[28.614672,44.208647],[28.614489,44.208804],[28.614285,44.208991],[28.614098,44.209154],[28.613948,44.209275],[28.613795,44.209391],[28.613453,44.209634],[28.61329,44.209753],[28.612746,44.21015],[28.611413,44.211107],[28.611239,44.211226],[28.610761,44.211566],[28.608575,44.213155],[28.607461,44.213959],[28.6073,44.214077],[28.607002,44.214289],[28.606264,44.214822],[28.606186,44.214877],[28.605638,44.215282],[28.605557,44.215341],[28.60545,44.215415],[28.604582,44.216037],[28.604165,44.216342],[28.603463,44.216847],[28.602837,44.217303],[28.601856,44.218006],[28.601093,44.218552],[28.600143,44.219226],[28.599058,44.220007],[28.598923,44.220105],[28.598796,44.220192],[28.598517,44.220377],[28.598466,44.2204],[28.598412,44.220421],[28.598277,44.220464]]},"properties":{"name":"Bulevardul Tomis"}},{"type":"Feature","geometry":{"type":"LineString","coordinates":[[28.639119,44.192939],[28.638846,44.192871],[28.638713,44.19285],[28.63859,44.192847],[28.638476,44.192863],[28.638373,44.192889],[28.638091,44.193007],[28.638457,44.192724],[28.638544,44.192651],[28.638651,44.192549],[28.638668,44.192532],[28.63877,44.19243],[28.638913,44.192288],[28.639073,44.192129],[28.639301,44.19189],[28.639419,44.191753],[28.639476,44.191687],[28.639581,44.19156],[28.639642,44.191487],[28.639736,44.191376],[28.640695,44.190271],[28.641251,44.189626],[28.641705,44.189104],[28.642522,44.188143],[28.642642,44.188002],[28.642781,44.187838],[28.642832,44.187778],[28.642897,44.187702],[28.643004,44.18758],[28.644196,44.186249],[28.644239,44.186201],[28.64452,44.185906],[28.644843,44.185579],[28.645168,44.18525],[28.645391,44.185025],[28.645408,44.185008],[28.645508,44.1849],[28.645564,44.184849],[28.645624,44.184796],[28.645741,44.184678],[28.645751,44.184668],[28.645812,44.184605],[28.645952,44.184457],[28.646436,44.183951],[28.64679,44.183594],[28.64721,44.18318],[28.647727,44.182662],[28.647773,44.182618],[28.64816,44.182211],[28.648477,44.181901],[28.648505,44.181871],[28.648564,44.181816],[28.649052,44.181318],[28.649157,44.181211],[28.649388,44.180976],[28.649708,44.180649],[28.650009,44.180339],[28.650077,44.180272],[28.650237,44.180112],[28.650298,44.180047],[28.650913,44.179424],[28.651654,44.178662],[28.651758,44.178559]]},"properties":{"name":"Bulevardul Tomis"}},{"type":"Feature","geometry":{"type":"LineString","coordinates":[[28.598506,44.2206],[28.598568,44.220513],[28.598618,44.220443],[28.598657,44.220401],[28.598721,44.220349],[28.598981,44.220153],[28.599823,44.219558],[28.599903,44.219501],[28.600185,44.219299],[28.60057,44.219023],[28.60067,44.218951],[28.600913,44.218771],[28.601281,44.218499],[28.60155,44.218317],[28.601829,44.218112],[28.602219,44.217834],[28.602876,44.217361],[28.603019,44.217262],[28.603352,44.217027],[28.603593,44.21685],[28.604903,44.2159],[28.604978,44.215845],[28.607064,44.214344],[28.607348,44.214142],[28.609694,44.21245],[28.610581,44.211802],[28.610623,44.211771],[28.61163,44.211048],[28.611685,44.211009],[28.611982,44.210794],[28.612919,44.210108],[28.613199,44.209908],[28.613815,44.209464],[28.614179,44.209186],[28.614358,44.209038],[28.615492,44.208065],[28.615569,44.207997]]},"properties":{"name":"Bulevardul Tomis"}},{"type":"Feature","geometry":{"type":"LineString","coordinates":[[28.598227,44.220778],[28.598063,44.220841],[28.597988,44.220879],[28.59792,44.220921],[28.597467,44.221234],[28.596638,44.221826],[28.596574,44.221873],[28.595782,44.222442],[28.595607,44.222564],[28.595241,44.222817],[28.595064,44.222944],[28.594267,44.223515],[28.594116,44.223615],[28.594059,44.223657],[28.593708,44.223909],[28.592588,44.224682],[28.592407,44.224814],[28.59234,44.224863]]},"properties":{"name":"Bulevardul Tomis"}},{"type":"Feature","geometry":{"type":"LineString","coordinates":[[28.622846,44.203026],[28.622996,44.203144],[28.62315,44.203264],[28.623347,44.203418],[28.623468,44.203534],[28.623652,44.203709],[28.623988,44.204133],[28.624201,44.204455]]},"properties":{"name":"Strada Suceava"}},{"type":"Feature","geometry":{"type":"LineString","coordinates":[[28.624308,44.204605],[28.62442,44.204737],[28.624533,44.20489],[28.62473,44.205147],[28.62486,44.205316],[28.625097,44.205672],[28.625416,44.206313],[28.626133,44.20778],[28.626168,44.207851],[28.626212,44.207939],[28.626839,44.209253],[28.626874,44.209334],[28.626971,44.209557],[28.627083,44.209735],[28.627224,44.209903],[28.627436,44.210069],[28.627666,44.210165],[28.627939,44.210219],[28.628015,44.210226],[28.62838,44.210257],[28.628606,44.210275],[28.628632,44.210277],[28.628711,44.210283]]},"properties":{"name":"Strada Suceava"}},{"type":"Feature","geometry":{"type":"LineString","coordinates":[[28.630517,44.202314],[28.630485,44.202423],[28.630459,44.202508],[28.6304,44.202709],[28.630349,44.202866],[28.630337,44.2029],[28.630244,44.203292],[28.63008,44.203875],[28.629877,44.204604],[28.629789,44.204958],[28.629647,44.205536],[28.629592,44.205778],[28.629462,44.20643],[28.629436,44.206561],[28.629253,44.207526],[28.629138,44.208131],[28.629015,44.20884],[28.628996,44.208958],[28.628801,44.210296],[28.628592,44.212138],[28.628585,44.212215],[28.628562,44.212521],[28.628545,44.212765],[28.628482,44.213975],[28.628475,44.214107],[28.628455,44.214402],[28.628448,44.214487],[28.628427,44.214912],[28.628421,44.215446],[28.628416,44.215661],[28.628408,44.215783],[28.62838,44.215832],[28.628361,44.215884],[28.628374,44.215934],[28.628401,44.215979],[28.628398,44.21603],[28.628397,44.216049]]},"properties":{"name":"Bulevardul Alexandru Lăpușneanu"}},{"type":"Feature","geometry":{"type":"LineString","coordinates":[[28.62816,44.215886],[28.628225,44.215866],[28.628266,44.215839],[28.628307,44.215781],[28.628321,44.215511],[28.62833,44.215334],[28.628361,44.2144],[28.628373,44.214053],[28.628441,44.212762],[28.628456,44.212656],[28.628515,44.212018],[28.628522,44.211933],[28.628696,44.21038],[28.628711,44.210283],[28.628862,44.209206],[28.628904,44.20895],[28.629021,44.208239],[28.629059,44.208014],[28.629338,44.206503],[28.629354,44.20643],[28.629496,44.205771],[28.629538,44.205594],[28.629732,44.204792],[28.629975,44.203872],[28.630062,44.20352],[28.630127,44.203257],[28.63018,44.20304],[28.63024,44.202794],[28.630291,44.202603],[28.63032,44.202489],[28.630345,44.2024],[28.630373,44.20229],[28.630393,44.202211],[28.630421,44.202093],[28.630459,44.201947],[28.630466,44.201921],[28.630709,44.201029],[28.630836,44.200461],[28.630869,44.200334],[28.630917,44.200144],[28.631098,44.199431],[28.6312,44.199029],[28.631293,44.198657],[28.631373,44.198334],[28.631523,44.197727],[28.631527,44.197709],[28.631659,44.197179],[28.631859,44.196528],[28.631922,44.196342],[28.631984,44.196115],[28.632019,44.195992],[28.632437,44.194464],[28.632924,44.192698],[28.632988,44.192461],[28.633386,44.191026],[28.633514,44.19058],[28.633705,44.189888],[28.633794,44.189555],[28.633845,44.189368],[28.633961,44.188921],[28.633978,44.188863],[28.63408,44.18855],[28.634176,44.188266],[28.634442,44.187487],[28.634838,44.186244],[28.635219,44.185064],[28.63527,44.184851],[28.635285,44.18477],[28.635292,44.184733],[28.635389,44.184236],[28.635433,44.183985],[28.635451,44.18389],[28.635589,44.183135],[28.635671,44.182592],[28.635714,44.18203],[28.63574,44.18157],[28.635798,44.180625],[28.635831,44.180223],[28.63584,44.18011]]},"properties":{"name":"Bulevardul Alexandru Lăpușneanu"}},{"type":"Feature","geometry":{"type":"LineString","coordinates":[[28.628955,44.201986],[28.629021,44.202015],[28.629068,44.202035],[28.629209,44.202089],[28.629313,44.202128],[28.62979,44.202284],[28.629994,44.202338],[28.630246,44.202384],[28.630345,44.2024],[28.630485,44.202423],[28.630617,44.202443],[28.630941,44.202487],[28.631805,44.202589],[28.632494,44.202669],[28.632698,44.202702],[28.632841,44.202718],[28.63286,44.202734],[28.632883,44.202747],[28.632909,44.202756],[28.632942,44.202761],[28.632976,44.20276],[28.633009,44.202753],[28.633038,44.202741],[28.633062,44.202724],[28.633098,44.20271],[28.633126,44.202702],[28.633308,44.20268],[28.633891,44.202674],[28.634351,44.202671],[28.63487,44.202666],[28.635066,44.202664],[28.635911,44.202652],[28.636162,44.202695]]},"properties":{"name":"Strada Soveja"}},{"type":"Feature","geometry":{"type":"LineString","coordinates":[[28.628808,44.201912],[28.628609,44.201807],[28.628428,44.201677],[28.628096,44.201452],[28.62784,44.201276],[28.627444,44.201001],[28.627328,44.200921],[28.626898,44.20059],[28.626711,44.200448],[28.626528,44.200295],[28.626218,44.200038],[28.625603,44.19953],[28.625565,44.199499],[28.625331,44.199283],[28.625053,44.199015],[28.62489,44.198822],[28.624712,44.198592],[28.624581,44.198359],[28.624447,44.19814],[28.624336,44.197924],[28.62425,44.197716],[28.624179,44.197547],[28.62405,44.197159],[28.624013,44.197031],[28.623932,44.196681]]},"properties":{"name":"Strada Soveja"}},{"type":"Feature","geometry":{"type":"LineString","coordinates":[[28.628885,44.201849],[28.628818,44.201814],[28.628688,44.201748],[28.628497,44.201616],[28.628194,44.201388],[28.628009,44.201245],[28.627619,44.200959],[28.627589,44.200936],[28.627482,44.200851],[28.627424,44.200806],[28.627254,44.200673],[28.627033,44.200498],[28.626851,44.200356],[28.626671,44.200203],[28.626162,44.199818],[28.625861,44.199601],[28.625623,44.199417],[28.625443,44.199262],[28.625319,44.199144],[28.625046,44.198844],[28.624829,44.198569],[28.624539,44.198124],[28.624338,44.197695],[28.624215,44.19737],[28.624106,44.197006],[28.624087,44.196947],[28.624024,44.196668]]},"properties":{"name":"Strada Soveja"}},{"type":"Feature","geometry":{"type":"LineString","coordinates":[[28.62133,44.184878],[28.62145,44.185025],[28.621797,44.185489],[28.621864,44.185576],[28.622449,44.186343],[28.622501,44.186411],[28.622512,44.186428],[28.622598,44.186513],[28.623383,44.187546],[28.623496,44.18769],[28.623592,44.187805],[28.623847,44.18811],[28.624172,44.188541],[28.62432,44.188765],[28.624488,44.189115],[28.624557,44.189297],[28.62465,44.189661],[28.624677,44.189886],[28.624678,44.190038],[28.624674,44.19022],[28.624667,44.19027],[28.624596,44.190601]]},"properties":{"name":"Strada Soveja"}},{"type":"Feature","geometry":{"type":"LineString","coordinates":[[28.624568,44.190749],[28.624537,44.191063],[28.624467,44.191414],[28.624462,44.191441],[28.624451,44.191503],[28.624413,44.191704],[28.624394,44.191805],[28.624245,44.192542],[28.624229,44.192622],[28.624224,44.192648],[28.624203,44.192768],[28.624086,44.193391],[28.623927,44.194283],[28.623921,44.194403],[28.623908,44.194693],[28.623882,44.195173],[28.62388,44.195208],[28.623878,44.196055],[28.623891,44.196244],[28.623897,44.196346],[28.623896,44.196532]]},"properties":{"name":"Strada Soveja"}},{"type":"Feature","geometry":{"type":"LineString","coordinates":[[28.629012,44.20191],[28.629129,44.201967],[28.629187,44.201993],[28.629245,44.202017],[28.629283,44.202029],[28.629327,44.202043],[28.629497,44.202093],[28.629694,44.202147],[28.629865,44.202194],[28.630041,44.202235],[28.630274,44.202275],[28.630373,44.20229],[28.630517,44.202314],[28.630647,44.202332],[28.630818,44.202357],[28.631342,44.202428],[28.63241,44.202566],[28.632549,44.202583],[28.632656,44.202592],[28.632756,44.202596],[28.63285,44.202598],[28.632881,44.202579],[28.632918,44.202567],[28.632959,44.202563],[28.633,44.202568],[28.633036,44.202582],[28.633066,44.202603],[28.633314,44.202636],[28.633726,44.202636],[28.634479,44.20263],[28.635827,44.20261],[28.635932,44.202603],[28.636088,44.202592],[28.63617,44.20258]]},"properties":{"name":"Strada Soveja"}},{"type":"Feature","geometry":{"type":"LineString","coordinates":[[28.644518,44.204964],[28.644426,44.204961],[28.644352,44.204944]]},"properties":{"name":"Strada Soveja"}},{"type":"Feature","geometry":{"type":"LineString","coordinates":[[28.641892,44.203683],[28.642094,44.203901],[28.64212,44.203918],[28.642729,44.204321],[28.642956,44.204462],[28.643025,44.204502],[28.643114,44.204547],[28.643188,44.204574],[28.64327,44.204597],[28.643576,44.204677],[28.643912,44.204766],[28.644263,44.204848],[28.644386,44.204876],[28.644521,44.204866],[28.644563,44.204873]]},"properties":{"name":"Strada Soveja"}},{"type":"Feature","geometry":{"type":"LineString","coordinates":[[28.636346,44.2026],[28.636621,44.202623],[28.636779,44.202633],[28.637254,44.202649],[28.638421,44.202683],[28.639476,44.202739],[28.639895,44.202794],[28.640199,44.202877],[28.64042,44.20294],[28.640499,44.202961],[28.640632,44.203007],[28.640903,44.203118],[28.641104,44.203204],[28.641178,44.203235],[28.641242,44.203266]]},"properties":{"name":"Strada Soveja"}},{"type":"Feature","geometry":{"type":"LineString","coordinates":[[28.641153,44.203382],[28.641012,44.20329],[28.640953,44.203255],[28.640903,44.203227],[28.640835,44.203195],[28.640759,44.203159],[28.640697,44.203133],[28.640623,44.203102],[28.640459,44.20304],[28.640378,44.203006],[28.640171,44.202944],[28.639942,44.202889],[28.639721,44.202847],[28.639167,44.20279],[28.637301,44.202723],[28.636776,44.202705],[28.636609,44.202699],[28.636417,44.202694],[28.636331,44.202696]]},"properties":{"name":"Strada Soveja"}},{"type":"Feature","geometry":{"type":"LineString","coordinates":[[28.604882,44.161856],[28.604646,44.161567],[28.604536,44.161431],[28.604343,44.161198],[28.604277,44.161112],[28.604113,44.160894],[28.603505,44.16013],[28.603345,44.159968],[28.603075,44.159799],[28.60279,44.159684],[28.602441,44.159605],[28.602208,44.159595],[28.601917,44.159618],[28.60168,44.159656],[28.601483,44.159688],[28.601275,44.159725],[28.600937,44.159784],[28.600758,44.159815],[28.600073,44.159916],[28.59931,44.159986],[28.598971,44.159997],[28.598541,44.160012],[28.598003,44.160006],[28.597462,44.159988],[28.596952,44.159944],[28.596681,44.15992],[28.596318,44.159884],[28.5961,44.159861],[28.594162,44.159654],[28.593785,44.159612],[28.593669,44.159599],[28.593426,44.159574],[28.592795,44.159507],[28.592723,44.1595],[28.592401,44.159466],[28.591357,44.159354],[28.591224,44.15934],[28.591176,44.159335],[28.590449,44.159261],[28.590211,44.159236],[28.588731,44.159078],[28.587487,44.158956],[28.587179,44.158926],[28.586921,44.158899],[28.586657,44.158871],[28.585992,44.158796]]},"properties":{"name":"Șoseaua Industrială"}},{"type":"Feature","geometry":{"type":"LineString","coordinates":[[28.62341,44.211412],[28.623347,44.21137],[28.622968,44.211105],[28.622354,44.210679],[28.622136,44.210529],[28.621956,44.210407],[28.62179,44.21029],[28.621676,44.210209],[28.621603,44.210155],[28.621519,44.210091],[28.621021,44.209716],[28.620758,44.209503],[28.620553,44.209328],[28.620404,44.209199],[28.620215,44.209011],[28.620136,44.208932],[28.619948,44.208701],[28.619806,44.208431],[28.619788,44.208293],[28.619769,44.208025],[28.619811,44.207864],[28.619826,44.207766],[28.619848,44.207689],[28.619932,44.207548],[28.620185,44.207271],[28.621329,44.20649],[28.621597,44.206312],[28.621707,44.206228],[28.622175,44.20593],[28.622349,44.205813],[28.622508,44.205708],[28.622752,44.205545],[28.622944,44.205418],[28.623047,44.205349],[28.623116,44.205304],[28.623348,44.205159],[28.62363,44.204965],[28.623755,44.204878],[28.623827,44.204828],[28.623832,44.204824],[28.624167,44.204592]]},"properties":{"name":"Strada Căpitan Dobrilă Eugeniu"}},{"type":"Feature","geometry":{"type":"LineString","coordinates":[[28.633396,44.169247],[28.633642,44.169319],[28.633767,44.169356],[28.634156,44.169473],[28.634646,44.169615],[28.636742,44.170228],[28.636756,44.170232],[28.637027,44.170318],[28.637177,44.170365],[28.637458,44.170453],[28.637479,44.170462],[28.637617,44.170521],[28.637784,44.170593],[28.637915,44.170657],[28.638125,44.170773],[28.638345,44.170924],[28.63844,44.170989],[28.638611,44.17112],[28.638733,44.171214],[28.639135,44.171523],[28.639758,44.172002],[28.639823,44.172052],[28.640411,44.172507],[28.640481,44.172561],[28.640851,44.172848],[28.641342,44.17322],[28.641775,44.173548],[28.641826,44.173586],[28.642112,44.173804],[28.642117,44.173808],[28.642253,44.173893],[28.642634,44.174081],[28.644144,44.174822],[28.644276,44.174887],[28.644282,44.17489],[28.644476,44.174985],[28.644808,44.175148],[28.645794,44.175632],[28.646294,44.175877],[28.648046,44.176737],[28.648164,44.176795],[28.648313,44.176868],[28.648318,44.17687],[28.648776,44.177095],[28.648876,44.177144],[28.649135,44.177271],[28.649815,44.177605],[28.649994,44.177693],[28.650913,44.178144],[28.651015,44.178194],[28.651758,44.178559],[28.651907,44.178632],[28.652181,44.178766],[28.652376,44.178862],[28.652759,44.17905],[28.65305,44.179193],[28.6531,44.179217],[28.653255,44.179293],[28.653297,44.179314],[28.653303,44.179317],[28.653316,44.179323],[28.653352,44.179367],[28.653355,44.179405],[28.653332,44.179462],[28.653185,44.179675]]},"properties":{"name":"Bulevardul Ferdinand"}},{"type":"Feature","geometry":{"type":"LineString","coordinates":[[28.633396,44.169247],[28.633473,44.169113],[28.633617,44.168859],[28.633678,44.168745],[28.633877,44.168394],[28.633923,44.168323],[28.633959,44.168277],[28.633994,44.16824],[28.63405,44.168191],[28.634105,44.168154],[28.634156,44.168124],[28.634211,44.168094],[28.634314,44.168042],[28.634477,44.16796],[28.634729,44.167851],[28.634998,44.167745],[28.63539,44.167596],[28.635529,44.167546]]},"properties":{"name":"Strada Theodor Burada"}},{"type":"Feature","geometry":{"type":"LineString","coordinates":[[28.631363,44.157551],[28.631435,44.157661],[28.631474,44.157717],[28.631513,44.15779]]},"properties":{"name":"Bulevardul 1 Mai"}},{"type":"Feature","geometry":{"type":"LineString","coordinates":[[28.63539,44.167596],[28.634861,44.167244],[28.634565,44.167035],[28.634428,44.166922],[28.63432,44.166824],[28.634229,44.166722],[28.634162,44.16663],[28.634116,44.166556],[28.633937,44.166256],[28.633801,44.166018],[28.63352,44.165534],[28.633291,44.165133],[28.632976,44.164578],[28.632845,44.164338],[28.632693,44.164028],[28.632614,44.163852],[28.632551,44.163693],[28.632496,44.163561],[28.632347,44.163134],[28.632236,44.162782],[28.632124,44.162413],[28.632052,44.162168],[28.631982,44.161914],[28.631899,44.161569],[28.631833,44.161251],[28.631792,44.161011],[28.631759,44.160795],[28.63173,44.160615],[28.631701,44.160378],[28.631682,44.160159],[28.63163,44.159273],[28.631623,44.159118],[28.63161,44.158785],[28.631599,44.158634],[28.631587,44.158524],[28.631567,44.158391],[28.631543,44.158275],[28.63151,44.158159],[28.63146,44.158017],[28.631423,44.157922],[28.631369,44.157802],[28.631339,44.157749],[28.631292,44.157675],[28.631222,44.157563],[28.631102,44.157395],[28.630937,44.157185],[28.630016,44.156004],[28.629859,44.15579],[28.629788,44.155696],[28.629456,44.15524],[28.629179,44.15484],[28.629001,44.154576],[28.628911,44.15443]]},"properties":{"name":"Bulevardul 1 Mai"}},{"type":"Feature","geometry":{"type":"LineString","coordinates":[[28.632378,44.157394],[28.632205,44.157433],[28.632054,44.157461],[28.631896,44.157487],[28.631507,44.157539],[28.631363,44.157551],[28.631222,44.157563],[28.631067,44.157571],[28.630663,44.157581],[28.630216,44.157593],[28.629987,44.157599],[28.629451,44.157613],[28.629184,44.157617],[28.62874,44.157628]]},"properties":{"name":"Strada Caraiman"}},{"type":"Feature","geometry":{"type":"LineString","coordinates":[[28.632378,44.157394],[28.632227,44.157138],[28.631607,44.156199],[28.631547,44.156111],[28.631444,44.155673],[28.631308,44.155124],[28.631032,44.154265],[28.630937,44.154029],[28.630618,44.153296],[28.630555,44.153163],[28.630138,44.152335],[28.62999,44.152041],[28.629931,44.151923],[28.629904,44.151877],[28.629835,44.151734],[28.6297,44.151464],[28.629655,44.151376],[28.62956,44.151186],[28.629466,44.151],[28.628929,44.149933],[28.628588,44.149254],[28.628384,44.148837],[28.628227,44.148536],[28.627935,44.147956],[28.627736,44.14756]]},"properties":{"name":"Bulevardul 1 Mai (vechi)"}},{"type":"Feature","geometry":{"type":"LineString","coordinates":[[28.628227,44.148536],[28.628284,44.148521],[28.628873,44.148366],[28.629502,44.148202],[28.630143,44.14804],[28.630528,44.147937],[28.630579,44.147918]]},"properties":{"name":"Strada Petru Cercel"}},{"type":"Feature","geometry":{"type":"LineString","coordinates":[[28.630579,44.147918],[28.630614,44.147891],[28.630646,44.147852],[28.630668,44.147805],[28.630924,44.147055],[28.630968,44.146923],[28.631291,44.145973],[28.631329,44.145869],[28.631361,44.145782],[28.631517,44.145329],[28.631688,44.144832],[28.631772,44.144589],[28.631793,44.14452],[28.63183,44.144404],[28.631874,44.144178],[28.631885,44.143988],[28.631885,44.143533],[28.631885,44.143503],[28.631884,44.143225],[28.631885,44.143177],[28.631884,44.143106],[28.631884,44.143064],[28.631884,44.142626],[28.631884,44.142467],[28.631884,44.142333],[28.631884,44.142214],[28.631883,44.141458],[28.631883,44.141235],[28.631883,44.140919],[28.631883,44.140752],[28.631843,44.140586],[28.631843,44.140485],[28.631843,44.140054],[28.631844,44.139691],[28.631844,44.13956],[28.631839,44.139344],[28.63184,44.139308],[28.631841,44.139245],[28.631845,44.138919],[28.631847,44.138692],[28.631851,44.138244],[28.631846,44.138013]]},"properties":{"name":"Strada Brizei"}},{"type":"Feature","geometry":{"type":"LineString","coordinates":[[28.631846,44.138013],[28.631503,44.13814],[28.631227,44.138285],[28.630959,44.138474],[28.630332,44.138996],[28.630041,44.139237],[28.629899,44.139358],[28.62914,44.140003],[28.629056,44.140097],[28.628931,44.140222],[28.628708,44.140501],[28.628639,44.140608],[28.628533,44.140772],[28.628351,44.141189],[28.62833,44.141266],[28.628313,44.141329],[28.628104,44.14209],[28.628058,44.142261],[28.627958,44.142626],[28.627855,44.143001],[28.627542,44.144099],[28.627512,44.14421],[28.627246,44.145188],[28.627155,44.145531],[28.62711,44.145702],[28.626969,44.146239],[28.626686,44.147387]]},"properties":{"name":"Strada Viorelelor"}},{"type":"Feature","geometry":{"type":"LineString","coordinates":[[28.626686,44.147387],[28.626761,44.147399],[28.626831,44.147411],[28.626975,44.147435],[28.627324,44.147492],[28.627736,44.14756]]},"properties":{"name":"Strada Pajurei"}},{"type":"Feature","geometry":{"type":"LineString","coordinates":[[28.639363,44.193051],[28.639561,44.192828],[28.639784,44.192574],[28.639816,44.192537],[28.640154,44.192155],[28.640407,44.191869],[28.640452,44.191817],[28.640822,44.191377],[28.640872,44.191319],[28.641023,44.191144],[28.641193,44.190947],[28.641891,44.190115],[28.641929,44.19007],[28.642003,44.189979],[28.642081,44.189888],[28.64287,44.188961],[28.643205,44.188577],[28.643555,44.188176],[28.643663,44.188053],[28.643748,44.187962],[28.644116,44.187568],[28.644551,44.18707],[28.644655,44.186967],[28.644961,44.186692],[28.645082,44.186592],[28.645424,44.186304],[28.645644,44.186128],[28.645787,44.186014],[28.645873,44.185945],[28.646038,44.185816],[28.64611,44.185759],[28.646208,44.185684],[28.646229,44.185668],[28.646393,44.185536],[28.646526,44.185429],[28.646671,44.185312],[28.646685,44.185301],[28.646957,44.185065],[28.647161,44.184888],[28.647503,44.184597],[28.647548,44.184561],[28.648244,44.183984],[28.648265,44.183967],[28.648415,44.183842],[28.64883,44.183503],[28.648992,44.183368],[28.649083,44.18329],[28.649093,44.183282],[28.64954,44.182909],[28.649865,44.182637],[28.649906,44.182602],[28.649962,44.182554],[28.64999,44.182531],[28.650458,44.182142],[28.65082,44.181841],[28.651177,44.181547],[28.651587,44.181211],[28.651775,44.181055],[28.651847,44.181],[28.652138,44.18075],[28.652338,44.18056],[28.65244,44.180453],[28.652534,44.180354],[28.652585,44.180302],[28.653149,44.179713],[28.653185,44.179675],[28.65348,44.17939],[28.653541,44.179329],[28.654402,44.17849],[28.654694,44.178201],[28.655266,44.177711]]},"properties":{"name":"Strada Mircea cel Bătrân"}},{"type":"Feature","geometry":{"type":"LineString","coordinates":[[28.651948,44.197778],[28.651898,44.197766],[28.651545,44.197676],[28.648986,44.197026],[28.648559,44.196915],[28.64845,44.196885],[28.64843,44.196879]]},"properties":{"name":"Strada Ion Rațiu"}},{"type":"Feature","geometry":{"type":"LineString","coordinates":[[28.648288,44.196837],[28.648256,44.196826],[28.648139,44.196785],[28.645432,44.195629],[28.645117,44.195495],[28.643616,44.194855],[28.643445,44.194783],[28.642758,44.194492],[28.642094,44.194211],[28.641433,44.193931],[28.641236,44.193848],[28.640752,44.193643],[28.640069,44.193353],[28.639688,44.193193],[28.639581,44.193146],[28.639471,44.1931],[28.639363,44.193051],[28.639119,44.192939],[28.638677,44.192719],[28.638647,44.192703],[28.638544,44.192651]]},"properties":{"name":"Strada Ion Rațiu"}},{"type":"Feature","geometry":{"type":"LineString","coordinates":[[28.623116,44.205304],[28.622867,44.205698],[28.622773,44.205856],[28.622702,44.206012],[28.622655,44.206153],[28.622632,44.206249],[28.622594,44.206537],[28.622586,44.206765],[28.62261,44.207051],[28.622648,44.207313],[28.622684,44.207477],[28.622773,44.207795],[28.622819,44.207925],[28.62287,44.208043],[28.623001,44.208352],[28.623317,44.208974],[28.623369,44.209068],[28.624049,44.210156],[28.624148,44.210319],[28.624355,44.21066],[28.624438,44.210797]]},"properties":{"name":"Strada Cișmelei"}},{"type":"Feature","geometry":{"type":"LineString","coordinates":[[28.597662,44.232102],[28.597619,44.232008],[28.597408,44.230741],[28.597199,44.229259],[28.597163,44.229059],[28.597103,44.228739],[28.597024,44.228465],[28.596895,44.228256],[28.596801,44.228147],[28.596686,44.228033],[28.595427,44.227148],[28.595264,44.227029],[28.59441,44.226431],[28.593638,44.225888],[28.592474,44.225069],[28.592399,44.225016],[28.59235,44.224982],[28.592318,44.22496],[28.592286,44.224937]]},"properties":{"name":"Strada Alexandru Sahia"}},{"type":"Feature","geometry":{"type":"LineString","coordinates":[[28.597662,44.232102],[28.597828,44.232077],[28.598149,44.232029],[28.598854,44.231929],[28.599008,44.231905],[28.599217,44.231877],[28.599659,44.231811],[28.599792,44.231788],[28.600581,44.231653],[28.600803,44.231593],[28.601162,44.231467],[28.601526,44.231327],[28.601746,44.231262],[28.602032,44.231217],[28.602693,44.231214],[28.602825,44.231213],[28.603283,44.23121],[28.605203,44.231178],[28.605788,44.231178],[28.606054,44.231196],[28.60652,44.231324],[28.60659,44.231343],[28.606805,44.231394],[28.607139,44.231464]]},"properties":{"name":"Strada Santinelei"}},{"type":"Feature","geometry":{"type":"LineString","coordinates":[[28.599792,44.231788],[28.599764,44.231596],[28.599635,44.230443],[28.599518,44.229391],[28.599489,44.229106],[28.599257,44.227047],[28.599126,44.225911],[28.599082,44.22548],[28.598988,44.224941],[28.598921,44.224402],[28.598791,44.223362],[28.598756,44.223057],[28.598721,44.222731],[28.598678,44.222435],[28.598633,44.222127],[28.598549,44.221482],[28.598514,44.221188],[28.598501,44.221084],[28.598494,44.22103],[28.598477,44.220903],[28.598312,44.220783]]},"properties":{"name":"Strada Dumbrăveni"}},{"type":"Feature","geometry":{"type":"LineString","coordinates":[[28.59752,44.220329],[28.597665,44.220394],[28.597691,44.220405],[28.597812,44.220455],[28.597967,44.220473],[28.598079,44.220476],[28.598214,44.220473]]},"properties":{"name":"Strada Krakovia"}},{"type":"Feature","geometry":{"type":"LineString","coordinates":[[28.597358,44.220196],[28.596962,44.219904],[28.596562,44.219608],[28.596334,44.21944],[28.596154,44.219307],[28.595935,44.219146],[28.595733,44.218997],[28.59558,44.218884],[28.595176,44.218586]]},"properties":{"name":"Strada Krakovia"}},{"type":"Feature","geometry":{"type":"LineString","coordinates":[[28.595993,44.218004],[28.595176,44.218586]]},"properties":{"name":"Strada Napoli"}},{"type":"Feature","geometry":{"type":"LineString","coordinates":[[28.628828,44.201964],[28.628572,44.20211],[28.628456,44.20218],[28.62813,44.202375],[28.627949,44.202483],[28.62699,44.203058],[28.626931,44.203093],[28.626641,44.203267],[28.626334,44.203451],[28.625712,44.203823],[28.625457,44.203946],[28.624609,44.204369],[28.624344,44.204482]]},"properties":{"name":"Strada Adamclisi"}},{"type":"Feature","geometry":{"type":"LineString","coordinates":[[28.600451,44.189139],[28.600365,44.189169],[28.600249,44.18923],[28.600133,44.189343]]},"properties":{"name":"Strada Haiducului"}},{"type":"Feature","geometry":{"type":"LineString","coordinates":[[28.597978,44.192511],[28.598129,44.192314],[28.598223,44.192181],[28.598609,44.191635],[28.599082,44.191013],[28.5994,44.190584],[28.599894,44.189866],[28.600026,44.189613],[28.600087,44.189452],[28.600133,44.189343],[28.600197,44.189195],[28.60028,44.189053],[28.600322,44.18899]]},"properties":{"name":"Strada Haiducului"}},{"type":"Feature","geometry":{"type":"LineString","coordinates":[[28.597978,44.192511],[28.596635,44.194319],[28.596374,44.194672],[28.596132,44.194998],[28.596041,44.195121],[28.595289,44.196137],[28.594967,44.196572],[28.594624,44.197035],[28.594221,44.19758],[28.593399,44.198689],[28.592917,44.19934],[28.592834,44.199452],[28.592768,44.199541],[28.592665,44.19968],[28.5925,44.199909],[28.591678,44.201116],[28.59124,44.201922],[28.590753,44.202888]]},"properties":{"name":"DN3C"}},{"type":"Feature","geometry":{"type":"LineString","coordinates":[[28.603585,44.152176],[28.604271,44.151542],[28.604922,44.150939],[28.605153,44.150727],[28.605443,44.150456],[28.606714,44.149276],[28.607367,44.148632],[28.607945,44.14809],[28.608148,44.147899],[28.608211,44.147837],[28.608565,44.14751],[28.609964,44.146188],[28.610283,44.145891],[28.610371,44.145807],[28.610505,44.145678],[28.610675,44.145512],[28.611216,44.144993],[28.6113,44.144969],[28.611355,44.144961],[28.611406,44.144959],[28.611512,44.144968]]},"properties":{"name":"Strada Democrației"}},{"type":"Feature","geometry":{"type":"LineString","coordinates":[[28.611512,44.144968],[28.611627,44.144937],[28.613397,44.144383],[28.61376,44.14427],[28.614044,44.144182],[28.614238,44.144122],[28.617745,44.14305],[28.61819,44.142914],[28.618379,44.142858],[28.618658,44.142773],[28.621856,44.141798],[28.622341,44.141651],[28.622503,44.141613]]},"properties":{"name":"Strada Pandurului"}},{"type":"Feature","geometry":{"type":"LineString","coordinates":[[28.614238,44.144122],[28.613838,44.143729],[28.613352,44.143244],[28.613157,44.14305],[28.612279,44.14218],[28.612,44.141915],[28.611921,44.14182],[28.611855,44.14172],[28.611797,44.141609],[28.611462,44.140853],[28.611099,44.140006],[28.610029,44.137488],[28.609731,44.136822]]},"properties":{"name":"Strada Meșterul Manole"}},{"type":"Feature","geometry":{"type":"LineString","coordinates":[[28.611099,44.140006],[28.612451,44.139705],[28.613755,44.139408],[28.614347,44.139276],[28.614537,44.139233],[28.615033,44.139122],[28.615198,44.139085],[28.616383,44.13882],[28.617682,44.138533],[28.618975,44.138238],[28.61937,44.138148],[28.619522,44.138113],[28.619663,44.138082],[28.619727,44.138067],[28.620282,44.137943],[28.620584,44.137875],[28.620658,44.137861]]},"properties":{"name":"Strada Hatman Luca Arbore"}},{"type":"Feature","geometry":{"type":"LineString","coordinates":[[28.620658,44.137861],[28.620464,44.137483],[28.620429,44.137412],[28.620016,44.136546],[28.619429,44.135328],[28.619293,44.135038],[28.619254,44.13496],[28.619089,44.134642],[28.618283,44.133093],[28.617916,44.132388],[28.617718,44.132008],[28.617649,44.131926],[28.617592,44.131876]]},"properties":{"name":"Șoseaua Mangaliei"}},{"type":"Feature","geometry":{"type":"LineString","coordinates":[[28.620951,44.137833],[28.620847,44.137777],[28.620776,44.137732],[28.620725,44.137694],[28.620666,44.137642],[28.620631,44.137606],[28.620581,44.137551],[28.620552,44.137512],[28.620525,44.137467],[28.619971,44.136288],[28.61959,44.135511],[28.619273,44.13484],[28.619163,44.134637],[28.6181,44.132511],[28.617997,44.1323],[28.617883,44.132027],[28.617847,44.131793]]},"properties":{"name":"Șoseaua Mangaliei"}},{"type":"Feature","geometry":{"type":"LineString","coordinates":[[28.621079,44.137998],[28.621015,44.138127],[28.620995,44.138181],[28.620989,44.138242],[28.620992,44.138308],[28.621004,44.138374],[28.621021,44.138431],[28.621047,44.138495],[28.621112,44.138646],[28.621193,44.138817],[28.621326,44.139079],[28.621532,44.139491],[28.621796,44.14003],[28.62194,44.140327],[28.622066,44.14059],[28.622133,44.140726],[28.622511,44.14149],[28.622567,44.141599],[28.622691,44.141846],[28.623072,44.142581],[28.623346,44.143124],[28.623389,44.143208],[28.62355,44.14353],[28.623852,44.144128],[28.623964,44.144346],[28.624095,44.14457],[28.624127,44.144607],[28.624157,44.144632],[28.624215,44.144667]]},"properties":{"name":"Șoseaua Mangaliei"}},{"type":"Feature","geometry":{"type":"LineString","coordinates":[[28.624144,44.144968],[28.62419,44.145009],[28.624225,44.14504],[28.624309,44.145207],[28.624477,44.145545],[28.624529,44.145652],[28.624629,44.145857],[28.624885,44.146385],[28.625163,44.146956],[28.625458,44.14755],[28.62647,44.149552],[28.626842,44.150289],[28.62768,44.152002],[28.628226,44.153152],[28.628348,44.153404],[28.628501,44.153707],[28.628675,44.154024],[28.628783,44.154216],[28.628835,44.154304],[28.628911,44.15443]]},"properties":{"name":"Șoseaua Mangaliei"}},{"type":"Feature","geometry":{"type":"LineString","coordinates":[[28.623952,44.144749],[28.623911,44.144442],[28.623894,44.144383],[28.623691,44.14397],[28.62348,44.143549],[28.623003,44.142602],[28.622503,44.141613],[28.622447,44.141506],[28.622003,44.14061],[28.621867,44.140335],[28.621725,44.140048],[28.621459,44.13951],[28.621258,44.139097],[28.62105,44.13866],[28.62092,44.138394],[28.620788,44.138128],[28.620749,44.138052]]},"properties":{"name":"Șoseaua Mangaliei"}},{"type":"Feature","geometry":{"type":"LineString","coordinates":[[28.628622,44.157715],[28.628627,44.157956],[28.628634,44.158147],[28.628667,44.158699],[28.62868,44.158921],[28.628719,44.159642],[28.628728,44.15975],[28.628734,44.159817],[28.628752,44.159875],[28.62878,44.159946],[28.628875,44.16015],[28.629089,44.160543],[28.629851,44.161943],[28.629917,44.16208],[28.630012,44.162249],[28.630095,44.162399],[28.630138,44.162478],[28.630493,44.163141],[28.63059,44.16332],[28.630868,44.163873],[28.631219,44.164514],[28.631467,44.164958],[28.631846,44.165631],[28.631996,44.165851],[28.632187,44.166104],[28.632281,44.166188],[28.632399,44.166353],[28.632518,44.166591],[28.632644,44.166864],[28.632698,44.166995],[28.632779,44.167192],[28.632832,44.167376]]},"properties":{"name":"Șoseaua Mangaliei"}},{"type":"Feature","geometry":{"type":"LineString","coordinates":[[28.634477,44.16796],[28.634414,44.167919],[28.634341,44.167882],[28.634164,44.167814],[28.634083,44.167789],[28.63306,44.167477],[28.632924,44.167422],[28.632832,44.167376],[28.63289,44.16764],[28.632952,44.167926],[28.632956,44.167991],[28.632946,44.168086],[28.632862,44.168231],[28.632544,44.168781],[28.632516,44.168864]]},"properties":{"name":"Șoseaua Mangaliei"}},{"type":"Feature","geometry":{"type":"LineString","coordinates":[[28.6174,44.131727],[28.617444,44.131702]]},"properties":{"name":"DN39E"}},{"type":"Feature","geometry":{"type":"LineString","coordinates":[[28.641956,44.215769],[28.641869,44.215893],[28.641498,44.216199],[28.64142,44.21625],[28.641303,44.216327],[28.641059,44.216479],[28.640779,44.216629],[28.640479,44.216772],[28.640048,44.216918],[28.639973,44.216942],[28.63925,44.217168],[28.638931,44.217264],[28.638514,44.217383],[28.6382,44.217469],[28.637516,44.217642],[28.636899,44.217785],[28.636565,44.217861],[28.635444,44.218107],[28.634245,44.218369],[28.633646,44.218507],[28.63317,44.218616],[28.632757,44.218711],[28.632653,44.218734],[28.632075,44.218867],[28.631909,44.2189],[28.631641,44.218973],[28.631504,44.219017],[28.631382,44.219056],[28.630988,44.219243],[28.630632,44.219454],[28.630462,44.21957],[28.630218,44.219754]]},"properties":{"name":"Bulevardul Mamaia"}},{"type":"Feature","geometry":{"type":"LineString","coordinates":[[28.630177,44.218801],[28.630333,44.218849],[28.630447,44.21888],[28.630573,44.218908],[28.630692,44.218922],[28.630788,44.218928],[28.630932,44.21893],[28.631048,44.218922],[28.631251,44.2189],[28.631416,44.218859],[28.631526,44.218832],[28.631797,44.218776],[28.632147,44.218696],[28.633587,44.218376],[28.633706,44.218349],[28.633848,44.218317],[28.634115,44.218258],[28.634191,44.21824],[28.634234,44.218232],[28.634292,44.218219],[28.635118,44.218051],[28.63533,44.218006],[28.635397,44.217992],[28.635519,44.217965],[28.636122,44.217832],[28.636521,44.217744],[28.636754,44.217693],[28.637456,44.217524],[28.638132,44.217343],[28.638797,44.217149],[28.639602,44.216901],[28.639857,44.21682],[28.639945,44.216794],[28.640391,44.216638],[28.640686,44.216506],[28.641284,44.216146],[28.641327,44.216117],[28.641718,44.215848],[28.641832,44.21571]]},"properties":{"name":"Bulevardul Mamaia"}},{"type":"Feature","geometry":{"type":"LineString","coordinates":[[28.642031,44.215662],[28.642172,44.215476],[28.642352,44.215224],[28.642455,44.214997],[28.642525,44.21475],[28.642545,44.21466],[28.642662,44.214169],[28.642682,44.214059],[28.642789,44.213233],[28.642869,44.212717],[28.642899,44.212529],[28.643049,44.211566],[28.643173,44.210805],[28.643214,44.210414],[28.643227,44.210331],[28.643232,44.210299],[28.643289,44.209851],[28.643429,44.208992],[28.643433,44.208957],[28.643474,44.208681],[28.643568,44.208101],[28.643604,44.207878],[28.643685,44.207382],[28.643776,44.206907],[28.643852,44.206635],[28.643864,44.206579],[28.643979,44.206219],[28.644178,44.205722],[28.644267,44.205512],[28.644373,44.205262],[28.644466,44.205069],[28.644518,44.204964],[28.64454,44.20492],[28.644563,44.204873],[28.6446,44.204802],[28.64483,44.204342],[28.64509,44.203818],[28.645311,44.203361],[28.645356,44.203273],[28.645638,44.202693],[28.645675,44.202616],[28.645706,44.202552],[28.645921,44.202114],[28.646225,44.201499],[28.646412,44.201107],[28.646454,44.201016],[28.646481,44.20096],[28.646522,44.200873],[28.64672,44.200439],[28.646895,44.200069],[28.646929,44.199997],[28.647018,44.19981],[28.647121,44.199597],[28.647202,44.199439],[28.647236,44.199369],[28.647495,44.198833],[28.647749,44.19831],[28.647987,44.197815],[28.648209,44.197354],[28.64826,44.197243],[28.648388,44.196969],[28.64843,44.196879],[28.648468,44.196797],[28.648684,44.196336],[28.648786,44.196112],[28.648892,44.195882],[28.649092,44.195427],[28.649284,44.195029],[28.649321,44.194959],[28.649383,44.194839],[28.649635,44.194351],[28.649731,44.194146],[28.649837,44.193926],[28.649898,44.193781],[28.649982,44.193557],[28.650097,44.193203],[28.650298,44.192554],[28.650396,44.19222],[28.650459,44.192015],[28.650478,44.191949],[28.650665,44.191313],[28.650779,44.190926],[28.650839,44.190724],[28.651043,44.190039],[28.651065,44.189954],[28.651084,44.189871],[28.651089,44.18981],[28.65109,44.189608],[28.651083,44.189398],[28.651067,44.189316],[28.651048,44.189241],[28.651004,44.189085],[28.650759,44.188484],[28.650578,44.188091],[28.650351,44.187665],[28.650302,44.187594],[28.649973,44.187238],[28.649717,44.187],[28.649485,44.186833],[28.649184,44.186654],[28.648897,44.186509],[28.647641,44.185972],[28.647454,44.185886],[28.646924,44.185634],[28.646793,44.18557],[28.64676,44.185553],[28.646526,44.185429],[28.646224,44.185228],[28.645905,44.185016],[28.645765,44.184916],[28.645754,44.184907],[28.645624,44.184796],[28.645496,44.184655],[28.645487,44.184645],[28.645436,44.184591],[28.645155,44.184284],[28.644714,44.183807],[28.644494,44.183583],[28.644244,44.183418],[28.644071,44.183312],[28.643731,44.183102],[28.643326,44.182858],[28.643277,44.182829],[28.642895,44.182602],[28.64262,44.182416],[28.642471,44.182278],[28.642402,44.182161],[28.642268,44.181904],[28.642244,44.18186],[28.642203,44.181763],[28.642012,44.181286],[28.641981,44.181208],[28.641837,44.180878],[28.641815,44.180827],[28.641517,44.180178],[28.641475,44.180027],[28.641467,44.179891],[28.641474,44.179626],[28.641487,44.179378],[28.64152,44.178783],[28.641548,44.178162],[28.641549,44.178129],[28.641553,44.178059],[28.641556,44.1779],[28.641558,44.177734],[28.641564,44.177478],[28.641567,44.177369],[28.641534,44.177228]]},"properties":{"name":"Bulevardul Mamaia"}},{"type":"Feature","geometry":{"type":"LineString","coordinates":[[28.641903,44.215623],[28.642009,44.215451]]},"properties":{"name":"Bulevardul Mamaia"}},{"type":"Feature","geometry":{"type":"LineString","coordinates":[[28.642325,44.214822],[28.642336,44.214777],[28.642366,44.214664],[28.642476,44.214059],[28.642527,44.213702],[28.642568,44.213443],[28.642698,44.212584],[28.6427,44.212569],[28.642756,44.212244],[28.642871,44.211558],[28.642895,44.211399],[28.642947,44.211058],[28.642976,44.210866],[28.642986,44.210801],[28.643037,44.21041],[28.643046,44.210346],[28.643054,44.210295],[28.643085,44.210079],[28.643181,44.209422],[28.643267,44.208944],[28.643276,44.20889],[28.643431,44.20796],[28.64344,44.20791],[28.643549,44.207223],[28.643662,44.206619],[28.643682,44.206537],[28.643801,44.20619],[28.643975,44.205766],[28.644012,44.20568],[28.644104,44.205475],[28.64417,44.205337],[28.644212,44.205238],[28.644307,44.205032],[28.644352,44.204944],[28.644386,44.204876],[28.644439,44.204763],[28.644659,44.204301],[28.644871,44.203851],[28.644909,44.20377],[28.645109,44.203327],[28.645159,44.203231],[28.645239,44.203051],[28.64546,44.202651],[28.645531,44.20251],[28.645752,44.202076],[28.645879,44.201813],[28.646012,44.201538],[28.646051,44.201454],[28.646301,44.20092],[28.646546,44.200393],[28.646765,44.199947],[28.646852,44.199765],[28.646865,44.19974],[28.647037,44.199401],[28.64707,44.199337],[28.647433,44.198585],[28.64746,44.19853],[28.647599,44.198269],[28.647845,44.19777],[28.648068,44.19731],[28.648244,44.196933],[28.648288,44.196837],[28.648324,44.196757],[28.648532,44.196293],[28.648744,44.195839],[28.648941,44.195388],[28.649028,44.195196],[28.649252,44.19474],[28.649378,44.194483],[28.649605,44.194013],[28.649661,44.193889],[28.649713,44.19376],[28.649768,44.193617],[28.649816,44.193487],[28.649847,44.193399],[28.649974,44.192983],[28.650124,44.192456],[28.650263,44.191981],[28.65028,44.191926],[28.650311,44.191823],[28.650348,44.191704],[28.650432,44.191416],[28.650592,44.190896],[28.650777,44.190294],[28.650865,44.190031],[28.650886,44.189942],[28.650894,44.189863],[28.650893,44.189679],[28.650874,44.18949],[28.650843,44.189306],[28.650815,44.189186],[28.650734,44.188942],[28.650566,44.18852],[28.650395,44.188114],[28.650321,44.187966],[28.650231,44.187799],[28.650128,44.187649],[28.649829,44.187316],[28.649579,44.187077],[28.649378,44.186927],[28.649085,44.186756],[28.64879,44.186613],[28.647861,44.186229],[28.647549,44.186087],[28.647096,44.185882],[28.646668,44.185686],[28.646643,44.185673],[28.646635,44.185669],[28.646574,44.185635],[28.646393,44.185536],[28.645929,44.185224],[28.64564,44.185033],[28.645628,44.185025],[28.645508,44.1849],[28.645382,44.184734],[28.645373,44.184726],[28.645312,44.184655],[28.644806,44.184074],[28.644607,44.183864],[28.644398,44.183664],[28.644216,44.18355],[28.644,44.183424],[28.643632,44.183201],[28.6429,44.182758],[28.642788,44.18269],[28.642493,44.182494],[28.642334,44.182346],[28.64223,44.182201]]},"properties":{"name":"Bulevardul Mamaia"}},{"type":"Feature","geometry":{"type":"LineString","coordinates":[[28.628573,44.22493],[28.628595,44.224875],[28.628693,44.22437],[28.62882,44.223818],[28.628997,44.222675],[28.629029,44.222463],[28.629055,44.222303],[28.629098,44.222023],[28.62919,44.221464],[28.629213,44.221345],[28.629243,44.22121],[28.629263,44.221132],[28.62929,44.221056],[28.629357,44.220895],[28.629466,44.220691],[28.629677,44.220352],[28.629759,44.220234],[28.629803,44.220179],[28.629865,44.220103],[28.629929,44.220035],[28.63017,44.219798],[28.630218,44.219754],[28.630304,44.219652],[28.630353,44.219586],[28.630395,44.219521],[28.630426,44.219465],[28.630466,44.219395]]},"properties":{"name":"Bulevardul Mamaia"}},{"type":"Feature","geometry":{"type":"LineString","coordinates":[[28.628361,44.224907],[28.628499,44.224606],[28.628568,44.224361],[28.62869,44.223813],[28.628877,44.222667],[28.628894,44.222562],[28.628922,44.222381],[28.628935,44.222294],[28.628977,44.222014],[28.629067,44.221453],[28.62909,44.221334],[28.629108,44.221259],[28.629125,44.221188],[28.62915,44.221102],[28.629177,44.22102],[28.629236,44.220877],[28.629275,44.220792],[28.629349,44.220647],[28.629518,44.220306],[28.629739,44.219942],[28.629916,44.219616],[28.629975,44.219502],[28.629993,44.219447],[28.630012,44.219377],[28.630022,44.219335],[28.630032,44.219264],[28.630033,44.219177],[28.630027,44.219111],[28.630011,44.219037]]},"properties":{"name":"Bulevardul Mamaia"}},{"type":"Feature","geometry":{"type":"LineString","coordinates":[[28.642121,44.181966],[28.642072,44.181854],[28.642057,44.18182],[28.642047,44.181798],[28.641707,44.18103],[28.641345,44.180192],[28.641305,44.18004],[28.641288,44.17991],[28.641298,44.179723],[28.641325,44.179272],[28.641345,44.178962],[28.641398,44.17813],[28.641402,44.178067],[28.641403,44.178038],[28.641411,44.177902],[28.641452,44.177326],[28.641456,44.177266]]},"properties":{"name":"Bulevardul Mamaia"}},{"type":"Feature","geometry":{"type":"LineString","coordinates":[[28.628533,44.225054],[28.628445,44.225172],[28.628364,44.225278],[28.628234,44.225473],[28.627622,44.226604],[28.627452,44.226928],[28.627216,44.227426],[28.627157,44.227543],[28.627129,44.227615],[28.627102,44.227687],[28.627043,44.227839],[28.626641,44.228938],[28.62657,44.229128],[28.626506,44.229304],[28.626465,44.229418],[28.626197,44.230191],[28.626174,44.230256],[28.626122,44.230404],[28.626071,44.23055],[28.62601,44.230732],[28.625884,44.231102],[28.625747,44.23143],[28.625542,44.231866],[28.625379,44.2322],[28.62537,44.232218],[28.625309,44.232338],[28.624896,44.233182],[28.624807,44.233362],[28.624731,44.233516],[28.624711,44.233556],[28.62463,44.23372],[28.624619,44.233743],[28.624367,44.234289],[28.624314,44.234397],[28.624117,44.234766],[28.62405,44.234884],[28.623956,44.23504],[28.623818,44.235238],[28.623769,44.235314],[28.623618,44.235532],[28.623539,44.235647],[28.623447,44.235809],[28.623356,44.235999],[28.62334,44.236034]]},"properties":{"name":"Bulevardul Mamaia"}},{"type":"Feature","geometry":{"type":"LineString","coordinates":[[28.623268,44.236134],[28.623166,44.236233],[28.622857,44.236551],[28.622649,44.2368],[28.622463,44.237062],[28.622369,44.237235],[28.622305,44.237379],[28.622282,44.237434],[28.622217,44.237607],[28.622147,44.237822],[28.622129,44.237879],[28.621834,44.238854],[28.62179,44.238998],[28.621596,44.23964],[28.621364,44.240472],[28.621342,44.240552],[28.6212,44.24106],[28.621176,44.241147],[28.620965,44.241903],[28.620946,44.241971],[28.620923,44.242053],[28.620863,44.242275],[28.620827,44.242407],[28.620805,44.242488],[28.620758,44.242661],[28.620615,44.243184],[28.620481,44.243677],[28.62045,44.243792],[28.620193,44.244736],[28.620054,44.245284],[28.619998,44.245555],[28.619948,44.24586],[28.619863,44.24637],[28.6198,44.246979],[28.619767,44.247321],[28.61969,44.247917],[28.619686,44.24807],[28.619703,44.248182],[28.619728,44.248338],[28.619743,44.248405]]},"properties":{"name":"Bulevardul Mamaia"}},{"type":"Feature","geometry":{"type":"LineString","coordinates":[[28.619712,44.248539],[28.619658,44.248705],[28.619604,44.248859],[28.61957,44.249021],[28.619493,44.249768],[28.61944,44.250253],[28.619408,44.250555],[28.619384,44.250775],[28.61929,44.251647],[28.619048,44.253855],[28.619026,44.254032],[28.619012,44.254146],[28.619004,44.254215],[28.61899,44.254326],[28.618976,44.254438],[28.618953,44.254646],[28.618821,44.255854],[28.618719,44.256788],[28.618703,44.256936],[28.618652,44.2574],[28.618596,44.25791],[28.618566,44.258216],[28.618557,44.258334],[28.61856,44.258385],[28.618569,44.258441],[28.618612,44.258634],[28.618617,44.258657],[28.61862,44.258688]]},"properties":{"name":"Bulevardul Mamaia"}},{"type":"Feature","geometry":{"type":"LineString","coordinates":[[28.618647,44.258799],[28.618609,44.258885],[28.618502,44.259097],[28.618444,44.259259],[28.618433,44.259317],[28.618416,44.259477],[28.618387,44.259732],[28.61837,44.259997],[28.618355,44.260238],[28.618332,44.260805],[28.618338,44.261437],[28.618342,44.262491],[28.618343,44.263083],[28.618344,44.263459],[28.618344,44.263624],[28.61835,44.263794],[28.618367,44.264077],[28.61841,44.264238],[28.618424,44.264272],[28.61844,44.264312],[28.618466,44.264411],[28.618475,44.264489]]},"properties":{"name":"Bulevardul Mamaia"}},{"type":"Feature","geometry":{"type":"LineString","coordinates":[[28.618242,44.264473],[28.618234,44.264245],[28.618245,44.263807],[28.618244,44.263714],[28.618244,44.263624],[28.618243,44.263507],[28.618243,44.263453],[28.61824,44.262981],[28.618238,44.262497],[28.618234,44.261792],[28.618234,44.260802],[28.618249,44.260237],[28.618288,44.259725],[28.618314,44.259464],[28.618329,44.259313],[28.618358,44.259153],[28.618371,44.259081],[28.618395,44.258917],[28.618401,44.25886],[28.6184,44.258801]]},"properties":{"name":"Bulevardul Mamaia"}},{"type":"Feature","geometry":{"type":"LineString","coordinates":[[28.618428,44.258685],[28.618433,44.258449],[28.618443,44.258339],[28.618452,44.25821],[28.618463,44.258107],[28.618487,44.257891],[28.618501,44.257758],[28.618518,44.257606],[28.618562,44.257202],[28.618603,44.256836],[28.618636,44.256527],[28.618647,44.256432],[28.618652,44.25639],[28.618685,44.256104],[28.618688,44.25608],[28.618714,44.255852],[28.618718,44.255816],[28.618722,44.255779],[28.618744,44.255582],[28.61876,44.255435],[28.618806,44.255015],[28.618826,44.254833],[28.618862,44.2545],[28.618869,44.254439],[28.618878,44.254359],[28.618896,44.254208],[28.618913,44.254024],[28.618952,44.253603],[28.619028,44.252912],[28.619051,44.252692],[28.619066,44.252553],[28.619105,44.252203],[28.619166,44.251642],[28.619275,44.250657],[28.619365,44.249798],[28.619458,44.249018],[28.619483,44.248722],[28.619497,44.248563],[28.619503,44.248498]]},"properties":{"name":"Bulevardul Mamaia"}},{"type":"Feature","geometry":{"type":"LineString","coordinates":[[28.619509,44.248413],[28.619548,44.248054],[28.619574,44.247874],[28.619612,44.24758],[28.619623,44.247448],[28.619673,44.247004],[28.619676,44.246973],[28.619755,44.246361],[28.619825,44.245884],[28.619892,44.245539],[28.619926,44.245356],[28.619942,44.24527],[28.619976,44.245136],[28.620365,44.24378],[28.62043,44.243526],[28.620549,44.24306],[28.620574,44.242963],[28.620655,44.242645],[28.6207,44.24247],[28.620754,44.242258],[28.620786,44.242149],[28.620835,44.241957],[28.621148,44.240843],[28.621235,44.240536],[28.621316,44.24023],[28.621483,44.239623],[28.621684,44.238956],[28.621835,44.238416],[28.621875,44.238307],[28.622034,44.237794],[28.6221,44.237588],[28.622165,44.237412],[28.622192,44.237346],[28.622259,44.237205],[28.622363,44.237031],[28.622547,44.236751],[28.622975,44.236182],[28.623042,44.236087],[28.62308,44.236045]]},"properties":{"name":"Bulevardul Mamaia"}},{"type":"Feature","geometry":{"type":"LineString","coordinates":[[28.623156,44.235964],[28.623254,44.235817],[28.623493,44.235487],[28.623687,44.235212],[28.623871,44.234939],[28.623932,44.234849],[28.623995,44.234742],[28.624178,44.234411],[28.624531,44.233685],[28.624608,44.233529],[28.624632,44.23348],[28.624688,44.233364],[28.625047,44.232638],[28.625234,44.232244],[28.62527,44.232175],[28.625335,44.23203],[28.625604,44.231456],[28.625768,44.231053],[28.62586,44.230802],[28.625961,44.230529],[28.626008,44.230385],[28.626026,44.230329],[28.626069,44.230197],[28.626771,44.228243],[28.626894,44.22791],[28.626992,44.227653],[28.627048,44.227519],[28.6271,44.227409],[28.627337,44.226908],[28.627384,44.226817],[28.627511,44.226575],[28.627653,44.226319],[28.628136,44.225451],[28.628184,44.22535],[28.628224,44.225267],[28.6283,44.22506],[28.62832,44.22497]]},"properties":{"name":"Bulevardul Mamaia"}},{"type":"Feature","geometry":{"type":"LineString","coordinates":[[28.60336,44.137464],[28.604342,44.138363],[28.605194,44.139144],[28.605252,44.139197],[28.605382,44.139316],[28.606142,44.140035],[28.606499,44.140374],[28.607071,44.140913],[28.607148,44.140983],[28.608041,44.141842],[28.608157,44.141946],[28.608604,44.142367],[28.608898,44.142636],[28.609197,44.142898],[28.609651,44.143318],[28.609719,44.143381],[28.610136,44.143756],[28.610524,44.1441],[28.610797,44.144332],[28.611271,44.144761],[28.611512,44.144968]]},"properties":{"name":"Strada Comarnic"}},{"type":"Feature","geometry":{"type":"LineString","coordinates":[[28.60336,44.137464],[28.604151,44.137384],[28.605934,44.137206],[28.606473,44.137152],[28.606854,44.137114],[28.607497,44.137048],[28.608053,44.136994],[28.608257,44.136975],[28.609731,44.136822]]},"properties":{"name":"Strada Fântânele"}},{"type":"Feature","geometry":{"type":"LineString","coordinates":[[28.633396,44.169247],[28.633269,44.16921],[28.633062,44.169149],[28.633007,44.169133],[28.632978,44.169124],[28.632935,44.169112],[28.632797,44.168964],[28.632591,44.168891],[28.632516,44.168864]]},"properties":{"name":"Strada Gării"}},{"type":"Feature","geometry":{"type":"LineString","coordinates":[[28.632797,44.168964],[28.632856,44.16887],[28.633021,44.16857]]},"properties":{"name":"Piața Victoriei"}},{"type":"Feature","geometry":{"type":"LineString","coordinates":[[28.632935,44.169112],[28.633033,44.168925],[28.633135,44.168731],[28.633161,44.168701],[28.633196,44.168671],[28.633243,44.168642],[28.633278,44.168626],[28.633427,44.168575],[28.633469,44.168556],[28.633502,44.168529],[28.633521,44.168492],[28.633529,44.168451],[28.633526,44.168419],[28.63351,44.168382],[28.633489,44.168359],[28.633463,44.168339],[28.63341,44.168316],[28.633363,44.168297],[28.633323,44.16829],[28.633288,44.168288],[28.633241,44.168296],[28.633206,44.168309],[28.633174,44.168327],[28.633148,44.168348],[28.63313,44.168371],[28.633073,44.168479]]},"properties":{"name":"Piața Victoriei"}},{"type":"Feature","geometry":{"type":"LineString","coordinates":[[28.632459,44.16897],[28.632516,44.168864]]},"properties":{"name":"Piața Victoriei"}},{"type":"Feature","geometry":{"type":"LineString","coordinates":[[28.633062,44.169149],[28.633003,44.169244]]},"properties":{"name":"Piața Victoriei"}},{"type":"Feature","geometry":{"type":"LineString","coordinates":[[28.63241,44.169062],[28.63244,44.169005]]},"properties":{"name":"Piața Victoriei"}},{"type":"Feature","geometry":{"type":"LineString","coordinates":[[28.61819,44.142914],[28.618256,44.143045],[28.618687,44.143918],[28.619165,44.144881],[28.61955,44.145553]]},"properties":{"name":"Strada Liliacului"}},{"type":"Feature","geometry":{"type":"LineString","coordinates":[[28.624233,44.150685],[28.623962,44.150402],[28.623754,44.150184],[28.623668,44.150094],[28.62356,44.14998],[28.623007,44.149403],[28.621981,44.148328],[28.621794,44.148135],[28.621726,44.148064],[28.621667,44.148001],[28.621588,44.147916],[28.621088,44.147386],[28.621007,44.147293],[28.620851,44.14712],[28.620727,44.14698],[28.620589,44.146828],[28.620574,44.146756],[28.620496,44.146655],[28.620348,44.14647],[28.619824,44.145821],[28.619638,44.145593],[28.61955,44.145553],[28.61956,44.145628],[28.619735,44.145844],[28.620416,44.14669],[28.620498,44.146786],[28.620589,44.146828]]},"properties":{"name":"Prelungirea Liliacului"}},{"type":"Feature","geometry":{"type":"LineString","coordinates":[[28.604882,44.161856],[28.605132,44.162165],[28.605974,44.163236],[28.60604,44.163318],[28.606776,44.164268],[28.606913,44.164449],[28.607089,44.164682],[28.607217,44.164858],[28.607241,44.16489],[28.607557,44.165324],[28.60765,44.165451],[28.607939,44.165838],[28.608067,44.165996]]},"properties":{"name":"Strada Cumpenei"}},{"type":"Feature","geometry":{"type":"LineString","coordinates":[[28.610018,44.170722],[28.610016,44.170589],[28.61007,44.170246]]},"properties":{"name":"Strada Cumpenei"}},{"type":"Feature","geometry":{"type":"LineString","coordinates":[[28.61007,44.170246],[28.610057,44.169935],[28.610018,44.169627],[28.609961,44.169378],[28.609896,44.169133],[28.609784,44.168799],[28.609719,44.168594],[28.609633,44.168362],[28.609406,44.167893],[28.609264,44.167644],[28.609017,44.16727],[28.608694,44.166818],[28.608067,44.165996]]},"properties":{"name":"Pasajul Cumpenei"}},{"type":"Feature","geometry":{"type":"LineString","coordinates":[[28.610024,44.170916],[28.610044,44.170995],[28.610085,44.171167],[28.610101,44.171692],[28.610115,44.172031],[28.610187,44.172166],[28.610204,44.172474],[28.610239,44.172659],[28.610309,44.172839],[28.610398,44.173005],[28.61051,44.173175],[28.610624,44.17332],[28.610732,44.173436],[28.611063,44.173799],[28.611897,44.174663],[28.612064,44.174829],[28.61272,44.175485],[28.613326,44.176071]]},"properties":{"name":"Strada Dezrobirii"}},{"type":"Feature","geometry":{"type":"LineString","coordinates":[[28.614173,44.176773],[28.613755,44.176427],[28.613326,44.176071],[28.613696,44.176494],[28.613733,44.176534],[28.614022,44.176846]]},"properties":{"name":"Strada Dezrobirii"}},{"type":"Feature","geometry":{"type":"LineString","coordinates":[[28.614307,44.176921],[28.614665,44.1773],[28.614793,44.177437],[28.615008,44.177667]]},"properties":{"name":"Strada Dezrobirii"}},{"type":"Feature","geometry":{"type":"LineString","coordinates":[[28.621402,44.184855],[28.621331,44.184759],[28.621087,44.18447],[28.620795,44.184121],[28.620251,44.183471],[28.620198,44.183407],[28.619754,44.182879],[28.619258,44.182282],[28.618844,44.181765],[28.618532,44.181465]]},"properties":{"name":"Strada Dezrobirii"}},{"type":"Feature","geometry":{"type":"LineString","coordinates":[[28.62133,44.184878],[28.621155,44.184827],[28.620794,44.184389],[28.620377,44.183878],[28.619713,44.183066],[28.619245,44.182494],[28.618953,44.182137],[28.618801,44.18192],[28.618532,44.181465],[28.618429,44.181331],[28.618329,44.181194],[28.618257,44.181089],[28.618113,44.180878],[28.61804,44.180768],[28.617917,44.180595],[28.617901,44.180572],[28.61773,44.180345],[28.617658,44.180263],[28.617547,44.180137],[28.617377,44.179944],[28.617309,44.179865],[28.616749,44.179311],[28.615985,44.178591],[28.61583,44.178446],[28.615153,44.177804],[28.615008,44.177667],[28.614994,44.177657],[28.614905,44.177589],[28.614711,44.177434],[28.614155,44.17699]]},"properties":{"name":"Strada Dezrobirii"}},{"type":"Feature","geometry":{"type":"LineString","coordinates":[[28.633509,44.180004],[28.633475,44.180098],[28.633399,44.180336],[28.633334,44.180441],[28.633307,44.180483],[28.633224,44.180617],[28.633141,44.180751],[28.633057,44.180867],[28.632961,44.180958],[28.632857,44.181026],[28.632757,44.181079],[28.631871,44.181376],[28.631684,44.181439],[28.631429,44.181523],[28.631283,44.181572],[28.631167,44.181611],[28.629012,44.182325],[28.628711,44.182422],[28.628144,44.182611],[28.627296,44.182896],[28.626556,44.183141],[28.626461,44.183171],[28.625615,44.18345],[28.624766,44.183729],[28.623939,44.184009],[28.623093,44.184293],[28.622263,44.18457],[28.621936,44.184679],[28.62158,44.184796],[28.621402,44.184855],[28.62133,44.184878],[28.621114,44.184949],[28.620047,44.185296],[28.619095,44.185608],[28.618175,44.185913],[28.617239,44.18622],[28.616281,44.186537],[28.61576,44.186711],[28.61561,44.186762],[28.615539,44.186786],[28.615167,44.186911],[28.615102,44.186935],[28.614713,44.187073],[28.614628,44.187103],[28.614238,44.18725],[28.614023,44.187341],[28.613873,44.187406],[28.613625,44.187525],[28.613277,44.187702],[28.613173,44.187755],[28.611965,44.188371],[28.611883,44.188413],[28.61167,44.188521],[28.611298,44.188711],[28.610709,44.189011],[28.610407,44.189165],[28.609794,44.189477],[28.609374,44.189692],[28.609273,44.189743],[28.609077,44.189843],[28.608503,44.190136],[28.608397,44.190187],[28.60805,44.190366],[28.607941,44.190422],[28.606901,44.190952],[28.606714,44.191048],[28.606241,44.191288],[28.606006,44.191409],[28.605694,44.191568],[28.604763,44.192042],[28.604706,44.192071],[28.604599,44.192125],[28.60423,44.192313],[28.603861,44.192501],[28.603446,44.192711]]},"properties":{"name":"Strada Baba Novac"}},{"type":"Feature","geometry":{"type":"LineString","coordinates":[[28.603046,44.192996],[28.603222,44.192869],[28.603317,44.192802],[28.603446,44.192711],[28.603157,44.192806],[28.603101,44.192821],[28.602973,44.192853]]},"properties":{"name":"Strada Baba Novac"}},{"type":"Feature","geometry":{"type":"LineString","coordinates":[[28.605768,44.211372],[28.607478,44.212546],[28.607719,44.212711],[28.607781,44.212783]]},"properties":{"name":"Strada Alexandria"}},{"type":"Feature","geometry":{"type":"LineString","coordinates":[[28.605552,44.211349],[28.605436,44.211352]]},"properties":{"name":"Strada Alexandria"}},{"type":"Feature","geometry":{"type":"LineString","coordinates":[[28.605593,44.211275],[28.605688,44.211328]]},"properties":{"name":"Strada Alexandria"}},{"type":"Feature","geometry":{"type":"LineString","coordinates":[[28.627448,44.215799],[28.627465,44.215846],[28.627469,44.215856]]},"properties":{"name":"Strada Mărgăritarelor"}},{"type":"Feature","geometry":{"type":"LineString","coordinates":[[28.613564,44.177203],[28.613592,44.177174],[28.613647,44.177128],[28.613716,44.177083],[28.61402,44.176914]]},"properties":{"name":"Strada Eliberării"}},{"type":"Feature","geometry":{"type":"LineString","coordinates":[[28.614121,44.176986],[28.613776,44.177144],[28.6137,44.177169],[28.613633,44.177189],[28.613564,44.177203],[28.613214,44.17738],[28.612417,44.177764],[28.612097,44.177852],[28.611736,44.177876],[28.611353,44.177858],[28.611065,44.177806],[28.61081,44.177736],[28.610571,44.177642],[28.610373,44.177503],[28.610298,44.177443],[28.610183,44.177351],[28.610142,44.177312],[28.609829,44.177015],[28.609092,44.176178],[28.609001,44.17608],[28.608649,44.175723],[28.608571,44.17567],[28.608376,44.175571],[28.608091,44.175447],[28.607896,44.175374],[28.607767,44.175336],[28.607692,44.175326],[28.607576,44.175323],[28.607398,44.175329],[28.607331,44.175323],[28.607277,44.175303]]},"properties":{"name":"Strada Eliberării"}},{"type":"Feature","geometry":{"type":"LineString","coordinates":[[28.614256,44.176795],[28.614576,44.176607],[28.614752,44.176515],[28.615152,44.176328],[28.615355,44.176264],[28.615535,44.17623],[28.615779,44.176208]]},"properties":{"name":"Strada Eliberării"}},{"type":"Feature","geometry":{"type":"LineString","coordinates":[[28.627901,44.177994],[28.627321,44.177862],[28.626998,44.177789],[28.626904,44.177767],[28.626718,44.177725],[28.6263,44.17763],[28.625852,44.177529],[28.62558,44.177467],[28.624737,44.177277],[28.624333,44.177185],[28.623846,44.177073],[28.623752,44.177051],[28.623595,44.177015],[28.623398,44.176971],[28.621596,44.176571],[28.621446,44.176561],[28.620658,44.176506],[28.620022,44.176463],[28.619939,44.176457],[28.619068,44.176402],[28.618154,44.176344],[28.617894,44.176328],[28.616826,44.17626],[28.616702,44.176252],[28.616197,44.17622],[28.615779,44.176208],[28.61563,44.176235],[28.615536,44.176259],[28.615422,44.176298],[28.615209,44.176395],[28.614731,44.176643],[28.614655,44.176685],[28.614316,44.176872]]},"properties":{"name":"Strada Eliberării"}},{"type":"Feature","geometry":{"type":"LineString","coordinates":[[28.609986,44.170881],[28.609692,44.170862],[28.609497,44.170849],[28.609293,44.170837],[28.609149,44.170832],[28.609026,44.17082],[28.608787,44.170774],[28.608547,44.170729]]},"properties":{"name":"Bulevardul I. C. Brătianu"}},{"type":"Feature","geometry":{"type":"LineString","coordinates":[[28.57636,44.168598],[28.576734,44.168649],[28.577019,44.168692],[28.577463,44.168718],[28.577662,44.168731],[28.578404,44.16878],[28.579091,44.168824],[28.579723,44.168865],[28.58074,44.168931],[28.580767,44.168933],[28.581814,44.169001],[28.58204,44.169016],[28.58222,44.169027],[28.58234,44.169035],[28.583168,44.169089],[28.583554,44.169114],[28.584183,44.169155],[28.584993,44.169205],[28.585062,44.16921],[28.586068,44.169278],[28.586757,44.169327],[28.587001,44.169346],[28.587083,44.169353],[28.587547,44.169378],[28.587653,44.169384],[28.587762,44.169391],[28.588132,44.169414],[28.58836,44.169427],[28.588699,44.169449],[28.588991,44.169468],[28.589445,44.169498],[28.589806,44.169521],[28.590072,44.169538],[28.590916,44.169594],[28.590983,44.169599],[28.591049,44.169603],[28.591554,44.169635],[28.591824,44.16965],[28.592448,44.169685],[28.592864,44.16971],[28.592929,44.169713],[28.593414,44.169738]]},"properties":{"name":"Bulevardul I. C. Brătianu"}},{"type":"Feature","geometry":{"type":"LineString","coordinates":[[28.593773,44.16973],[28.593689,44.169732],[28.593414,44.169738],[28.593709,44.169812],[28.593747,44.169828]]},"properties":{"name":"Bulevardul I. C. Brătianu"}},{"type":"Feature","geometry":{"type":"LineString","coordinates":[[28.593951,44.169729],[28.594286,44.169818]]},"properties":{"name":"Bulevardul I. C. Brătianu"}},{"type":"Feature","geometry":{"type":"LineString","coordinates":[[28.60413,44.170425],[28.6041,44.170426],[28.603881,44.170425],[28.603653,44.170423]]},"properties":{"name":"Bulevardul I. C. Brătianu"}},{"type":"Feature","geometry":{"type":"LineString","coordinates":[[28.604219,44.170431],[28.604565,44.17048]]},"properties":{"name":"Bulevardul I. C. Brătianu"}},{"type":"Feature","geometry":{"type":"LineString","coordinates":[[28.60999,44.170752],[28.609898,44.170748],[28.60952,44.170732],[28.609046,44.170708],[28.608547,44.170729],[28.608088,44.1707],[28.607597,44.17067],[28.606558,44.170605],[28.605882,44.170562],[28.605213,44.170521],[28.604921,44.170502],[28.604707,44.170489],[28.604565,44.17048],[28.604334,44.170499],[28.604224,44.17051]]},"properties":{"name":"Bulevardul I. C. Brătianu"}},{"type":"Feature","geometry":{"type":"LineString","coordinates":[[28.610278,44.170738],[28.610474,44.170778],[28.610889,44.17083],[28.611406,44.170854],[28.611561,44.17086],[28.612057,44.170955]]},"properties":{"name":"Bulevardul I. C. Brătianu"}},{"type":"Feature","geometry":{"type":"LineString","coordinates":[[28.615603,44.171161],[28.615537,44.171159],[28.615239,44.171147],[28.614551,44.17112]]},"properties":{"name":"Bulevardul I. C. Brătianu"}},{"type":"Feature","geometry":{"type":"LineString","coordinates":[[28.615734,44.17117],[28.616064,44.171202],[28.616666,44.171256]]},"properties":{"name":"Bulevardul I. C. Brătianu"}},{"type":"Feature","geometry":{"type":"LineString","coordinates":[[28.624895,44.171737],[28.624772,44.171739],[28.624605,44.171743],[28.624309,44.171748]]},"properties":{"name":"Bulevardul I. C. Brătianu"}},{"type":"Feature","geometry":{"type":"LineString","coordinates":[[28.625581,44.171774],[28.625813,44.171825],[28.626014,44.171868]]},"properties":{"name":"Bulevardul I. C. Brătianu"}},{"type":"Feature","geometry":{"type":"LineString","coordinates":[[28.625563,44.171893],[28.626014,44.171868],[28.62713,44.17193],[28.627405,44.171948],[28.627463,44.171952],[28.627715,44.171968],[28.627909,44.171981],[28.628533,44.172021],[28.628752,44.172035],[28.628883,44.172044],[28.629165,44.172062],[28.629793,44.172103],[28.630203,44.172128],[28.630391,44.172141],[28.631494,44.172212],[28.632555,44.172281],[28.632705,44.172291],[28.633972,44.172371],[28.6346,44.172413],[28.63528,44.172457],[28.635655,44.172481],[28.636029,44.172505],[28.636438,44.172532],[28.63662,44.172545],[28.636749,44.172554],[28.636943,44.172568],[28.637359,44.172595],[28.637592,44.17261],[28.638814,44.172689],[28.638991,44.1727],[28.639459,44.17273],[28.640001,44.172765]]},"properties":{"name":"Bulevardul I. C. Brătianu"}},{"type":"Feature","geometry":{"type":"LineString","coordinates":[[28.640481,44.172561],[28.640428,44.172599],[28.640314,44.17266],[28.64021,44.172704],[28.640001,44.172765],[28.640731,44.172832],[28.640851,44.172848]]},"properties":{"name":"Bulevardul I. C. Brătianu"}},{"type":"Feature","geometry":{"type":"LineString","coordinates":[[28.6249,44.171847],[28.624765,44.171824],[28.624515,44.171783],[28.624309,44.171748],[28.624088,44.171734],[28.621334,44.171556],[28.621084,44.171545],[28.620779,44.17152],[28.617565,44.171313],[28.617381,44.171301],[28.617024,44.171278],[28.616666,44.171256],[28.615805,44.171226],[28.615725,44.171224]]},"properties":{"name":"Bulevardul I. C. Brătianu"}},{"type":"Feature","geometry":{"type":"LineString","coordinates":[[28.615595,44.171211],[28.614551,44.17112],[28.614404,44.171108],[28.61314,44.171026],[28.612057,44.170955],[28.611528,44.170956],[28.61088,44.170922],[28.610402,44.170893],[28.610294,44.170886]]},"properties":{"name":"Bulevardul I. C. Brătianu"}},{"type":"Feature","geometry":{"type":"LineString","coordinates":[[28.6041,44.170496],[28.603653,44.170423],[28.603586,44.170419],[28.60355,44.170417],[28.603313,44.170401],[28.602625,44.170357],[28.602566,44.170353],[28.602243,44.170332],[28.601953,44.170314],[28.601773,44.170301],[28.601655,44.170294],[28.601361,44.170277],[28.601312,44.170272],[28.601006,44.170254],[28.60074,44.170236],[28.600542,44.170222],[28.599919,44.170182],[28.599393,44.170149],[28.599183,44.170135],[28.598563,44.170094],[28.59843,44.170086],[28.598373,44.170082],[28.598148,44.170068],[28.597937,44.170054],[28.597891,44.170051],[28.597491,44.170025],[28.597308,44.170013],[28.597099,44.169999],[28.595905,44.169921],[28.595826,44.169916],[28.595425,44.16989],[28.594762,44.169847],[28.594634,44.169839],[28.594454,44.169827],[28.594286,44.169818],[28.594038,44.169841],[28.593963,44.169848]]},"properties":{"name":"Bulevardul I. C. Brătianu"}},{"type":"Feature","geometry":{"type":"LineString","coordinates":[[28.627901,44.177994],[28.628329,44.178151],[28.628676,44.178282],[28.628949,44.178385],[28.629202,44.178483],[28.629517,44.17859],[28.629613,44.178622],[28.629837,44.178697],[28.630124,44.178796],[28.630311,44.17886],[28.632456,44.179558],[28.632886,44.179697],[28.633009,44.179738],[28.633108,44.17977],[28.633189,44.179798]]},"properties":{"name":"Strada Ion Luca Caragiale"}},{"type":"Feature","geometry":{"type":"LineString","coordinates":[[28.633631,44.179908],[28.633506,44.179877],[28.633189,44.179798],[28.63351,44.179988]]},"properties":{"name":"Strada Ion Luca Caragiale"}},{"type":"Feature","geometry":{"type":"LineString","coordinates":[[28.634219,44.180082],[28.633855,44.180068],[28.633731,44.180064]]},"properties":{"name":"Strada Ion Luca Caragiale"}},{"type":"Feature","geometry":{"type":"LineString","coordinates":[[28.633737,44.179941],[28.634219,44.180082],[28.634359,44.180081],[28.635247,44.180103],[28.63565,44.180108],[28.63584,44.18011],[28.635982,44.180112]]},"properties":{"name":"Strada Ion Luca Caragiale"}},{"type":"Feature","geometry":{"type":"LineString","coordinates":[[28.635292,44.184733],[28.635402,44.184744],[28.635558,44.184761],[28.63563,44.18477],[28.63568,44.184777],[28.635742,44.184789],[28.6358,44.184802],[28.635913,44.184843],[28.6378,44.185636],[28.638838,44.186071],[28.639236,44.186239],[28.639357,44.186286],[28.640471,44.186714],[28.640708,44.186805],[28.640867,44.186868],[28.6421,44.187346],[28.642216,44.187393],[28.642299,44.187426],[28.642561,44.187533],[28.642725,44.187608],[28.642737,44.187613],[28.642897,44.187702],[28.643034,44.187768],[28.643048,44.187772],[28.643419,44.187942],[28.643663,44.188053],[28.643798,44.188109],[28.644456,44.188382],[28.645421,44.188783],[28.646452,44.1892],[28.647072,44.189453],[28.647653,44.189686],[28.647764,44.189731],[28.647836,44.189761],[28.647942,44.189805],[28.648438,44.190007],[28.649101,44.190281],[28.650528,44.190872],[28.650569,44.190887],[28.650592,44.190896]]},"properties":{"name":"Strada Nicolae Iorga"}},{"type":"Feature","geometry":{"type":"LineString","coordinates":[[28.651948,44.197778],[28.651906,44.197858],[28.651842,44.197982],[28.651824,44.198015],[28.651806,44.198049],[28.651718,44.198199],[28.651696,44.198237],[28.651673,44.198281],[28.651457,44.198677],[28.651306,44.198938],[28.65117,44.19918],[28.650877,44.199697],[28.650579,44.200219],[28.650264,44.200834],[28.650011,44.201283],[28.649978,44.201346],[28.649731,44.201789],[28.649664,44.20191],[28.649538,44.202136],[28.649494,44.202215],[28.649432,44.202326],[28.649101,44.202919],[28.648842,44.203384],[28.648775,44.203504],[28.64847,44.204051],[28.648237,44.204474],[28.648172,44.204588],[28.64788,44.205109],[28.647578,44.205651],[28.647572,44.205661],[28.647565,44.205674],[28.647253,44.206243],[28.647076,44.206563],[28.646894,44.206897],[28.64682,44.207031],[28.646638,44.207363],[28.646596,44.207712],[28.64659,44.207767],[28.646566,44.207971],[28.646555,44.208097],[28.646535,44.208245],[28.646497,44.20857],[28.646465,44.208822],[28.646447,44.20892],[28.646295,44.20974],[28.64627,44.209874],[28.646162,44.210434],[28.646135,44.210577],[28.64611,44.210707],[28.646106,44.210728],[28.64601,44.211225],[28.64598,44.211385],[28.64593,44.211646],[28.645875,44.211932],[28.645841,44.21211],[28.645768,44.212434],[28.645722,44.212554],[28.645706,44.212569],[28.645587,44.212674],[28.645531,44.212712],[28.645408,44.212796],[28.645166,44.212936],[28.644959,44.213029],[28.644732,44.213107],[28.644439,44.213185],[28.644141,44.213246],[28.643929,44.213278],[28.643586,44.21328],[28.643538,44.213278],[28.642908,44.213239],[28.642789,44.213233]]},"properties":{"name":"Strada Unirii"}},{"type":"Feature","geometry":{"type":"LineString","coordinates":[[28.644563,44.204873],[28.644667,44.204895],[28.645091,44.205001],[28.645219,44.205036],[28.645307,44.205088],[28.645339,44.205117],[28.645398,44.205124],[28.647207,44.205559],[28.647444,44.205619],[28.647578,44.205651],[28.647641,44.205666],[28.647805,44.205707],[28.648583,44.205894],[28.65007,44.206268]]},"properties":{"name":"Strada Zorelelor"}},{"type":"Feature","geometry":{"type":"LineString","coordinates":[[28.645339,44.205117],[28.645255,44.205123],[28.644779,44.205006],[28.644631,44.204971],[28.6446,44.204964],[28.644518,44.204964]]},"properties":{"name":"Strada Zorelelor"}},{"type":"Feature","geometry":{"type":"LineString","coordinates":[[28.638544,44.192651],[28.638405,44.192564],[28.638324,44.192491],[28.638193,44.192308],[28.637884,44.191829],[28.637796,44.191692],[28.63744,44.191142],[28.637048,44.190529],[28.63701,44.19047],[28.636821,44.190177],[28.636434,44.189573],[28.636068,44.189005],[28.636,44.1889]]},"properties":{"name":"Strada Poporului"}},{"type":"Feature","geometry":{"type":"LineString","coordinates":[[28.636,44.1889],[28.635889,44.188876],[28.635554,44.188807],[28.635399,44.188781],[28.634616,44.188648],[28.634568,44.18864],[28.634187,44.188569],[28.63408,44.18855]]},"properties":{"name":"Strada Secerișului"}},{"type":"Feature","geometry":{"type":"LineString","coordinates":[[28.64223,44.182201],[28.642186,44.182176],[28.642121,44.18214],[28.642054,44.182102],[28.641998,44.182066],[28.642062,44.182015],[28.642121,44.181966],[28.642244,44.18186],[28.642265,44.181841],[28.64233,44.181784],[28.642423,44.181709],[28.642564,44.181589],[28.643075,44.181151],[28.64317,44.181069],[28.643465,44.180814],[28.643616,44.180688],[28.644037,44.180327],[28.644487,44.179942],[28.644926,44.179565],[28.645473,44.179097],[28.645564,44.179019],[28.646193,44.178481],[28.646245,44.178437],[28.646303,44.178387],[28.646364,44.178334],[28.647444,44.177411],[28.64804,44.176901],[28.648164,44.176795],[28.648267,44.176706],[28.64907,44.176028],[28.649364,44.175783],[28.649687,44.175513],[28.649768,44.175447],[28.649867,44.175369],[28.649928,44.175334],[28.649997,44.175305],[28.6501,44.175283],[28.650232,44.175272]]},"properties":{"name":"Strada Mihai Viteazu"}},{"type":"Feature","geometry":{"type":"LineString","coordinates":[[28.650232,44.175272],[28.650368,44.175283],[28.650475,44.175299],[28.650575,44.175323],[28.650664,44.175354],[28.651051,44.175519],[28.651122,44.175548],[28.651503,44.175739]]},"properties":{"name":"Strada Traian"}},{"type":"Feature","geometry":{"type":"LineString","coordinates":[[28.651554,44.175763],[28.651618,44.175785],[28.651937,44.175895],[28.653005,44.176344],[28.653413,44.176518],[28.653503,44.176561],[28.653642,44.176633]]},"properties":{"name":"Strada Traian"}},{"type":"Feature","geometry":{"type":"LineString","coordinates":[[28.65167,44.175688],[28.651693,44.175653],[28.651718,44.175612],[28.651855,44.175465],[28.651914,44.17541],[28.651993,44.175361],[28.65205,44.175328],[28.652389,44.175167]]},"properties":{"name":"Strada Termele Romane"}},{"type":"Feature","geometry":{"type":"LineString","coordinates":[[28.657609,44.172843],[28.657707,44.17268],[28.657874,44.172495],[28.658119,44.172229],[28.658374,44.171791],[28.658693,44.171428],[28.658773,44.171337],[28.658793,44.171314],[28.658958,44.171126],[28.659195,44.170931],[28.659393,44.170752],[28.659462,44.170653],[28.659488,44.170602],[28.659508,44.170552],[28.659541,44.17043],[28.659578,44.170339],[28.659599,44.170302],[28.659623,44.170281],[28.659687,44.170247]]},"properties":{"name":"Strada Termele Romane"}},{"type":"Feature","geometry":{"type":"LineString","coordinates":[[28.660459,44.170339],[28.660205,44.170245],[28.660089,44.170206],[28.659916,44.170162],[28.659801,44.170193],[28.659687,44.170247],[28.659744,44.170247],[28.659791,44.170257],[28.659831,44.170274],[28.659854,44.170291],[28.659879,44.170325],[28.659896,44.170369]]},"properties":{"name":"Strada Termele Romane"}},{"type":"Feature","geometry":{"type":"LineString","coordinates":[[28.661347,44.170806],[28.661289,44.170733],[28.661259,44.1707],[28.661211,44.170656],[28.661157,44.17062],[28.661088,44.170585],[28.660459,44.170339],[28.660191,44.170295],[28.660134,44.170292],[28.660078,44.170297],[28.660024,44.170312],[28.659896,44.170369],[28.659853,44.170409],[28.65979,44.170455],[28.659676,44.170532],[28.659644,44.170562],[28.659591,44.170619],[28.659563,44.170653],[28.659486,44.170758],[28.659395,44.170904],[28.659159,44.171213],[28.659103,44.171285],[28.658958,44.171415],[28.658854,44.1715],[28.658319,44.172121],[28.658127,44.172366],[28.657779,44.172707],[28.657609,44.172843],[28.657299,44.173085],[28.657062,44.17325],[28.656949,44.173328],[28.656699,44.173492],[28.65642,44.173651],[28.656103,44.173812],[28.65575,44.173964],[28.652768,44.17503],[28.652552,44.175108],[28.652389,44.175167],[28.652076,44.175251],[28.651962,44.175301],[28.651853,44.175375],[28.65178,44.175444],[28.651629,44.175584],[28.651553,44.175632]]},"properties":{"name":"Strada Termele Romane"}},{"type":"Feature","geometry":{"type":"LineString","coordinates":[[28.661347,44.170806],[28.662522,44.170958],[28.662729,44.170985],[28.662963,44.17103],[28.66321,44.171122],[28.663339,44.171171],[28.663959,44.171589],[28.664407,44.171891]]},"properties":{"name":"Bulevardul Regina Elisabeta"}},{"type":"Feature","geometry":{"type":"LineString","coordinates":[[28.664407,44.171891],[28.664439,44.171961],[28.664438,44.17203],[28.664264,44.172333],[28.664032,44.172682],[28.664005,44.172728]]},"properties":{"name":"Strada Remus Opreanu"}},{"type":"Feature","geometry":{"type":"LineString","coordinates":[[28.664005,44.172728],[28.664011,44.172809],[28.664057,44.172897],[28.664149,44.172968],[28.664482,44.173071],[28.664613,44.173121],[28.664698,44.173183],[28.66472,44.173305],[28.66466,44.17346],[28.664611,44.173559]]},"properties":{"name":"Strada Marinei"}},{"type":"Feature","geometry":{"type":"LineString","coordinates":[[28.664342,44.17392],[28.66445,44.173781],[28.664611,44.173559],[28.664331,44.173559],[28.663972,44.173559],[28.663247,44.173577],[28.663388,44.173699],[28.663655,44.173901],[28.66388,44.174057],[28.663938,44.174093],[28.663978,44.174107],[28.664025,44.174114],[28.66414,44.174104],[28.664194,44.17408],[28.664245,44.174038],[28.664294,44.173981],[28.664342,44.17392]]},"properties":{"name":"Strada Marinei"}},{"type":"Feature","geometry":{"type":"LineString","coordinates":[[28.622846,44.203026],[28.622761,44.202959]]},"properties":{"name":"Strada Tulcei"}},{"type":"Feature","geometry":{"type":"LineString","coordinates":[[28.645564,44.179019],[28.645518,44.17899],[28.64511,44.178741],[28.644681,44.178479],[28.644246,44.178214],[28.643779,44.177929],[28.643376,44.177682],[28.643336,44.177657],[28.643278,44.177622],[28.642883,44.177381],[28.642465,44.177125],[28.641949,44.176811],[28.641875,44.176766]]},"properties":{"name":"Strada Constantin Brătescu"}},{"type":"Feature","geometry":{"type":"LineString","coordinates":[[28.64145,44.177147],[28.641648,44.176961],[28.641728,44.176889],[28.641875,44.176766],[28.641982,44.17668],[28.642494,44.17624],[28.642649,44.176107],[28.64317,44.175659],[28.64369,44.175212],[28.644011,44.174936],[28.644144,44.174822]]},"properties":{"name":"Strada I. Gh. Duca"}},{"type":"Feature","geometry":{"type":"LineString","coordinates":[[28.641372,44.177206],[28.641325,44.177242],[28.641243,44.177303]]},"properties":{"name":"Strada I. Gh. Duca"}},{"type":"Feature","geometry":{"type":"LineString","coordinates":[[28.635982,44.180112],[28.636169,44.180104],[28.636607,44.180085],[28.636786,44.180072],[28.636988,44.180056],[28.637078,44.180049],[28.637226,44.180036],[28.637427,44.180015],[28.637756,44.179969],[28.637874,44.17995],[28.638003,44.179925],[28.638103,44.179903],[28.638188,44.179875],[28.63824,44.17985],[28.638255,44.17984],[28.638292,44.179815],[28.63887,44.179316],[28.639484,44.178804],[28.639909,44.178434],[28.639932,44.178414],[28.640132,44.178244],[28.640808,44.177668],[28.640968,44.177531],[28.641096,44.177422],[28.641243,44.177303],[28.641415,44.177259]]},"properties":{"name":"Strada I. Gh. Duca"}},{"type":"Feature","geometry":{"type":"LineString","coordinates":[[28.610489,44.203091],[28.610776,44.203021]]},"properties":{"name":"Strada Ștefăniță Vodă"}},{"type":"Feature","geometry":{"type":"LineString","coordinates":[[28.623846,44.196585],[28.62377,44.196607],[28.623745,44.196615],[28.623628,44.196648],[28.623557,44.196661],[28.622486,44.19684],[28.622352,44.196863],[28.622232,44.196887],[28.621857,44.196968]]},"properties":{"name":"Strada Ștefăniță Vodă"}},{"type":"Feature","geometry":{"type":"LineString","coordinates":[[28.623877,44.196659],[28.623633,44.196666],[28.623563,44.196678],[28.622492,44.196861],[28.622241,44.196905],[28.621965,44.196951],[28.621857,44.196968],[28.621603,44.197013],[28.621365,44.197073],[28.621025,44.197177],[28.620783,44.197256],[28.620278,44.197461],[28.619891,44.197645],[28.619392,44.197929],[28.61937,44.197943],[28.61888,44.198245],[28.618681,44.198355],[28.618545,44.198431],[28.618327,44.198517],[28.61711,44.199034],[28.616329,44.199366],[28.616,44.199506],[28.615636,44.19966],[28.614697,44.200059],[28.614426,44.200174],[28.614386,44.200197],[28.6142,44.2003],[28.614105,44.200368],[28.61403,44.200422],[28.613943,44.200498],[28.613701,44.200711],[28.613652,44.200754],[28.613564,44.200831],[28.613386,44.200986],[28.613309,44.201054],[28.613256,44.2011],[28.613145,44.201197],[28.612991,44.201317],[28.612001,44.202088],[28.611412,44.202547],[28.611075,44.202803],[28.610907,44.202926],[28.610776,44.203021],[28.610579,44.203167]]},"properties":{"name":"Strada Ștefăniță Vodă"}},{"type":"Feature","geometry":{"type":"LineString","coordinates":[[28.576262,44.168721],[28.576469,44.168846],[28.576535,44.168868],[28.576613,44.168891],[28.57673,44.168901],[28.576863,44.168897],[28.576974,44.168878],[28.577068,44.168855],[28.577463,44.168718]]},"properties":{"name":"Cap linie 48"}},{"type":"Feature","geometry":{"type":"LineString","coordinates":[[28.606576,44.173162],[28.606191,44.173302],[28.606129,44.173327],[28.606049,44.173363],[28.605286,44.173748],[28.603945,44.174431],[28.603868,44.174472],[28.603775,44.174522],[28.603563,44.174628],[28.603248,44.174785],[28.602727,44.175047],[28.602665,44.175077],[28.602205,44.175308],[28.601921,44.17545],[28.601119,44.175841],[28.601025,44.17589],[28.600742,44.176035],[28.600556,44.176131],[28.600174,44.176327],[28.5996,44.176642],[28.598785,44.177091],[28.598585,44.177201],[28.598337,44.177337],[28.597671,44.177672],[28.597059,44.178011],[28.596783,44.178175]]},"properties":{"name":"Strada Nicolae Filimon"}},{"type":"Feature","geometry":{"type":"LineString","coordinates":[[28.63584,44.18011],[28.635851,44.179974],[28.635878,44.17965],[28.635989,44.177414],[28.636006,44.177075],[28.636026,44.176673],[28.636046,44.176185],[28.636187,44.174773],[28.636204,44.174615],[28.6363,44.174089],[28.636393,44.173642],[28.636418,44.173519],[28.636455,44.173342],[28.636545,44.172906],[28.636591,44.172689],[28.63662,44.172545],[28.636643,44.172426],[28.63668,44.172222],[28.636958,44.170692],[28.636974,44.170584],[28.637027,44.170318],[28.637073,44.170119],[28.637157,44.169766],[28.637191,44.169632],[28.637213,44.169515],[28.637223,44.169429],[28.637222,44.169315],[28.637211,44.169222],[28.637182,44.169088],[28.637125,44.168948],[28.63706,44.168821],[28.636962,44.168683],[28.636875,44.168587],[28.636753,44.168484],[28.636289,44.168176],[28.635983,44.167975],[28.635594,44.167735],[28.63539,44.167596]]},"properties":{"name":"Bulevardul 1 Decembrie 1918"}},{"type":"Feature","geometry":{"type":"LineString","coordinates":[[28.636735,44.172633],[28.636749,44.172554],[28.636773,44.172435],[28.636842,44.172075],[28.636874,44.171912],[28.636991,44.171305],[28.637127,44.1706],[28.637177,44.170365],[28.637224,44.170152],[28.637316,44.169805],[28.637377,44.16952],[28.637375,44.169341],[28.637316,44.169085],[28.637265,44.168941],[28.637184,44.168784],[28.637104,44.168653],[28.636938,44.16848],[28.636811,44.16838],[28.635956,44.167835],[28.635715,44.167672],[28.635529,44.167546]]},"properties":{"name":"Bulevardul 1 Decembrie 1918"}},{"type":"Feature","geometry":{"type":"LineString","coordinates":[[28.586657,44.158871],[28.586574,44.159255],[28.586462,44.159757],[28.586305,44.160423],[28.586315,44.16057],[28.586397,44.160673],[28.587252,44.161031],[28.587884,44.161295],[28.588639,44.161611],[28.588817,44.161685],[28.589218,44.161853],[28.590256,44.162287],[28.590426,44.162378],[28.590533,44.162459],[28.590618,44.162623],[28.590619,44.162788],[28.590551,44.163024],[28.590438,44.163412],[28.590419,44.16348],[28.590353,44.163719],[28.590313,44.163867],[28.590312,44.163959],[28.590371,44.164067],[28.590523,44.164127],[28.590709,44.164166],[28.591285,44.16425],[28.591519,44.164284],[28.592407,44.164414],[28.592552,44.164435],[28.592775,44.164465],[28.593126,44.164512],[28.594709,44.164724],[28.595496,44.164829],[28.595779,44.164867],[28.596015,44.1649],[28.596189,44.164925],[28.596367,44.164949],[28.598138,44.165199]]},"properties":{"name":"Strada Celulozei"}},{"type":"Feature","geometry":{"type":"LineString","coordinates":[[28.65007,44.206268],[28.650039,44.206333],[28.649854,44.206722]]},"properties":{"name":"Strada Virgil Coman"}},{"type":"Feature","geometry":{"type":"LineString","coordinates":[[28.649854,44.206722],[28.649905,44.206908],[28.649917,44.207211],[28.649893,44.20734],[28.649828,44.207412],[28.649739,44.207458],[28.649584,44.207514],[28.649446,44.207482],[28.649371,44.20737],[28.649358,44.207287],[28.649403,44.207174],[28.649525,44.207051],[28.649732,44.206865],[28.649854,44.206722]]},"properties":{"name":"Strada Virgil Coman"}},{"type":"Feature","geometry":{"type":"LineString","coordinates":[[28.634085,44.15987],[28.634476,44.160124],[28.634773,44.160288],[28.635139,44.160441],[28.635587,44.160574],[28.636162,44.160695],[28.636632,44.160757],[28.63726,44.160777],[28.637678,44.160748]]},"properties":{"name":"Pasaj superior Poarta 5"}},{"type":"Feature","geometry":{"type":"LineString","coordinates":[[28.653642,44.176633],[28.653671,44.176651],[28.653687,44.176662],[28.654535,44.177226],[28.654719,44.177348],[28.654938,44.177494],[28.65522,44.177681],[28.655266,44.177711]]},"properties":{"name":"Strada Negru Vodă"}}]}